Feature.ID	Kingdom	Phylum	Class	Order	Family	Genus	Species	boot.Kingdom	boot.Phylum	boot.Class	boot.Order	boot.Family	boot.Genus	boot.Species	Assignment
ad6058d9eaeb0b0beb18fd1364492cd3	Bacteria	Bacillota_I	Bacilli_A	NA	NA	NA	NA	100	87	87	67	63	63	63	GTDB r207
2894cf66e8fe24dd47ffcdf45d3aeafa	Bacteria	Bacillota_I	Bacilli_A	NA	NA	NA	NA	100	90	90	74	66	66	66	GTDB r207
5541a2cb381854270ecf7fc47acf66e7	Bacteria	Pseudomonadota	Gammaproteobacteria	Enterobacterales	Vibrionaceae	Vibrio	NA	100	100	100	100	100	100	34	GTDB r207
2413c0238635660f99dccb0708d827b6	Bacteria	Pseudomonadota	Gammaproteobacteria	Enterobacterales	Vibrionaceae	Vibrio	NA	100	100	100	100	100	100	59	GTDB r207
ef3f45feba5e83d4bcecc2ee448e6a91	Bacteria	Bacillota_I	Bacilli_A	NA	NA	NA	NA	100	89	89	74	65	65	65	GTDB r207
a0013f1091bc357e5e684bd28c12b6b3	Bacteria	Pseudomonadota	Gammaproteobacteria	Enterobacterales	Vibrionaceae	Vibrio	NA	100	100	100	100	100	100	69	GTDB r207
694df6c5325fcc0ad52b9e48c8aa5f6c	Bacteria	Pseudomonadota	Gammaproteobacteria	Enterobacterales	Vibrionaceae	Vibrio	NA	100	100	100	100	100	100	43	GTDB r207
96b9871f0e32c20d411fd1fa1935cf43	Bacteria	Pseudomonadota	Gammaproteobacteria	Enterobacterales	Vibrionaceae	Vibrio	NA	100	100	100	100	100	100	41	GTDB r207
14d0c29a49c13e46a0a8bef1324dc43b	Bacteria	Pseudomonadota	Gammaproteobacteria	Enterobacterales	Vibrionaceae	Vibrio	NA	100	100	100	100	100	100	33	GTDB r207
511bded5a4fd38b27ce6103e6045c401	Bacteria	Bacillota_I	Bacilli_A	NA	NA	NA	NA	100	94	94	64	64	12	11	GTDB r207
b4f23108788d74a69f0f08a6edba2cc2	Bacteria	Pseudomonadota	Gammaproteobacteria	Enterobacterales	Vibrionaceae	Vibrio	NA	100	100	100	100	100	100	46	GTDB r207
a1b216d6791af218df41b77aa50d2653	Bacteria	Pseudomonadota	Gammaproteobacteria	Enterobacterales	Vibrionaceae	Vibrio	NA	100	100	100	100	100	100	79	GTDB r207
51982417d86dd665e43a03cfba59832c	Bacteria	Pseudomonadota	Gammaproteobacteria	Enterobacterales	Vibrionaceae	Vibrio	NA	100	100	100	100	100	100	59	GTDB r207
75e12b29a6a456d99220e6b03f7b8a46	Bacteria	Pseudomonadota	Gammaproteobacteria	Enterobacterales	Vibrionaceae	Photobacterium	Photobacterium leiognathi	100	100	100	100	100	97	95	GTDB r207
8b83d8fe35d57ff953bf2d3afae63266	Bacteria	Bacillota_I	Bacilli_A	NA	NA	NA	NA	100	90	90	66	56	56	56	GTDB r207
40f4defefaa68b801112c14e585344c4	Bacteria	NA	NA	NA	NA	NA	NA	100	70	70	66	52	52	52	GTDB r207
2ae254a4c36b222acf63b3ed6b106db4	Bacteria	Pseudomonadota	Gammaproteobacteria	Enterobacterales	Vibrionaceae	Vibrio	NA	100	100	100	100	100	100	38	GTDB r207
74bdfb53b0ae0773b043b4406c01d2bb	Bacteria	Bacillota_I	Bacilli_A	NA	NA	NA	NA	100	87	87	68	62	62	62	GTDB r207
ab0a9f017e70d2d54ae4e8b30d9fd822	Bacteria	Bacillota_I	Bacilli_A	NA	NA	NA	NA	100	87	87	62	57	57	57	GTDB r207
e3fa5c73bbc67f9e79058efe7c55ab90	Bacteria	Bacillota_I	Bacilli_A	NA	NA	NA	NA	100	88	88	66	58	58	58	GTDB r207
4878940224ccbeb2d40b73835c32abfb	Bacteria	Bacillota_I	Bacilli_A	NA	NA	NA	NA	100	92	92	75	65	65	65	GTDB r207
74e72ee62945c8e24bd364b9444248f9	Bacteria	Cyanobacteriota	Cyanobacteriia	PCC-6307	Cyanobiaceae	NA	NA	100	100	100	100	100	59	19	GTDB r207
cec56e7934982bdf9da65873be320aa5	Bacteria	Bacillota	Bacilli	Lactobacillales	Streptococcaceae	Lactococcus	Lactococcus petauri	100	96	96	96	96	96	96	GTDB r207
5989296c8e2dcc12644605dc879373f1	Bacteria	Bacillota_I	Bacilli_A	NA	NA	NA	NA	100	89	89	60	53	53	53	GTDB r207
6266e34a6dc4f80b7dd58dca5cc150f0	Bacteria	Pseudomonadota	Gammaproteobacteria	Enterobacterales	Vibrionaceae	Vibrio	NA	100	100	100	100	100	100	40	GTDB r207
0c2b2fe65db09aea6e4afb44b8458049	Bacteria	Chloroflexota	Anaerolineae	Promineifilales	Promineifilaceae	NA	NA	100	100	100	100	100	66	66	GTDB r207
c8b2e005878bd97a3c81e0b3a82b7325	Bacteria	NA	NA	NA	NA	NA	NA	100	51	51	48	37	32	32	GTDB r207
4091f64f92e8901634675b36e7373781	Bacteria	Pseudomonadota	Alphaproteobacteria	Rhodobacterales	Rhodobacteraceae	NA	NA	100	100	100	100	100	69	38	GTDB r207
5a8fbbced8527a7f25a5fa2e158475c8	Bacteria	Pseudomonadota	Gammaproteobacteria	Enterobacterales	Vibrionaceae	Photobacterium	Photobacterium leiognathi	100	100	100	100	100	97	95	GTDB r207
cb85dd266e09c6713565c11156f61124	Bacteria	Bacillota_I	Bacilli_A	NA	NA	NA	NA	100	89	89	76	70	70	70	GTDB r207
1e10eed64a1131e87acb1e4f8154ddcc	Bacteria	Patescibacteria	Saccharimonadia	Saccharimonadales	NA	NA	NA	100	100	100	100	34	34	34	GTDB r207
df8a3ec41b33eaec944938bc7517be72	Bacteria	Pseudomonadota	Alphaproteobacteria	Rhizobiales	Rhizobiaceae	Aureimonas_A	Aureimonas A sp001425485	100	84	84	84	84	84	84	GTDB r207
673d640f71522d08b6f782564c53941e	Bacteria	NA	NA	NA	NA	NA	NA	100	77	77	75	48	46	46	GTDB r207
8e4124f1efb250d3689ec37495112014	Bacteria	Cyanobacteriota	Cyanobacteriia	PCC-6307	Cyanobiaceae	NA	NA	100	100	100	100	100	53	18	GTDB r207
948a1d9a8609e22b90683b57cab40498	Bacteria	Cyanobacteriota	Cyanobacteriia	PCC-6307	Cyanobiaceae	NIES-981	NIES-981 sp018399015	100	100	100	100	100	97	97	GTDB r207
c86b3fe061b18743d32044ac3ceb10de	Bacteria	Planctomycetota	Planctomycetia	Pirellulales	UBA1268	NA	NA	100	100	100	100	100	71	54	GTDB r207
e1fc95bdb6a36883dd12cd2b4646f7fd	Bacteria	Bacillota_I	Bacilli_A	NA	NA	NA	NA	100	81	81	79	56	56	56	GTDB r207
ada39aef3c279f800f29995e8653b8be	Bacteria	Pseudomonadota	Gammaproteobacteria	Enterobacterales	Vibrionaceae	Vibrio	NA	100	100	100	100	100	100	46	GTDB r207
7db7b5aae8e851dcfab12aed56f2a4e6	Bacteria	Pseudomonadota	Gammaproteobacteria	Burkholderiales	Burkholderiaceae	JADJWR01	JADJWR01 sp016716275	100	100	100	100	100	100	100	GTDB r207
3461332d9483711da6d649d535ced951	Bacteria	Verrucomicrobiota	Verrucomicrobiae	Chthoniobacterales	JACTMZ01	JACTMZ01	JACTMZ01 sp018883245	100	100	100	100	100	100	99	GTDB r207
3487db17486c606c796a8088ba0cdeca	Bacteria	Pseudomonadota	Gammaproteobacteria	Enterobacterales	Vibrionaceae	Vibrio	NA	100	100	100	100	100	100	41	GTDB r207
d0cbba12967aa6d41131aacc0aa5ccd2	Bacteria	Bacteroidota	Bacteroidia	NA	NA	NA	NA	97	86	86	45	45	45	37	GTDB r207
d1737bffaf71827d0080ef0cf69817b3	Bacteria	Cyanobacteriota	Cyanobacteriia	PCC-6307	Cyanobiaceae	Cyanobium	Cyanobium elabens	100	100	100	100	100	100	95	GTDB r207
ad7305b0a7b8dcb82c8bf3a784fb47bb	Bacteria	Pseudomonadota	Gammaproteobacteria	Enterobacterales	Vibrionaceae	Photobacterium	Photobacterium leiognathi	100	100	100	100	100	96	95	GTDB r207
348004baf028a9df19196b86158d2bc5	Bacteria	Verrucomicrobiota	Verrucomicrobiae	Chthoniobacterales	JACTMZ01	JACTMZ01	JACTMZ01 sp018883245	100	100	100	100	100	100	100	GTDB r207
c01a39733a8ceec601e405f8ddf81c7c	Bacteria	Planctomycetota	Planctomycetia	Pirellulales	UBA1268	UBA4655	UBA4655 sp002405515	100	100	100	100	100	99	99	GTDB r207
0fc898ffc52f058cd0d8b69dbaa44456	Bacteria	Pseudomonadota	Alphaproteobacteria	Rhizobiales	Rhizobiaceae	Aureimonas_A	Aureimonas A sp001425485	100	81	81	81	81	81	81	GTDB r207
957595659e619aaa9822f8fe1e3548bd	Bacteria	Bacillota_I	Bacilli_A	NA	NA	NA	NA	100	90	90	63	52	52	52	GTDB r207
ff9e486915549d41fb58c9a69bd77335	Bacteria	Pseudomonadota	Gammaproteobacteria	Enterobacterales	Vibrionaceae	Vibrio	NA	100	100	100	100	100	100	47	GTDB r207
578b2f7ae155bbc0caabd11925d235e5	Bacteria	Pseudomonadota	Gammaproteobacteria	Enterobacterales	Vibrionaceae	Vibrio	NA	100	100	100	100	100	100	46	GTDB r207
2fa20e80aab0ff78a33eb3707fcfa2a5	Bacteria	Pseudomonadota	Gammaproteobacteria	Burkholderiales	Burkholderiaceae	Pelomonas	NA	100	100	100	100	100	86	65	GTDB r207
7366ade3c532d7dd2463ae550c72ee81	Bacteria	Cyanobacteriota	Cyanobacteriia	PCC-6307	Cyanobiaceae	NIES-981	NIES-981 sp018399015	100	100	100	100	100	86	85	GTDB r207
65125493342c8a397adc3dfe5ff7ed93	Bacteria	NA	NA	NA	NA	NA	NA	100	58	58	46	24	24	24	GTDB r207
21b7475111de438abd1232626b72b87c	Bacteria	Cyanobacteriota	Cyanobacteriia	PCC-6307	Cyanobiaceae	Cyanobium	NA	100	100	100	100	100	91	74	GTDB r207
a5cfd5ab8e548ba84aaf7af51098fd34	Bacteria	Cyanobacteriota	Cyanobacteriia	PCC-6307	Cyanobiaceae	NA	NA	100	100	100	100	100	74	70	GTDB r207
be00a205532989c64e15f4454b47f9f4	Bacteria	Pseudomonadota	Gammaproteobacteria	Enterobacterales	Vibrionaceae	Vibrio	NA	100	100	100	100	100	100	46	GTDB r207
150fb4ba2470bd4e72322dc665d73be4	Bacteria	Bacteroidota	Bacteroidia	Chitinophagales	Saprospiraceae	Opimibacter	Opimibacter sp016722045	100	100	100	100	100	100	95	GTDB r207
9654a94fbff11ca589d840f96d391228	Bacteria	Pseudomonadota	Gammaproteobacteria	Enterobacterales	Vibrionaceae	Vibrio	NA	100	100	100	100	100	100	30	GTDB r207
7b76a92b459ccd966ed542f96b5b479e	Bacteria	Planctomycetota	Planctomycetia	Pirellulales	UBA1268	NA	NA	100	100	100	100	100	54	54	GTDB r207
6b53904e5898145618f3d45b974f332f	Bacteria	Pseudomonadota	Alphaproteobacteria	Rhizobiales	Rhizobiaceae	Aureimonas_A	Aureimonas A sp001425485	100	85	85	85	85	85	85	GTDB r207
5954ef9594f3aa835ab237f5c1fd150c	Bacteria	NA	NA	NA	NA	NA	NA	100	34	34	31	31	31	31	GTDB r207
9893d40110aa68c7e54604b0c6838ec4	Bacteria	Cyanobacteriota	Cyanobacteriia	PCC-6307	Cyanobiaceae	NIES-981	NIES-981 sp018399015	100	100	100	100	100	98	98	GTDB r207
d2912a4f751a581d5bbb6847b838600d	Bacteria	Patescibacteria	Saccharimonadia	Saccharimonadales	UBA4665	NA	NA	100	100	100	100	94	52	52	GTDB r207
44c77ed22ee7e81d82f761de99fbeb6e	Bacteria	Cyanobacteriota	Cyanobacteriia	PCC-6307	Cyanobiaceae	NA	NA	100	100	100	100	100	18	18	GTDB r207
b9e4ad115b7e09351d62e135f86f29b3	Bacteria	Planctomycetota	Planctomycetia	Pirellulales	UBA1268	NA	NA	100	100	100	100	100	62	62	GTDB r207
50cbcc45655ddda3eb1872caae3c8640	Bacteria	Bacillota_I	Bacilli_A	NA	NA	NA	NA	100	84	84	75	51	51	51	GTDB r207
615b46cf98fda38242a3ac9975401f94	Bacteria	Pseudomonadota	Gammaproteobacteria	Enterobacterales	Vibrionaceae	Vibrio	NA	100	100	100	100	100	100	23	GTDB r207
cfbcbe4a0a79e1f91ffaccf799163ff7	Bacteria	Pseudomonadota	Alphaproteobacteria	Sphingomonadales	Sphingomonadaceae	Novosphingobium	Novosphingobium sp001898925	100	100	100	100	100	100	93	GTDB r207
4d5e3e676eafaf675a8fb98342121252	Bacteria	NA	NA	NA	NA	NA	NA	100	53	53	46	29	23	23	GTDB r207
0a54f1bb3a751d129365d78bd7c23427	Bacteria	Chloroflexota	Anaerolineae	JAAEKA01	JAAEKA01	JAAEKA01	JAAEKA01 sp029558955	100	100	100	100	100	100	81	GTDB r207
4b9c3303a3cb2634a1cb161028cce3d2	Bacteria	Pseudomonadota	Alphaproteobacteria	Rhodobacterales	Rhodobacteraceae	NA	NA	100	100	100	100	100	50	50	GTDB r207
c71cc1c9bed2e0a59abf461d29882505	Bacteria	Pseudomonadota	Gammaproteobacteria	Steroidobacterales	Steroidobacteraceae	RPQJ01	NA	100	100	100	100	100	100	59	GTDB r207
ea56456464c3e53f0c882d4a164f97d2	Bacteria	Pseudomonadota	Gammaproteobacteria	Enterobacterales	Vibrionaceae	Vibrio	NA	100	100	100	100	100	100	63	GTDB r207
0c41b057005e2932e2e9723b563c237c	Bacteria	Actinomycetota	Acidimicrobiia	Acidimicrobiales	Ilumatobacteraceae	VFMC01	VFMC01 sp963169665	100	100	100	100	100	100	100	GTDB r207
d797c93933fb10a66bda39e3f7e321ea	Bacteria	Patescibacteria	Saccharimonadia	Saccharimonadales	CAIOMD01	JACKGO01	JACKGO01 sp020631975	100	100	100	100	100	91	91	GTDB r207
b7627270402edacf2407b8b4f05b1e33	Bacteria	Pseudomonadota	Gammaproteobacteria	Chromatiales	Chromatiaceae	NA	NA	100	100	100	100	100	27	27	GTDB r207
a64a994896e3a0f6397c8e97fa388f0e	Bacteria	NA	NA	NA	NA	NA	NA	100	40	40	39	39	39	39	GTDB r207
7c4bb2f77df9fd57f8b1f3654b05e294	Bacteria	Planctomycetota	Planctomycetia	Pirellulales	UBA1268	NA	NA	100	100	100	100	100	72	65	GTDB r207
c68fdf476b8ebf5339ef2bbc72330b79	Bacteria	Pseudomonadota	Gammaproteobacteria	Enterobacterales	Vibrionaceae	Photobacterium	Photobacterium leiognathi	100	100	100	100	100	97	94	GTDB r207
4dbdff692d674168a7f9f72e782fa79a	Bacteria	Planctomycetota	Planctomycetia	Pirellulales	UBA1268	CACORA01	NA	100	100	100	100	100	85	74	GTDB r207
e8d8d6d473cab0e13ec011084e9226c0	Bacteria	Pseudomonadota	Gammaproteobacteria	Enterobacterales	Vibrionaceae	Vibrio	NA	100	100	100	100	100	100	47	GTDB r207
e3354c61f350d1a888bed263ebfb160c	Bacteria	Pseudomonadota	Alphaproteobacteria	Rhizobiales	Xanthobacteraceae	U87765	U87765 sp018131225	100	100	100	100	100	100	100	GTDB r207
a14a7798531d2f01dd138d27baafd759	Bacteria	Pseudomonadota	Gammaproteobacteria	Chromatiales	Chromatiaceae	M0108	M0108 sp016714645	100	100	100	100	100	98	91	GTDB r207
f59b0356cf60f589da7fb70b6cf102e5	Bacteria	Pseudomonadota	Gammaproteobacteria	Chromatiales	Chromatiaceae	NA	NA	100	100	100	100	100	38	38	GTDB r207
0db09491296173efe0a6eecccfe218e1	Bacteria	Pseudomonadota	Alphaproteobacteria	Rhodobacterales	Rhodobacteraceae	NA	NA	100	100	100	100	100	66	28	GTDB r207
bc1a26b0c2ae7659476ab0b9a3e2e622	Bacteria	Pseudomonadota	Gammaproteobacteria	Enterobacterales	Vibrionaceae	Vibrio	NA	100	100	100	100	100	100	55	GTDB r207
b3a2a62a3cc70ed2d838c9c47595bda4	Bacteria	Verrucomicrobiota	Verrucomicrobiae	Chthoniobacterales	JACTMZ01	JACTMZ01	JACTMZ01 sp018883245	100	100	100	100	100	100	100	GTDB r207
7798e0de1b5e0e439af9976e71ac6c34	Bacteria	Planctomycetota	Planctomycetia	Isosphaerales	Isosphaeraceae	NA	NA	100	100	100	100	100	37	32	GTDB r207
59b8229826248ee5fb4df694735edc7f	Bacteria	Pseudomonadota	Alphaproteobacteria	Rhodobacterales	Rhodobacteraceae	NA	NA	100	100	100	100	100	55	52	GTDB r207
de72cbb5c39f2afc38e4ddc71e89b7ce	Bacteria	Pseudomonadota	Gammaproteobacteria	Enterobacterales	Vibrionaceae	Photobacterium	Photobacterium leiognathi	100	100	100	100	100	98	95	GTDB r207
74b122c5c10ac9ffafd0163d7141143a	Bacteria	Actinomycetota	Actinomycetes	NA	NA	NA	NA	100	100	100	40	40	17	17	GTDB r207
4fdd585fa617bf4e5e0229d0fbd3c8ab	Bacteria	Cyanobacteriota	Cyanobacteriia	PCC-6307	Cyanobiaceae	NA	NA	100	100	100	100	100	21	21	GTDB r207
ee3659ea926952cabd8f10fc39fa7603	Bacteria	Pseudomonadota	Gammaproteobacteria	Enterobacterales	Vibrionaceae	Vibrio	NA	100	100	100	100	100	100	28	GTDB r207
be700f98755d5245b1370e8b4cc947a6	Bacteria	Cyanobacteriota	Cyanobacteriia	Cyanobacteriales	NA	NA	NA	100	100	100	99	78	73	62	GTDB r207
b7f0884b460ef48cecf6bfa84c7a08c7	Bacteria	Cyanobacteriota	Cyanobacteriia	PCC-6307	Cyanobiaceae	Cyanobium	Cyanobium sp015840715	100	100	100	100	100	100	100	GTDB r207
2d60004a7299019a4f4b815f3e5a4f0f	Bacteria	NA	NA	NA	NA	NA	NA	100	41	28	25	24	24	24	GTDB r207
c788df2ce5fcde77f5bfd755f1f3db4e	Bacteria	Pseudomonadota	Gammaproteobacteria	Enterobacterales	Vibrionaceae	Vibrio	NA	100	100	100	100	100	100	73	GTDB r207
03f9291ea5e82c6d11d1318b72b4b914	Bacteria	Pseudomonadota	Gammaproteobacteria	Steroidobacterales	Steroidobacteraceae	RPQJ01	NA	100	100	100	100	100	99	68	GTDB r207
dba4bc97baba93578658bff7fde8ded0	Bacteria	Bacteroidota	Bacteroidia	NA	NA	NA	NA	98	83	82	46	46	46	27	GTDB r207
362b3b3223238e64b6a61a69eb3eed91	Bacteria	Pseudomonadota	Gammaproteobacteria	Enterobacterales	Vibrionaceae	Photobacterium	Photobacterium leiognathi	100	100	100	100	100	99	97	GTDB r207
510b98c3386bb898fcf8e579fcb0f72e	Bacteria	Cyanobacteriota	Cyanobacteriia	PCC-6307	Cyanobiaceae	NA	NA	100	100	100	100	100	51	17	GTDB r207
f1df2fa82bf6d993248701537937fbc9	Bacteria	Actinomycetota	Actinomycetes	S36-B12	NA	NA	NA	100	100	100	100	78	72	70	GTDB r207
26a4cf3e8f3ecca37af2940fe9adca5c	Bacteria	Planctomycetota	Planctomycetia	Pirellulales	UBA1268	UBA4655	UBA4655 sp002405515	100	100	100	100	100	89	89	GTDB r207
8a12150080b1574edcd0665d86830832	Bacteria	NA	NA	NA	NA	NA	NA	100	66	66	58	41	41	41	GTDB r207
165daa40b31825ffd716c3983bdff485	Bacteria	Pseudomonadota	Alphaproteobacteria	Rhizobiales	Xanthobacteraceae	Bradyrhizobium	NA	100	100	100	100	100	100	14	GTDB r207
4e15934cdfd7add70852dbe54f8de0a7	Bacteria	Pseudomonadota	Gammaproteobacteria	Enterobacterales	Vibrionaceae	Photobacterium	Photobacterium leiognathi	100	100	100	100	100	100	98	GTDB r207
4c22990ca12ee53325ca168f60dc7815	Bacteria	Pseudomonadota	Alphaproteobacteria	Rhodobacterales	Rhodobacteraceae	NA	NA	100	100	100	100	100	57	21	GTDB r207
88aa634f8c424dda6f13d1dd6c32cd83	Bacteria	Actinomycetota	Actinomycetes	Actinomycetales	Demequinaceae	Demequina	NA	100	100	100	100	100	100	29	GTDB r207
493bf8b9d382156715f03975aac459fe	Bacteria	Planctomycetota	Planctomycetia	Pirellulales	Pirellulaceae	NA	NA	100	100	100	100	94	52	52	GTDB r207
a3a623a3075a3c3ef2a150bd9a6fd69f	Bacteria	Pseudomonadota	Gammaproteobacteria	Enterobacterales	Vibrionaceae	Vibrio	NA	100	100	100	100	100	100	42	GTDB r207
f7f03b70d069783414b93ee8dcb80f93	Bacteria	Pseudomonadota	Gammaproteobacteria	Steroidobacterales	Steroidobacteraceae	RPQJ01	NA	100	100	100	100	100	100	56	GTDB r207
a201649a2590b4c29e47b9d4a1db2f3c	Bacteria	Cyanobacteriota	Cyanobacteriia	PCC-6307	Cyanobiaceae	NA	NA	100	100	100	100	100	66	66	GTDB r207
222505b84278457e66d8b99d18c98fd5	Bacteria	Actinomycetota	Actinomycetes	S36-B12	S36-B12	Mxb001	Mxb001 sp004379115	100	100	100	100	100	100	100	GTDB r207
f52b830cbab9554b94a5155fda0e0332	Bacteria	Cyanobacteriota	Cyanobacteriia	PCC-6307	Cyanobiaceae	NIES-981	NIES-981 sp018399015	100	100	100	100	100	96	96	GTDB r207
bd1a44c2ebb9645ebe5aeb6fdc00ee40	Bacteria	Pseudomonadota	Alphaproteobacteria	Rhizobiales	Devosiaceae	Devosia	Devosia marina	100	94	94	86	86	86	86	GTDB r207
dde44e1729b5180c4ca013d28b59c912	Bacteria	Planctomycetota	Planctomycetia	Pirellulales	Pirellulaceae	M30B19	M30B19 sp018402565	100	100	100	100	100	100	100	GTDB r207
d9a720f1f68b6230b75244111ba5996e	Bacteria	Actinomycetota	Acidimicrobiia	Acidimicrobiales	Ilumatobacteraceae	Ilumatobacter	NA	100	100	100	100	100	94	66	GTDB r207
33f0fc6a7445cf8ca0dd92fe473007b0	Bacteria	Pseudomonadota	Gammaproteobacteria	Enterobacterales	Vibrionaceae	Photobacterium	Photobacterium leiognathi	100	100	100	100	100	99	98	GTDB r207
99c5c82d6685113701c18e002cd0fe88	Bacteria	Verrucomicrobiota	Verrucomicrobiae	Chthoniobacterales	JACTMZ01	JACTMZ01	JACTMZ01 sp018883245	100	100	100	100	100	100	99	GTDB r207
387aa9238746cf000812e9a15b90e863	Bacteria	Pseudomonadota	Alphaproteobacteria	Rhodobacterales	Rhodobacteraceae	Gemmobacter_B	Gemmobacter B sp029953595	100	100	100	100	100	100	100	GTDB r207
c8ea3cdf7a198253db2bc089c60a9869	Bacteria	Bacteroidota	Bacteroidia	Cytophagales	Spirosomataceae	Jiulongibacter	Jiulongibacter sediminis	100	100	100	100	100	100	100	GTDB r207
6ba0df6a980fd258c870489d064be058	Bacteria	Planctomycetota	Planctomycetia	Pirellulales	Pirellulaceae	NA	NA	100	100	100	100	95	55	18	GTDB r207
afdbe9e031386745d1f16b390325b314	Bacteria	Pseudomonadota	Alphaproteobacteria	Rhodobacterales	Rhodobacteraceae	NA	NA	100	100	100	100	100	20	20	GTDB r207
a0452dda4148a61a288adaabe46cbf62	Bacteria	Pseudomonadota	Alphaproteobacteria	Rhizobiales	Xanthobacteraceae	Bradyrhizobium	NA	100	100	100	100	100	100	19	GTDB r207
971a565d1517be1e12ebaa3be74c0f1f	Bacteria	Planctomycetota	Planctomycetia	Pirellulales	UBA1268	NA	NA	100	100	100	100	100	79	34	GTDB r207
d968fa9992bb53cd5f91a145df7a40c2	Bacteria	Planctomycetota	Planctomycetia	Pirellulales	Pirellulaceae	Anammoximicrobium	Anammoximicrobium sp012515235	100	100	100	100	100	100	100	GTDB r207
76f887925cb85fd47f8082737fba7c0d	Bacteria	Pseudomonadota	Gammaproteobacteria	Enterobacterales	Vibrionaceae	Photobacterium	Photobacterium leiognathi	100	100	100	100	100	99	98	GTDB r207
506e85ad95109cd5deb58c49c3ace967	Bacteria	Pseudomonadota	Gammaproteobacteria	Steroidobacterales	Steroidobacteraceae	RPQJ01	NA	100	100	100	100	100	100	61	GTDB r207
ad541ff3668b3bf5f55be19cc2afc791	Bacteria	Pseudomonadota	Gammaproteobacteria	Pseudomonadales	Moraxellaceae	Moraxella_A	Moraxella A sp002478835	100	100	100	100	100	100	93	GTDB r207
313606d2943534fdf976ab668b28517f	Bacteria	Actinomycetota	Actinomycetes	S36-B12	NA	NA	NA	100	100	100	98	67	61	55	GTDB r207
0c85996bc090a8a78050000007d4f13a	Bacteria	Pseudomonadota	Gammaproteobacteria	Burkholderiales	Burkholderiaceae	Ralstonia	NA	100	95	95	95	95	80	16	GTDB r207
151e16362436f4e4d08b4d5b45314dab	Bacteria	Pseudomonadota	Gammaproteobacteria	Enterobacterales	Vibrionaceae	Photobacterium	Photobacterium leiognathi	100	100	100	100	100	97	96	GTDB r207
99a951a0284421d43576cb7e419da7ab	Bacteria	Actinomycetota	Actinomycetes	Propionibacteriales	Propionibacteriaceae	Cutibacterium	Cutibacterium acnes	100	100	100	100	100	100	100	GTDB r207
574231b225f18b0f60d66479055e221d	Bacteria	Bacillota_I	Bacilli_A	NA	NA	NA	NA	100	92	92	72	62	62	62	GTDB r207
6b4cca2dfc7b2b6f24831b1de4e8aa67	Bacteria	Pseudomonadota	Gammaproteobacteria	Enterobacterales	Vibrionaceae	Vibrio	NA	100	100	100	100	100	100	27	GTDB r207
c78a82e7c86a2d9fe574e8aac496b290	Bacteria	NA	NA	NA	NA	NA	NA	92	75	75	6	6	6	3	GTDB r207
76e48f7fb7dbddaf763c7ce97d9de11a	Bacteria	Pseudomonadota	Gammaproteobacteria	Enterobacterales	Vibrionaceae	Photobacterium	Photobacterium leiognathi	100	100	100	100	100	99	98	GTDB r207
af8b7f9f96c0b9dacc09a5ad10106a75	Bacteria	Cyanobacteriota	Cyanobacteriia	PCC-6307	Cyanobiaceae	NIES-981	NIES-981 sp018399015	100	100	100	100	100	96	96	GTDB r207
083c15b647bcaa38aaa3784a92b51a4e	Bacteria	Pseudomonadota	Alphaproteobacteria	Rhizobiales	Devosiaceae	Devosia	Devosia marina	100	92	92	89	89	89	89	GTDB r207
01c937df75371ed4a3524230aaf51eab	Bacteria	Pseudomonadota	Gammaproteobacteria	Burkholderiales	Burkholderiaceae	JADJWR01	JADJWR01 sp016716275	100	100	100	100	100	100	100	GTDB r207
46b98b23604cc1327a7eb5ca8ed62a9a	Bacteria	Pseudomonadota	Gammaproteobacteria	Enterobacterales	Vibrionaceae	Photobacterium	Photobacterium leiognathi	100	100	100	100	100	96	95	GTDB r207
a27191c75f73ca8131faf3876249d821	Bacteria	Cyanobacteriota	Cyanobacteriia	PCC-6307	Cyanobiaceae	NA	NA	100	100	100	100	100	12	12	GTDB r207
3dc44f39328335ef9ce9756bb283e113	Bacteria	NA	NA	NA	NA	NA	NA	100	70	70	65	33	26	26	GTDB r207
1c6d32c374ee0320704d96e6e84f690f	Bacteria	Bacillota_I	Bacilli_A	NA	NA	NA	NA	100	80	80	78	61	61	61	GTDB r207
7da800094fafd75b5e2872a0b463d434	Bacteria	Pseudomonadota	Gammaproteobacteria	Enterobacterales	Vibrionaceae	Photobacterium	Photobacterium leiognathi	100	100	100	100	100	97	94	GTDB r207
a4667f73690e8142a11826264a02575d	Bacteria	Cyanobacteriota	Cyanobacteriia	PCC-6307	Cyanobiaceae	NA	NA	100	100	100	100	100	72	70	GTDB r207
e79d663df7d6d3edc342f955bad9d035	Bacteria	Pseudomonadota	Gammaproteobacteria	Chromatiales	Sedimenticolaceae	Thiolapillus	Thiolapillus sp027026755	100	92	92	92	92	92	92	GTDB r207
a7ab3298de0718b6ff839e8fb717a0c2	Bacteria	Pseudomonadota	Gammaproteobacteria	Chromatiales	Chromatiaceae	NA	NA	100	100	100	100	100	16	16	GTDB r207
8cf4519bb16b0442cfe4949c59329f18	Bacteria	Actinomycetota	Actinomycetes	Actinomycetales	Dermatophilaceae	F2B08	F2B08 sp009184895	100	100	100	100	100	100	100	GTDB r207
b11059e8331a4746d31355b9aea52ec9	Bacteria	NA	NA	NA	NA	NA	NA	100	79	79	69	32	20	20	GTDB r207
a3cb056f23103a2297d65ec9f0bafc32	Bacteria	Pseudomonadota	Alphaproteobacteria	Rhizobiales	Aestuariivirgaceae	Aestuariivirga	Aestuariivirga litoralis	100	100	100	100	100	100	87	GTDB r207
34ac9d678c7046021aee3834d5d0f8b8	Bacteria	Bacteroidota	Bacteroidia	Chitinophagales	Saprospiraceae	NA	NA	100	95	95	95	95	36	19	GTDB r207
4be2f728d590d06496596d553818f69c	Bacteria	Pseudomonadota	Gammaproteobacteria	Pseudomonadales	Moraxellaceae	Acinetobacter	Acinetobacter junii	100	100	100	100	100	100	100	GTDB r207
78df35ff42f7fc22d787f49246c40f96	Bacteria	Bacteroidota	Bacteroidia	Flavobacteriales	UJ101	UJ101	UJ101 sp001880285	100	100	100	100	100	100	100	GTDB r207
b2424983aeeab5d41b49553a2d5a8683	Bacteria	Planctomycetota	Planctomycetia	Pirellulales	Pirellulaceae	Pirellula_B	Pirellula B sp018970165	100	100	100	100	100	100	100	GTDB r207
c8d62be8b98afc497465fa7eaf65fe3a	Bacteria	Pseudomonadota	Gammaproteobacteria	Chromatiales	Chromatiaceae	Thiohalocapsa	NA	100	100	100	100	100	92	68	GTDB r207
c17edeee1a4ab15816640e843139d8cd	NA	NA	NA	NA	NA	NA	NA	57	52	52	52	52	52	52	GTDB r207
7a8cace250ca6e05eea69714a7cc2963	Bacteria	Chloroflexota	Anaerolineae	JAAEKA01	JAAEKA01	JAAEKA01	NA	100	100	100	100	100	100	53	GTDB r207
b0c6f990cc0fa052ccb2466e11a2860a	Bacteria	Pseudomonadota	Gammaproteobacteria	Burkholderiales	Casimicrobiaceae	VBCG01	VBCG01 sp016861105	100	100	100	100	100	99	99	GTDB r207
3797cc9add8161b9bb75091f4ae0fa9f	Archaea	Asgardarchaeota	Lokiarchaeia	Sigynarchaeales	SOKP01	SOKP01	SOKP01 sp013375475	100	100	100	100	100	100	100	GTDB r207
ad8bcbd39ef4cc045256de022931d07c	Bacteria	Actinomycetota	Actinomycetes	S36-B12	S36-B12	Mxb001	Mxb001 sp004379115	100	100	100	100	100	100	100	GTDB r207
111bb5cd926797965cebe2dd9b5f79c4	Bacteria	Planctomycetota	Planctomycetia	Pirellulales	Pirellulaceae	Laterigemmans	Laterigemmans baculatus	100	100	100	100	100	100	100	GTDB r207
5e6299a435566fd2dfbf867f2c6a8f59	Bacteria	Pseudomonadota	Alphaproteobacteria	Rhodobacterales	Rhodobacteraceae	NA	NA	100	100	100	100	100	61	32	GTDB r207
9d767ef592f7756b1d73ef936a5c0c35	Bacteria	Chloroflexota	Anaerolineae	CG2-30-64-16	CG2-30-64-16	NA	NA	100	100	100	100	100	72	72	GTDB r207
96c52fb990f5ab82aa593ba3b9e9b71b	Bacteria	Pseudomonadota	Gammaproteobacteria	Enterobacterales	Vibrionaceae	Photobacterium	Photobacterium leiognathi	100	100	100	100	100	100	99	GTDB r207
91af0b92f3f975c74be6876063518f07	Bacteria	Cyanobacteriota	Cyanobacteriia	PCC-6307	Cyanobiaceae	Cyanobium	Cyanobium sp024958655	100	100	100	100	100	100	90	GTDB r207
66de3441cc5683cc01c053cda1a4300f	Bacteria	Bacillota	Bacilli	Staphylococcales	DSM-29158	Abyssicoccus	Abyssicoccus albus	100	100	100	100	100	100	100	GTDB r207
c0502403245a567d3820eb67c91064b0	Bacteria	Pseudomonadota	Gammaproteobacteria	Enterobacterales	Vibrionaceae	Vibrio	NA	100	100	100	100	100	100	55	GTDB r207
f7b9178dbe582281211ef2a9b32b295e	Bacteria	Pseudomonadota	Gammaproteobacteria	Enterobacterales	Vibrionaceae	Vibrio	NA	100	100	100	100	100	100	30	GTDB r207
226cf96645a701341756804c121aed8b	Bacteria	Planctomycetota	Planctomycetia	Pirellulales	UBA1268	NA	NA	100	100	100	100	100	39	38	GTDB r207
476b77b976b61ec9a01d31e97112ef50	Bacteria	Planctomycetota	Planctomycetia	Pirellulales	UBA1268	NA	NA	100	100	100	100	100	43	43	GTDB r207
e24b495a41e713d770507795f4c1f92b	Bacteria	Bacillota_A	Clostridia	Peptostreptococcales	Peptostreptococcaceae	Paraclostridium	Paraclostridium benzoelyticum	100	100	100	100	100	100	96	GTDB r207
9b0203fb4b54f6a4bd0c3dfe82c643c2	Bacteria	Planctomycetota	Planctomycetia	Pirellulales	UBA1268	NA	NA	100	100	100	100	100	47	47	GTDB r207
cf3f6bf92c980817f4a8edbc774fd96c	Bacteria	Planctomycetota	Planctomycetia	Planctomycetales	Planctomycetaceae	SXXK01	SXXK01 sp903921605	100	100	100	100	100	100	100	GTDB r207
f620b52a21a324c71523228ce7cc5526	Bacteria	Pseudomonadota	Gammaproteobacteria	Enterobacterales	Vibrionaceae	Photobacterium	Photobacterium leiognathi	100	100	100	100	100	98	96	GTDB r207
1c31e3176ecb0863a41e2399189ab6b2	Bacteria	Actinomycetota	Acidimicrobiia	Acidimicrobiales	Ilumatobacteraceae	Ilumatobacter	Ilumatobacter sp022843125	100	100	100	100	100	100	86	GTDB r207
3ec71f14e1a37f4dc046dad9a9377186	Bacteria	Planctomycetota	Planctomycetia	Pirellulales	UBA1268	NA	NA	100	100	100	100	100	75	67	GTDB r207
b3b9f6a04213bdcd32aa9ae2e59c2868	Bacteria	Cyanobacteriota	Cyanobacteriia	PCC-6307	Cyanobiaceae	NA	NA	100	100	100	100	100	62	32	GTDB r207
7d8d5f366684402e05871cbe1cd9eb2b	Bacteria	Pseudomonadota	Gammaproteobacteria	Pseudomonadales	Moraxellaceae	Moraxella_A	NA	100	100	100	100	100	100	43	GTDB r207
b45aa8e442d6ec351903fcb0c4a9fd08	Bacteria	Pseudomonadota	Gammaproteobacteria	Enterobacterales	Vibrionaceae	Vibrio	NA	100	100	100	100	100	100	45	GTDB r207
1f96cd105602bfed4fc13f5f05328151	Bacteria	Bacillota_I	Bacilli_A	NA	NA	NA	NA	100	84	84	75	56	56	56	GTDB r207
278eea4852ab7172b2c031984fd4e99c	Bacteria	Pseudomonadota	Alphaproteobacteria	Rhizobiales	Ancalomicrobiaceae	NA	NA	100	100	100	100	98	54	54	GTDB r207
6edb8f184e7ee37d915bbf7d8bd377ae	Bacteria	Bacteroidota	Bacteroidia	Cytophagales	Cyclobacteriaceae	Mariniradius	Mariniradius saccharolyticus	100	100	100	100	100	100	100	GTDB r207
094d0a7d7449d430544ee556bd25d61d	Bacteria	Cyanobacteriota	Cyanobacteriia	PCC-6307	Cyanobiaceae	Vulcanococcus	NA	100	100	100	100	100	97	48	GTDB r207
0402bb5dbb563cb91e3492654b295bea	Bacteria	Planctomycetota	Planctomycetia	Planctomycetales	Planctomycetaceae	SXXK01	NA	100	100	100	100	100	100	44	GTDB r207
48e1539d621557de43322bbd0b4a05ea	Bacteria	Planctomycetota	Planctomycetia	Pirellulales	UBA1268	CACORA01	CACORA01 sp902629495	100	100	100	100	100	99	93	GTDB r207
dab432c770838975ab34fffa0da44c4d	Bacteria	Bacillota	Bacilli	Staphylococcales	Staphylococcaceae	Staphylococcus	Staphylococcus hominis	100	100	100	100	100	100	99	GTDB r207
c508b58dadfeaaa10145205e982ad4e6	Bacteria	Planctomycetota	Planctomycetia	Pirellulales	Pirellulaceae	Aureliella	NA	100	100	100	100	100	100	60	GTDB r207
1c4c50fdfbce9bc5b0de422f78501f63	Bacteria	Bacteroidota	Bacteroidia	Cytophagales	Cyclobacteriaceae	Mariniradius	Mariniradius saccharolyticus	100	100	100	100	100	100	100	GTDB r207
072384e7ed2686f208111c1893b1e426	Bacteria	Patescibacteria	Saccharimonadia	Saccharimonadales	NA	NA	NA	100	100	100	100	65	65	25	GTDB r207
143fbbdcec93a68ba9467d89a1958975	Bacteria	Actinomycetota	Actinomycetes	Actinomycetales	Demequinaceae	Demequina	NA	100	100	100	100	100	100	39	GTDB r207
49f5cebbfc15f99f3ac04fee36160716	Bacteria	Pseudomonadota	Gammaproteobacteria	Chromatiales	Chromatiaceae	M0108	M0108 sp016714645	100	100	100	100	100	98	87	GTDB r207
fca0df3d12ecf5791541b0b7f7a74977	Bacteria	Bacteroidota	Bacteroidia	Flavobacteriales	Weeksellaceae	Cloacibacterium	NA	100	100	100	100	100	86	42	GTDB r207
fca0ac1ff091ed93595039b203bb7e3f	Bacteria	Pseudomonadota	Gammaproteobacteria	Enterobacterales	Vibrionaceae	Photobacterium	Photobacterium leiognathi	100	100	100	100	100	96	96	GTDB r207
dd822b5a2a639a64dd83fb116d89adeb	Bacteria	Pseudomonadota	Gammaproteobacteria	Enterobacterales	Vibrionaceae	Photobacterium	Photobacterium leiognathi	100	100	100	100	100	98	96	GTDB r207
e7c5eedf6360a18f98286f44f7f01b68	Bacteria	Actinomycetota	Actinomycetes	Actinomycetales	Demequinaceae	Demequina	NA	100	100	100	100	100	100	33	GTDB r207
388bcccda111cd2d8d50b84f12f86a1b	Bacteria	Planctomycetota	Planctomycetia	Pirellulales	Pirellulaceae	NA	NA	100	100	100	100	96	55	21	GTDB r207
a718a24728e8de3c8d0adb569be955a8	Bacteria	Planctomycetota	Planctomycetia	Pirellulales	UBA1268	NA	NA	100	100	100	100	100	51	51	GTDB r207
cbdbdddf651e066c5f4081f4ecc3912e	Bacteria	Bacteroidota	Bacteroidia	Chitinophagales	Saprospiraceae	NA	NA	100	95	95	95	95	16	16	GTDB r207
0cc4ced1eb268e8c7bcfc80bd634b8e6	Bacteria	Actinomycetota	Actinomycetes	Mycobacteriales	Mycobacteriaceae	Corynebacterium	Corynebacterium jeddahense	100	100	100	100	100	100	100	GTDB r207
f7aa618a73c37e85a7bc3b8e22eb95a8	NA	NA	NA	NA	NA	NA	NA	60	51	51	51	50	50	50	GTDB r207
d294081ebf861b8f679ca48026a911ef	Bacteria	Pseudomonadota	Gammaproteobacteria	Steroidobacterales	Steroidobacteraceae	RPQJ01	NA	100	100	100	100	100	99	71	GTDB r207
ae287c38c27cb789e37390519e69f09f	Bacteria	Chloroflexota	Anaerolineae	Promineifilales	Promineifilaceae	NA	NA	100	100	100	100	100	65	65	GTDB r207
72ce2b66ba8a8d2d7cc279a96acb412c	Bacteria	Chloroflexota	Anaerolineae	JAAEKA01	JAAEKA01	JAAEKA01	NA	100	100	100	100	100	100	70	GTDB r207
a628b855c4cb4cb72b1d1992b519fd0e	Bacteria	Pseudomonadota	Gammaproteobacteria	Enterobacterales	Shewanellaceae	Shewanella	Shewanella jiangmenensis	100	100	100	100	100	100	100	GTDB r207
ec2e6c6065a507d283a33a1d19ba8db2	Bacteria	NA	NA	NA	NA	NA	NA	99	32	31	28	28	28	28	GTDB r207
d4916d3b1d0867bad37f2e3649aab750	Bacteria	Actinomycetota	Actinomycetes	NA	NA	NA	NA	100	100	100	29	29	29	29	GTDB r207
4482500536da06adb37312a6cd2b60d5	Bacteria	Pseudomonadota	Alphaproteobacteria	Rhizobiales	Rhizobiaceae	Aureimonas_A	Aureimonas A sp001425485	100	90	90	90	90	90	90	GTDB r207
fa30f74717a658ee7b45ee6e1904c7df	Bacteria	Pseudomonadota	Alphaproteobacteria	Rhodobacterales	Rhodobacteraceae	NA	NA	100	100	100	100	100	26	24	GTDB r207
fbaa8f9ef7370d9d90c197bbdc100fc3	Archaea	Asgardarchaeota	Lokiarchaeia	Sigynarchaeales	SOKP01	SOKP01	SOKP01 sp013375475	94	94	94	94	94	94	94	GTDB r207
9bfc571ad2bc9c7dd75f229d5aa70d6a	Bacteria	Pseudomonadota	Alphaproteobacteria	Rhizobiales	Aestuariivirgaceae	Aestuariivirga	Aestuariivirga litoralis	100	100	100	100	100	100	100	GTDB r207
d27ce1241e86cf06e6af3fe401aa2018	Bacteria	Cyanobacteriota	Cyanobacteriia	PCC-6307	Cyanobiaceae	Cyanobium	Cyanobium elabens	100	100	100	100	100	100	93	GTDB r207
ea8298a1ca105f76f7466e4ec5631d33	Bacteria	Actinomycetota	Acidimicrobiia	Acidimicrobiales	Ilumatobacteraceae	Ilumatobacter_A	NA	100	100	100	100	100	89	71	GTDB r207
3b246054fb2c54615a3c20a1fdc1abff	Bacteria	Pseudomonadota	Alphaproteobacteria	Rhizobiales	Hyphomicrobiaceae	Hyphomicrobium_C	Hyphomicrobium C sp002279935	100	100	100	100	100	100	92	GTDB r207
de776c35d76c118cea3dab90bb1ed5ff	Bacteria	Pseudomonadota	Gammaproteobacteria	Enterobacterales	Vibrionaceae	Vibrio	NA	100	100	100	100	100	100	53	GTDB r207
839093c994607879a7ee386bb3ca28f9	Bacteria	Bacteroidota	Bacteroidia	Chitinophagales	Saprospiraceae	NA	NA	100	97	97	97	97	26	26	GTDB r207
59bff6bc6bfff543321f6817fcc7f50e	Bacteria	Patescibacteria	Saccharimonadia	Saccharimonadales	UBA4665	NA	NA	100	100	100	100	100	72	61	GTDB r207
9d7b3ad652b38dfa9a320edafcc7b33a	Bacteria	Pseudomonadota	Gammaproteobacteria	Enterobacterales	Vibrionaceae	Photobacterium	NA	100	100	100	100	100	87	73	GTDB r207
2b57f1ba5c1cb559ac7340a73af90a0b	Bacteria	Pseudomonadota	Gammaproteobacteria	Enterobacterales	Vibrionaceae	Photobacterium	Photobacterium leiognathi	100	100	100	100	100	100	100	GTDB r207
6bf87051168194e1dd86bd7573bf4e12	Bacteria	NA	NA	NA	NA	NA	NA	100	39	39	39	39	39	39	GTDB r207
8d79ade86294ce569833fb479d3a3f74	Bacteria	Cyanobacteriota	Cyanobacteriia	Cyanobacteriales	NA	NA	NA	99	92	92	82	8	7	7	GTDB r207
f781702cb0959c6c7596619485689184	Bacteria	Pseudomonadota	Alphaproteobacteria	Rhodobacterales	Rhodobacteraceae	NA	NA	100	100	100	100	100	47	46	GTDB r207
198ae3f4f2d6b2f24a847b861e9e383b	Bacteria	Actinomycetota	Actinomycetes	Actinomycetales	Dermatophilaceae	F2B08	F2B08 sp009184895	100	100	100	100	100	100	100	GTDB r207
44423c62821284fd4141b0fc65704ab7	Bacteria	Pseudomonadota	Gammaproteobacteria	Chromatiales	Chromatiaceae	Thiococcus	Thiococcus pfennigii	100	100	100	100	100	83	83	GTDB r207
e208b257d1223d221e864ae9a2fc1b3b	Bacteria	Pseudomonadota	Gammaproteobacteria	Enterobacterales	Vibrionaceae	Photobacterium	Photobacterium leiognathi	100	100	100	100	100	99	98	GTDB r207
bc8ee2d71ef4e83670031c3300da8085	Bacteria	Pseudomonadota	Gammaproteobacteria	Enterobacterales	NA	NA	NA	100	100	100	100	59	20	14	GTDB r207
2bc1264607d853b6145911287b5fb51c	Bacteria	Planctomycetota	Planctomycetia	Planctomycetales	Planctomycetaceae	SXXK01	SXXK01 sp903921605	100	100	100	100	100	100	100	GTDB r207
c126cf9b876a96720e5c64e191dbb8cd	Bacteria	Pseudomonadota	Gammaproteobacteria	Enterobacterales	Vibrionaceae	Vibrio	NA	100	100	100	100	100	100	31	GTDB r207
66d12b95e4de67353232439408a33591	Bacteria	NA	NA	NA	NA	NA	NA	100	59	44	36	36	36	36	GTDB r207
c1103a43fe32e74d3c6b1d60be8c7104	Bacteria	Patescibacteria	Microgenomatia	UBA1400	PJMF01	NA	NA	100	100	100	100	100	62	43	GTDB r207
4aaba8650864cda63bba97d56976e76b	Bacteria	Planctomycetota	Planctomycetia	Pirellulales	Pirellulaceae	Pirellula_B	Pirellula B sp021299695	100	100	100	100	100	100	98	GTDB r207
847720c244370e501b12af9c65c888d0	NA	NA	NA	NA	NA	NA	NA	66	23	9	4	2	2	2	GTDB r207
66338fd7bc0665faa2365fd0942dcca8	Bacteria	Planctomycetota	Planctomycetia	Pirellulales	Pirellulaceae	BJ22	BJ22 sp021298375	100	100	100	100	100	100	100	GTDB r207
3876f852fe8971fef2af0762439a8d56	Bacteria	Desulfobacterota	Desulfobacteria	Desulfobacterales	NA	NA	NA	100	100	100	100	39	24	19	GTDB r207
4578e22ff7fdf8bdd5fa3affb35400ad	Bacteria	NA	NA	NA	NA	NA	NA	100	79	79	73	51	51	51	GTDB r207
d90df4edd06af28902c74f0236765b57	Bacteria	NA	NA	NA	NA	NA	NA	100	73	73	66	38	38	38	GTDB r207
640dc4116537373b0e523e72e5991e92	Bacteria	Cyanobacteriota	Cyanobacteriia	PCC-6307	Cyanobiaceae	Cyanobium	Cyanobium elabens	100	100	100	100	100	100	97	GTDB r207
08c1acd2154404d8f413ca2c3c72dcb6	Bacteria	Chloroflexota	Anaerolineae	JAAEKA01	JAAEKA01	JAAEKA01	NA	100	100	100	100	100	100	69	GTDB r207
472c97dbee491c570097ae7aa94c5e01	Bacteria	Pseudomonadota	Gammaproteobacteria	Pseudomonadales	Moraxellaceae	Moraxella_A	Moraxella A sp002478835	100	100	100	100	100	100	97	GTDB r207
209939b99f07e5509fca0831bf76968e	Bacteria	Planctomycetota	Planctomycetia	Pirellulales	UBA1268	NA	NA	100	100	100	100	100	54	54	GTDB r207
dcafcc258171e985d5f550b3914dbe2f	Bacteria	Pseudomonadota	Gammaproteobacteria	Enterobacterales	Vibrionaceae	Vibrio	NA	100	100	100	100	100	100	49	GTDB r207
90bd8fede74766804bf9711af0cfe4b3	Bacteria	Bacteroidota	Bacteroidia	Bacteroidales	Prolixibacteraceae	Draconibacterium	Draconibacterium sp016705335	100	100	100	100	100	100	97	GTDB r207
789a5bba58e2c95f67ca5342af0e41db	Bacteria	Actinomycetota	Acidimicrobiia	UBA5794	ZC4RG35	NA	NA	100	100	100	100	100	45	45	GTDB r207
eb7e325ce32ca7e0187edda525cf773d	Bacteria	NA	NA	NA	NA	NA	NA	100	64	64	48	42	36	36	GTDB r207
3aacfcd175ccbd76e85d1b7fd6487303	Bacteria	Actinomycetota	Acidimicrobiia	Acidimicrobiales	Ilumatobacteraceae	Ilumatobacter	Ilumatobacter sp022843125	100	100	100	100	100	99	89	GTDB r207
06b4c867639b8ad2f7b307f7242c1e8b	Bacteria	Planctomycetota	Planctomycetia	Pirellulales	Pirellulaceae	BJ22	BJ22 sp021298375	100	100	100	100	100	100	100	GTDB r207
5857276e8f58a548dd4a0d9b6cab3661	Bacteria	Pseudomonadota	Gammaproteobacteria	Enterobacterales	Vibrionaceae	Photobacterium	Photobacterium leiognathi	100	100	100	100	100	99	96	GTDB r207
899fca1d87d7ed93d080c99c13386d20	Bacteria	Planctomycetota	Planctomycetia	Pirellulales	UBA1268	NA	NA	100	100	100	100	100	56	56	GTDB r207
a33f1850dcfa640930e4c3872313948f	Bacteria	Bacteroidota	Bacteroidia	Bacteroidales	JAADJA01	JAADJA01	JAADJA01 sp020444515	100	100	100	100	100	100	100	GTDB r207
aecf83ee780a2798255d33f619d56a00	Bacteria	Planctomycetota	Planctomycetia	Pirellulales	Pirellulaceae	Aureliella	NA	100	100	100	100	100	100	49	GTDB r207
3d0ca5dd00d17ce257c5d170d02157ea	Bacteria	Actinomycetota	Actinomycetes	Actinomycetales	Actinomycetaceae	NA	NA	100	100	100	100	82	29	16	GTDB r207
2b372504519bdebcb4e41a2eae846425	Bacteria	Pseudomonadota	Alphaproteobacteria	Sphingomonadales	Sphingomonadaceae	Sphingomonas	Sphingomonas sp020707215	100	100	100	100	100	100	82	GTDB r207
f2b3407388e7c6e41c91bd141b173337	Bacteria	Bacillota	Bacilli	Staphylococcales	Staphylococcaceae	Staphylococcus	Staphylococcus hominis	100	100	100	100	100	100	100	GTDB r207
d6b61a7946064d6a3c8a5ce436e453f0	Bacteria	Pseudomonadota	Gammaproteobacteria	Steroidobacterales	Steroidobacteraceae	RPQJ01	NA	100	100	100	100	100	100	46	GTDB r207
6299ee198acf63a1c998350ea4fb7147	Bacteria	Pseudomonadota	Gammaproteobacteria	Enterobacterales	Vibrionaceae	Vibrio	NA	100	100	100	100	100	100	32	GTDB r207
7dc3c97f774d542d28a81f6b4fa8671b	Bacteria	Planctomycetota	Planctomycetia	Pirellulales	Pirellulaceae	BJ22	BJ22 sp021298375	100	100	100	100	100	100	100	GTDB r207
e85c8a2443d457f964f059e7a8097c49	Bacteria	Pseudomonadota	Alphaproteobacteria	Rhizobiales	Hyphomicrobiaceae	NA	NA	100	100	100	100	100	38	34	GTDB r207
f26a89f4930a26ab6a08f7db381e593c	Bacteria	Chloroflexota	Anaerolineae	Aggregatilineales	Phototrophicaceae	Flexifilum	Flexifilum sp001567085	100	100	100	100	100	95	81	GTDB r207
e96e642938e0f8512725864597cde805	Bacteria	Cyanobacteriota	Cyanobacteriia	PCC-6307	Cyanobiaceae	NA	NA	100	100	100	100	100	43	43	GTDB r207
0026c35d05b567e930cb2d95c7eabfcf	Bacteria	Pseudomonadota	Gammaproteobacteria	Steroidobacterales	Steroidobacteraceae	RPQJ01	NA	100	100	100	100	100	100	50	GTDB r207
6e9cda2910d6ba3e8defad18546ed947	Bacteria	Planctomycetota	Planctomycetia	Pirellulales	UBA1268	UBA4655	UBA4655 sp002405515	100	100	100	100	100	100	100	GTDB r207
e2af6ab84e80967faab3784184b3e9ae	Bacteria	Bacillota	Bacilli	Staphylococcales	Staphylococcaceae	Staphylococcus	Staphylococcus hominis	100	99	99	99	99	99	99	GTDB r207
f3d396ea47c6cb63325cfe812802e83b	Bacteria	Planctomycetota	Planctomycetia	Pirellulales	UBA1268	NA	NA	100	100	100	100	100	38	38	GTDB r207
361e0cd0a9209583dfb5a9cde93fe7bd	Bacteria	Bacillota_I	Bacilli_A	NA	NA	NA	NA	100	81	81	73	53	53	53	GTDB r207
4182e0f685e490261e49ccb2b9b55d2f	Bacteria	Pseudomonadota	Alphaproteobacteria	Rhodobacterales	Rhodobacteraceae	NA	NA	100	100	100	100	100	74	74	GTDB r207
151aa7593eb554d3db6a1c3711c02a17	Bacteria	Bacillota_I	Bacilli_A	NA	NA	NA	NA	100	89	89	55	48	48	48	GTDB r207
9d05090aaf434b9a71afb543272b531c	Bacteria	Pseudomonadota	Gammaproteobacteria	Enterobacterales	Vibrionaceae	Vibrio	NA	100	100	100	100	100	100	47	GTDB r207
5e190c29e35726afe9abce52296fcbb2	Bacteria	NA	NA	NA	NA	NA	NA	100	73	72	71	71	71	71	GTDB r207
0853d4bb818068425ee74af092745b35	Bacteria	Patescibacteria	Saccharimonadia	Saccharimonadales	NA	NA	NA	100	100	100	100	68	68	33	GTDB r207
f7ad9cef0c7912ecb848fc2cde14bb7f	Bacteria	Pseudomonadota	Alphaproteobacteria	Rhodobacterales	Rhodobacteraceae	NA	NA	100	100	100	100	100	40	38	GTDB r207
bc7c8d24e0e4640584ff1df44224deac	Bacteria	Pseudomonadota	Gammaproteobacteria	Enterobacterales	Vibrionaceae	Vibrio	NA	100	100	100	100	100	100	39	GTDB r207
35c48988b2177f036f12eadbf3fb2bac	Bacteria	Bacteroidota	Bacteroidia	Bacteroidales	Prolixibacteraceae	Draconibacterium	Draconibacterium sp016705335	100	100	100	100	100	100	100	GTDB r207
8ad8b930f4b979b599ea5f7e354a74ee	Bacteria	Pseudomonadota	Gammaproteobacteria	Steroidobacterales	Steroidobacteraceae	13-2-20CM-66-19	13-2-20CM-66-19 sp028293765	100	100	100	100	100	100	100	GTDB r207
581af7e3159cd14ec72288ea79f47e3e	Bacteria	Planctomycetota	Planctomycetia	Pirellulales	Lacipirellulaceae	NA	NA	100	100	100	100	98	38	36	GTDB r207
5e18960b1ecb9d20213fa7b5ebb36999	Bacteria	Pseudomonadota	Alphaproteobacteria	Rhodobacterales	Rhodobacteraceae	Tabrizicola	Tabrizicola sp005222785	100	100	100	100	100	100	100	GTDB r207
be0972f84078ff520d072777c97bfe1d	Bacteria	Pseudomonadota	Gammaproteobacteria	Chromatiales	Chromatiaceae	NA	NA	100	100	100	100	100	30	30	GTDB r207
7ec345b25950487fce5263707c23c7a7	Bacteria	Pseudomonadota	Gammaproteobacteria	Enterobacterales	Vibrionaceae	Vibrio	NA	100	100	100	100	100	100	62	GTDB r207
35b0d43cee6a6f136c6b9fa64ed3b972	Bacteria	Pseudomonadota	Alphaproteobacteria	Rhizobiales	Rhizobiaceae	NA	NA	100	91	91	91	91	34	25	GTDB r207
d3b79e6b97a87d2860977d173709de27	Bacteria	Actinomycetota	Acidimicrobiia	Acidimicrobiales	Microtrichaceae	IMCC26207	NA	100	100	100	100	100	86	57	GTDB r207
b9228090103e2c4cd9af7a4482906f26	Bacteria	Pseudomonadota	Gammaproteobacteria	Steroidobacterales	Steroidobacteraceae	RPQJ01	NA	100	100	100	100	100	100	67	GTDB r207
28e7a561c8f1428aaf17bf74a5de9663	Bacteria	NA	NA	NA	NA	NA	NA	100	73	73	65	42	42	42	GTDB r207
7f31f14a26f5ce9bf7bf83e6a6f70524	Bacteria	Actinomycetota	Actinomycetes	S36-B12	NA	NA	NA	100	100	100	92	66	64	62	GTDB r207
8b5bd706b13c0022ff07b5a183a148e5	Bacteria	Pseudomonadota	Gammaproteobacteria	Burkholderiales	Thiobacillaceae	Thiobacillus	NA	100	100	100	100	100	100	46	GTDB r207
83093dbdff00f5e6bbae3ea805037152	Bacteria	Patescibacteria	Saccharimonadia	Saccharimonadales	CAIOMD01	JACKGO01	JACKGO01 sp020631975	100	100	100	100	100	97	97	GTDB r207
a8facf57781b8b4fe4b3297a2467a06d	Bacteria	Actinomycetota	Acidimicrobiia	Acidimicrobiales	Iamiaceae	NA	NA	100	100	100	100	100	63	63	GTDB r207
99e36c2b94ad6584398ea586d300f23f	Bacteria	Chloroflexota	Anaerolineae	Anaerolineales	UBA4823	NA	NA	100	100	100	100	100	50	50	GTDB r207
9168d223e2a30334c8144be65e2ae0aa	Bacteria	Patescibacteria	Saccharimonadia	Saccharimonadales	CAIOMD01	JACKGO01	JACKGO01 sp020631975	100	100	100	100	100	100	100	GTDB r207
00aa47f7f2a84ded54bdfedc2fca3e9c	Bacteria	Planctomycetota	Planctomycetia	Pirellulales	UBA1268	QWPN01	NA	100	100	100	100	100	81	43	GTDB r207
46dd0c1c0d30d0d78a409f942a026a1f	Bacteria	Planctomycetota	Planctomycetia	Pirellulales	UBA1268	CACORA01	CACORA01 sp902629495	100	100	100	100	100	94	91	GTDB r207
d4dc3cb38a9c5f79e7284529dbd59922	Bacteria	Pseudomonadota	Alphaproteobacteria	Rhizobiales	Rhizobiaceae	NA	NA	100	99	99	99	99	47	25	GTDB r207
87b0bc17694788a20c3613c107b1100b	Bacteria	Chloroflexota	Limnocylindria	Limnocylindrales	CSP1-4	CTSoil-043	CTSoil-043 sp021802585	100	100	100	100	100	100	100	GTDB r207
3130a5da0e54dbcd57023245faf7d029	Bacteria	Planctomycetota	Planctomycetia	Planctomycetales	Planctomycetaceae	NA	NA	100	100	100	100	100	70	70	GTDB r207
43429943576e408e704d34d36867624d	Bacteria	NA	NA	NA	NA	NA	NA	89	38	14	5	4	4	4	GTDB r207
2030031b981ad822b099c5deddead2fc	Bacteria	Chloroflexota	Anaerolineae	Caldilineales	Caldilineaceae	NA	NA	100	100	100	100	100	62	62	GTDB r207
feea92aff041b9d1a974596832f20d67	Bacteria	Pseudomonadota	Alphaproteobacteria	Rhodobacterales	Rhodobacteraceae	NA	NA	100	100	100	100	100	41	41	GTDB r207
1092fc7185198326b62527b6b47e13b7	Bacteria	Cyanobacteriota	Cyanobacteriia	PCC-6307	Cyanobiaceae	NIES-981	NIES-981 sp018399015	100	100	100	100	100	94	94	GTDB r207
736a89d1c752c8792397ceef983208b7	Bacteria	NA	NA	NA	NA	NA	NA	99	35	17	14	14	14	14	GTDB r207
0cdea24e653a3f7ae09cd2c15d19adb1	Bacteria	Cyanobacteriota	Cyanobacteriia	PCC-6307	Cyanobiaceae	NA	NA	100	100	100	100	100	36	36	GTDB r207
467164f4fa43b7febd15b968e5c43016	Bacteria	Patescibacteria	Saccharimonadia	Saccharimonadales	CAIOMD01	JACKGO01	JACKGO01 sp020631975	100	100	100	100	100	96	96	GTDB r207
31acc40defec8c8edcc1c1c6399684a2	Bacteria	Pseudomonadota	Gammaproteobacteria	Chromatiales	Chromatiaceae	NA	NA	100	100	100	100	100	75	75	GTDB r207
21fada2e1d46d41a2085ee52e233d3ae	Bacteria	Bacteroidota	Bacteroidia	Chitinophagales	Saprospiraceae	NA	NA	100	99	99	99	97	14	14	GTDB r207
a1f0ee849d0226f453733fdbe2e1315b	Bacteria	Pseudomonadota	Alphaproteobacteria	Acetobacterales	Acetobacteraceae	Neoroseomonas	NA	100	100	100	100	100	100	17	GTDB r207
9f9bea4827eb1ce4850f1fbcff01e01c	Bacteria	Acidobacteriota	Vicinamibacteria	Fen-336	Fen-336	WYBL01	WYBL01 sp011526565	100	100	100	100	100	100	100	GTDB r207
e94ba963c43ee46d53ad67c245537eb8	Bacteria	NA	NA	NA	NA	NA	NA	100	78	78	78	78	78	78	GTDB r207
0a1b6891edc1633f125004dac03c6fac	Bacteria	Chloroflexota	Anaerolineae	JAAEKA01	JAAEKA01	JAAEKA01	NA	100	100	100	100	100	100	44	GTDB r207
8dee5b0394ab78da7dbd7faefc007055	Bacteria	Bacillota	Bacilli	Staphylococcales	Staphylococcaceae	Staphylococcus	NA	100	100	100	100	100	100	50	GTDB r207
36de4436e2ac63dfbc0289cf5096c517	Bacteria	Cyanobacteriota	Cyanobacteriia	PCC-6307	Cyanobiaceae	NIES-981	NIES-981 sp018399015	100	100	100	100	100	98	98	GTDB r207
0afd2f100d9930b2ae1961d45da09a54	Bacteria	Pseudomonadota	Gammaproteobacteria	Steroidobacterales	Steroidobacteraceae	SCUD01	SCUD01 sp004297335	100	100	100	100	100	97	84	GTDB r207
7e193b8aef40360a9bff9539df47f652	Bacteria	Planctomycetota	Planctomycetia	Planctomycetales	Planctomycetaceae	JAQCEJ01	JAQCEJ01 sp027618475	100	100	100	100	100	86	86	GTDB r207
97bd35d62c45e510911c72e982ccb984	Bacteria	Pseudomonadota	Gammaproteobacteria	Burkholderiales	Burkholderiaceae	JADJWR01	JADJWR01 sp016716275	100	100	100	100	100	100	100	GTDB r207
5a1546887b3f0c142071fc15213b5030	Bacteria	Chloroflexota	Anaerolineae	Anaerolineales	UBA4823	NA	NA	100	100	100	100	100	64	64	GTDB r207
edd1476231aa0c3a4dfa810fb9478a2c	Bacteria	Planctomycetota	Planctomycetia	Pirellulales	Pirellulaceae	SKKK01	SKKK01 sp023382975	100	100	100	100	100	100	100	GTDB r207
cb155282d45fcfc09b2282b56894d2d6	Bacteria	NA	NA	NA	NA	NA	NA	100	79	79	70	52	52	52	GTDB r207
9f10194b66a5fbe22a3a386e793bf02d	Bacteria	Pseudomonadota	Gammaproteobacteria	Enterobacterales	Vibrionaceae	Vibrio	NA	100	100	100	100	100	100	47	GTDB r207
b3efaca6232c84b476fe294500c6ce03	Bacteria	Pseudomonadota	Alphaproteobacteria	Rhodobacterales	Rhodobacteraceae	Roseicyclus	Roseicyclus sp015689735	100	100	100	100	100	98	92	GTDB r207
d6d44465391799274bdab0c270b9b085	Bacteria	Actinomycetota	Thermoleophilia	Solirubrobacterales	70-9	67-14	67-14 sp020636955	100	100	100	100	100	100	89	GTDB r207
ff754b3c713e50b753eaa24a49e3156d	Bacteria	Bacteroidota	Bacteroidia	Chitinophagales	Chitinophagaceae	SXYR01	SXYR01 sp029269725	100	100	100	100	100	100	81	GTDB r207
bca9e866a5eca1e04042214a1bca234b	Bacteria	Pseudomonadota	Gammaproteobacteria	Burkholderiales	NA	NA	NA	100	100	100	100	13	13	13	GTDB r207
899e7cc630f4256aa865a80827389e02	Bacteria	Planctomycetota	Planctomycetia	Pirellulales	Pirellulaceae	Aureliella	NA	100	100	100	100	100	100	70	GTDB r207
c356b868422eacb9078452ede68d2c8c	Bacteria	Pseudomonadota	Alphaproteobacteria	Sphingomonadales	Sphingomonadaceae	NA	NA	100	100	100	100	100	66	66	GTDB r207
b917d1dc064a2c0cda6689f245e16620	Bacteria	Actinomycetota	Thermoleophilia	Solirubrobacterales	70-9	67-14	67-14 sp020636955	100	100	100	100	100	98	80	GTDB r207
8bcdd8c8dbdfc9c6a5db73abd20770ff	Bacteria	Actinomycetota	Actinomycetes	S36-B12	NA	NA	NA	100	100	100	92	64	48	42	GTDB r207
c9ad28b7158ec6ad881676fee825bc53	Bacteria	Verrucomicrobiota	Kiritimatiellia	Kiritimatiellales	Pontiellaceae	Pontiella	NA	100	100	100	100	100	100	73	GTDB r207
ac1ed28ae8a6c8a402ab1ee3a4776e42	Bacteria	Actinomycetota	Acidimicrobiia	Acidimicrobiales	NA	NA	NA	100	100	100	99	35	35	35	GTDB r207
d0a62b45a8b2df5b8c9885e570e91e64	Bacteria	NA	NA	NA	NA	NA	NA	100	67	67	67	67	67	65	GTDB r207
e140628367595e596e0a3d1b48d5990a	Bacteria	Bacteroidota	Bacteroidia	Flavobacteriales	Schleiferiaceae	Croceimicrobium	Croceimicrobium sp018401735	100	100	100	100	100	100	100	GTDB r207
7bd5aabff863c524c79afc393869b40a	Bacteria	Patescibacteria	Saccharimonadia	Saccharimonadales	SZUA-47	JAUIBF01	JAUIBF01 sp030428125	100	100	100	100	100	96	96	GTDB r207
028b7492197605d882f97503086b4a21	Bacteria	Verrucomicrobiota	Verrucomicrobiae	Verrucomicrobiales	Akkermansiaceae	Rubritalea	Rubritalea squalenifaciens	100	100	100	100	100	100	100	GTDB r207
ffc57aede63e098e28d4fffaf5978d05	Bacteria	Cyanobacteriota	Cyanobacteriia	PCC-6307	Cyanobiaceae	NA	NA	100	100	100	100	100	32	32	GTDB r207
f5d27a499cb0001283afc224b45e136e	Bacteria	NA	NA	NA	NA	NA	NA	100	79	79	73	58	58	58	GTDB r207
a01b4cbfde2ee760ff9b1aaa412aadb9	Bacteria	Pseudomonadota	Alphaproteobacteria	Rhodobacterales	Rhodobacteraceae	NA	NA	100	100	100	100	100	77	77	GTDB r207
d50320b405e3b2d059404a0d13391a6e	Bacteria	Actinomycetota	Thermoleophilia	Solirubrobacterales	70-9	67-14	NA	100	100	100	100	100	99	79	GTDB r207
9dec9cf6353a815c6fa79243eeae9d12	Bacteria	Patescibacteria	Saccharimonadia	Saccharimonadales	JAGQNJ01	HK-STAS-PATE-36	HK-STAS-PATE-36 sp023898625	100	100	100	100	100	100	100	GTDB r207
f04bf39c0732dd163f36ac725b817a1d	Bacteria	Acidobacteriota	Vicinamibacteria	Vicinamibacterales	NA	NA	NA	100	100	100	100	47	47	47	GTDB r207
65766371b2eea90582ce97a9c102dbc7	Bacteria	Chloroflexota	Anaerolineae	Caldilineales	Caldilineaceae	Caldilinea	Caldilinea sp003451595	100	100	100	100	100	100	93	GTDB r207
b4607aeb1b953a16107302fa632bcd1d	Bacteria	Pseudomonadota	Gammaproteobacteria	Xanthomonadales	SZUA-36	JAJRRA01	JAJRRA01 sp024279945	100	100	100	100	100	100	98	GTDB r207
2c1e4fbc5982d22c0668203a5b350448	Bacteria	Planctomycetota	Planctomycetia	Pirellulales	Pirellulaceae	NA	NA	100	100	100	100	99	62	62	GTDB r207
867ab24eb3080a65da32c8c08df6002b	Bacteria	Actinomycetota	Acidimicrobiia	Acidimicrobiales	Ilumatobacteraceae	NA	NA	100	100	100	100	100	76	49	GTDB r207
d546bf256d3ae18c54553a07c1d25bbe	Bacteria	Pseudomonadota	Gammaproteobacteria	Enterobacterales	Vibrionaceae	Photobacterium	Photobacterium leiognathi	100	100	100	100	100	97	95	GTDB r207
87b456bd0cd2541d5513d81fa1fddcba	Bacteria	Bacillota_A	Clostridia	Peptostreptococcales	Peptostreptococcaceae	Paraclostridium	Paraclostridium bifermentans	100	100	100	100	100	98	92	GTDB r207
93c17ada6a2e42491bb3fcef6f40ee60	Bacteria	Bacillota_A	Clostridia	Peptostreptococcales	Peptostreptococcaceae	Paraclostridium	Paraclostridium bifermentans	100	100	100	100	100	97	92	GTDB r207
f79c2e2448373f37d9acc526b7d71633	Bacteria	NA	NA	NA	NA	NA	NA	99	56	45	45	15	14	14	GTDB r207
c2622f1f937d4c59f20f6a6a22805d40	Bacteria	Planctomycetota	Planctomycetia	Pirellulales	UBA1268	NA	NA	100	100	100	100	100	78	78	GTDB r207
2aefcd28b6ba2b14f361aa88115054c8	Bacteria	Patescibacteria	Saccharimonadia	Saccharimonadales	SZUA-47	JAUIBF01	JAUIBF01 sp030428125	100	100	100	100	97	95	95	GTDB r207
356353859f0e2da2b291c9115c7b2d96	Bacteria	Actinomycetota	Actinomycetes	S36-B12	UBA10799	NA	NA	100	100	100	100	90	62	62	GTDB r207
1c90d42b1ac4367c62838d450af636c1	Bacteria	Pseudomonadota	Alphaproteobacteria	Rhizobiales	Stappiaceae	Polymorphum	Polymorphum gilvum	100	100	100	100	100	95	95	GTDB r207
bac7e68321ce0ca768ddeb58adef5079	Bacteria	Pseudomonadota	Alphaproteobacteria	Rhodobacterales	Rhodobacteraceae	NA	NA	100	100	100	100	100	62	46	GTDB r207
8defb2b29f4b0d65882b5b85fb37f37e	Bacteria	Pseudomonadota	Gammaproteobacteria	Enterobacterales	Vibrionaceae	Vibrio	Vibrio sp903986855	100	100	100	100	100	100	82	GTDB r207
9f4740154ad56356d2f923343f2503be	Bacteria	Chloroflexota	Anaerolineae	Promineifilales	Promineifilaceae	Promineifilum	NA	100	100	100	100	100	100	54	GTDB r207
77fead04ce0e6376e0849c7de9c9ea60	Bacteria	Verrucomicrobiota	Verrucomicrobiae	Limisphaerales	UBA9464	UBA9464	UBA9464 sp017309115	100	100	100	100	100	100	98	GTDB r207
0f120179d8415611946e368a41eda626	Bacteria	Chloroflexota	Anaerolineae	Caldilineales	Caldilineaceae	NA	NA	100	100	100	100	100	78	78	GTDB r207
5bb347e741172253b59994ca5e0ab760	Bacteria	Pseudomonadota	Alphaproteobacteria	Caulobacterales	Caulobacteraceae	NA	NA	100	100	100	100	100	36	36	GTDB r207
84821323881a6e0fbc72f301466ed60f	Bacteria	NA	NA	NA	NA	NA	NA	100	56	56	56	56	56	56	GTDB r207
896afe670f4049cc9151646ddb3ce478	Bacteria	NA	NA	NA	NA	NA	NA	100	72	69	66	66	66	66	GTDB r207
575da153623e695c4f2e5aeec7ea4256	Bacteria	Pseudomonadota	Gammaproteobacteria	Steroidobacterales	Steroidobacteraceae	NA	NA	100	100	100	100	100	51	51	GTDB r207
4ea900680ef1cd0b9438d15f4a112777	Bacteria	NA	NA	NA	NA	NA	NA	100	70	70	70	70	70	70	GTDB r207
533ecb51fc928240aa7c4b3e9184245a	Bacteria	Planctomycetota	Planctomycetia	Pirellulales	NA	NA	NA	100	100	100	100	79	41	41	GTDB r207
74c082e6b7c5d2273d5fa68a9ddbcd77	Bacteria	Cyanobacteriota	Cyanobacteriia	PCC-6307	Cyanobiaceae	NA	NA	100	100	100	100	100	11	11	GTDB r207
73a44904f1b398f460ede09234134893	Bacteria	Pseudomonadota	Alphaproteobacteria	Acetobacterales	Acetobacteraceae	Neoroseomonas	Neoroseomonas sp020249285	100	100	100	100	100	100	100	GTDB r207
064f78eb95fdcd5e279b4836a3086727	Bacteria	Bacteroidota	Bacteroidia	UBA7662	UBA7662	SYHX01	SYHX01 sp009926245	100	100	100	100	100	100	100	GTDB r207
a960d6de40018e885da9dcb9ab62040e	Bacteria	Pseudomonadota	Alphaproteobacteria	Sphingomonadales	Sphingomonadaceae	NA	NA	100	100	100	100	100	70	57	GTDB r207
1b9f792a49118f33d08f017b1d918281	Archaea	Asgardarchaeota	Lokiarchaeia	Sigynarchaeales	SOKP01	SOKP01	SOKP01 sp013375475	100	100	100	100	100	100	100	GTDB r207
b1a6cf22bebe69fb46b29c94f1866a02	Bacteria	NA	NA	NA	NA	NA	NA	100	72	72	68	47	47	47	GTDB r207
d962461b5d2620835304320fd818f21f	Bacteria	Pseudomonadota	Alphaproteobacteria	Rhodobacterales	Rhodobacteraceae	Amaricoccus	NA	100	100	100	100	100	99	59	GTDB r207
fce6cf88577ac6f4bde85d5a57967e39	Bacteria	Bacillota_A	Clostridia	Clostridiales	Clostridiaceae	Clostridium	NA	100	100	100	100	100	98	30	GTDB r207
529c1e2636d773a041db93375099bdad	Bacteria	Cyanobacteriota	Cyanobacteriia	NA	NA	NA	NA	87	87	87	76	37	11	11	GTDB r207
8b36275fefd5c20f6480eda2e3a6ad17	Bacteria	Pseudomonadota	Gammaproteobacteria	NA	NA	NA	NA	100	100	100	19	19	19	19	GTDB r207
974697f0895b10d2533e817fd010b5d2	Bacteria	Planctomycetota	Planctomycetia	Pirellulales	Pirellulaceae	SKKK01	SKKK01 sp023382975	100	100	100	100	100	100	100	GTDB r207
b5ca2455eab435e8ed06f6dd0274469f	Bacteria	Pseudomonadota	Alphaproteobacteria	Rhodobacterales	Rhodobacteraceae	NA	NA	100	100	100	100	100	61	61	GTDB r207
04f854873921c4de6d7dd2593ec20b7d	Bacteria	Pseudomonadota	Alphaproteobacteria	Rhizobiales	Aestuariivirgaceae	Anderseniella	Anderseniella sp900149695	100	100	100	100	100	100	95	GTDB r207
49047ca3b43bd56e343a8d8fd7aea04c	Bacteria	NA	NA	NA	NA	NA	NA	100	75	75	65	53	53	53	GTDB r207
08d1280e121f861e305b41bdb325f52b	Bacteria	Pseudomonadota	Alphaproteobacteria	Rhizobiales	Beijerinckiaceae	Alsobacter	Alsobacter metallidurans	100	100	100	100	100	99	98	GTDB r207
7d133215ef540c327f21e1b692cb0245	Bacteria	Planctomycetota	Planctomycetia	Pirellulales	UBA1268	NA	NA	100	100	100	100	100	54	54	GTDB r207
a8c5933ca301c06b410ee57def0abed6	Bacteria	Chloroflexota	Anaerolineae	Promineifilales	Promineifilaceae	Promineifilum	NA	100	100	100	100	100	100	50	GTDB r207
1216fc92f32e86d22f82886b7644cd72	Bacteria	Planctomycetota	Planctomycetia	Pirellulales	Pirellulaceae	NA	NA	100	100	100	100	99	28	28	GTDB r207
e88078b972237042e8389eb61e903ff6	Bacteria	NA	NA	NA	NA	NA	NA	100	72	72	64	40	40	40	GTDB r207
94380c1c781123c71815de624fe0f51c	Bacteria	Pseudomonadota	Alphaproteobacteria	Rhodobacterales	Rhodobacteraceae	NA	NA	100	100	100	100	100	63	63	GTDB r207
6428d9b824ce5c349f2957503aae5cc4	Bacteria	Pseudomonadota	Gammaproteobacteria	Enterobacterales	Vibrionaceae	Vibrio	NA	100	100	100	100	100	100	47	GTDB r207
32028e05f50980de18934be6c80804cc	Bacteria	Patescibacteria	Saccharimonadia	Saccharimonadales	UBA7683	JACKGS01	JACKGS01 sp020631865	100	100	100	100	100	100	100	GTDB r207
f26b7cc49ba52e8f78663dfb5dab8174	Bacteria	Actinomycetota	Actinomycetes	JAHEKZ01	JAHEKZ01	JAHEKZ01	JAHEKZ01 sp024644435	100	100	100	100	100	100	100	GTDB r207
a100dfb84525e20c0f6a24a55ec730d1	Bacteria	Pseudomonadota	Alphaproteobacteria	Rhodobacterales	Rhodobacteraceae	Albidovulum	Albidovulum sediminis	100	100	100	100	100	100	100	GTDB r207
d8a3b615f6bcda173a0321be7f4b292c	Bacteria	Planctomycetota	Phycisphaerae	Phycisphaerales	SM1A02	UBA966	UBA966 sp018883105	100	100	100	100	100	100	87	GTDB r207
e55f70872cb51f757653d01354d78324	Bacteria	Actinomycetota	Actinomycetes	Actinomycetales	Microbacteriaceae	NA	NA	100	100	100	100	100	71	71	GTDB r207
531121b743fef851fcb7fa9de7f7e39b	Bacteria	Pseudomonadota	Alphaproteobacteria	Rhodobacterales	Rhodobacteraceae	NA	NA	100	100	100	100	100	27	27	GTDB r207
bf0b3b4309f7ed0ef01e044641de4d43	Bacteria	Pseudomonadota	Gammaproteobacteria	Pseudomonadales	Moraxellaceae	Moraxella_A	NA	100	100	100	100	100	100	79	GTDB r207
e88d13058dcd83a65322bd71d510468b	Bacteria	Bacillota_A	Clostridia	Peptostreptococcales	Peptostreptococcaceae	Paraclostridium	Paraclostridium benzoelyticum	100	100	100	100	100	100	80	GTDB r207
5df7adefbf7aa753e0a0172355811b05	Bacteria	Planctomycetota	Planctomycetia	Pirellulales	Pirellulaceae	M30B19	M30B19 sp018402565	100	100	100	100	100	100	98	GTDB r207
ec862f8c58d8542d7bc39cfc8812396d	Bacteria	Bacteroidota	Kapaibacteriia	Kapaibacteriales	Kapaibacteriaceae	NA	NA	100	100	100	100	100	43	43	GTDB r207
724f922c9e253cbb290e4bae6356ea36	Bacteria	NA	NA	NA	NA	NA	NA	100	71	71	71	71	70	32	GTDB r207
178c20d4f1796a27dfda4b41449fe2d6	Bacteria	Actinomycetota	Thermoleophilia	Solirubrobacterales	70-9	67-14	67-14 sp020636955	100	100	100	100	100	100	84	GTDB r207
5b558e6fe8d33ad79df3dea926e94934	Bacteria	Bacteroidota	Bacteroidia	Flavobacteriales	UJ101	UJ101	UJ101 sp001880285	100	100	100	100	100	100	100	GTDB r207
de26b27c0e568c81aea47dc6dd45da3a	Bacteria	Chloroflexota	Anaerolineae	Anaerolineales	UBA4823	NA	NA	100	100	100	100	100	53	23	GTDB r207
4d369475ff7e3555914d53b4410768e4	Bacteria	NA	NA	NA	NA	NA	NA	100	63	63	63	63	63	63	GTDB r207
cb0376440c7d0837207868d18342ed0b	Bacteria	Actinomycetota	Acidimicrobiia	UBA5794	ZC4RG35	NA	NA	100	100	100	100	100	39	39	GTDB r207
3c7c29eca08b8079d7fefadbff21691d	Bacteria	Planctomycetota	Planctomycetia	Pirellulales	UBA1268	UBA4655	UBA4655 sp002405515	100	100	100	100	100	100	100	GTDB r207
cd7de072db09e853bd008f79b22eb4e5	Bacteria	Actinomycetota	Acidimicrobiia	Acidimicrobiales	UBA8139	M30B73	M30B73 sp018401565	100	100	100	100	100	100	100	GTDB r207
69847860a10ea56d5b8c5f8dcdcda293	Bacteria	Planctomycetota	Planctomycetia	Isosphaerales	Isosphaeraceae	NA	NA	100	100	100	100	100	35	31	GTDB r207
0db55766a843f4b7549d7970565ca9fd	Bacteria	Pseudomonadota	Alphaproteobacteria	Rhizobiales	Aestuariivirgaceae	Aestuariivirga	Aestuariivirga litoralis	100	100	100	100	100	100	88	GTDB r207
699768bb7daf39fe0722d56a111f5c70	Bacteria	Pseudomonadota	Gammaproteobacteria	Burkholderiales	Thiobacillaceae	Thiobacillus	NA	100	100	100	100	100	100	75	GTDB r207
9d3cf65b33995a2ae04999c82ce3eadb	Bacteria	Cyanobacteriota	Cyanobacteriia	PCC-6307	Cyanobiaceae	NA	NA	100	100	100	100	100	51	51	GTDB r207
439c08412ec04407c05acc3fa2a8ab4d	Bacteria	Actinomycetota	Actinomycetes	S36-B12	UBA10799	JADKAV01	NA	100	100	100	100	100	100	63	GTDB r207
b8b9b634b0d9ad126c6405253ac957a5	Bacteria	Actinomycetota	Acidimicrobiia	UBA5794	ZC4RG35	NA	NA	100	100	100	100	100	45	45	GTDB r207
a6d535f04aeaf6bb8cee5175a3479a62	Bacteria	Planctomycetota	Planctomycetia	Pirellulales	UBA1268	UBA4655	UBA4655 sp002405515	100	100	100	100	100	100	100	GTDB r207
c6200a4e5b4c16ce8724e40a58dbce5d	Bacteria	Verrucomicrobiota	Lentisphaeria	Lentisphaerales	Lentisphaeraceae	JAKVBD01	JAKVBD01 sp022446985	100	100	100	100	100	100	100	GTDB r207
35a16b7df6b25626014ed9b18ce1ea22	Bacteria	Bacillota	Bacilli	Staphylococcales	Staphylococcaceae	Staphylococcus	NA	100	100	100	100	100	100	68	GTDB r207
385d93a3669c34e0d67bfafd18cd50ca	Bacteria	Bacillota	Bacilli	Staphylococcales	Staphylococcaceae	Staphylococcus	Staphylococcus hominis	100	100	100	100	100	100	100	GTDB r207
e1600db4a3eae845997b240975393861	Bacteria	Actinomycetota	Actinomycetes	Propionibacteriales	Propionibacteriaceae	Cutibacterium	Cutibacterium acnes	100	100	100	100	100	100	100	GTDB r207
f282068fbf5be5eb03788bac67073e05	Bacteria	Pseudomonadota	Alphaproteobacteria	Rhizobiales	Rhizobiaceae	NA	NA	100	95	95	95	95	26	16	GTDB r207
43ebce67871db2796101ca0b5ad66249	Bacteria	Actinomycetota	Actinomycetes	S36-B12	S36-B12	S36-B12	S36-B12 sp018402235	100	100	100	100	100	100	100	GTDB r207
21772e34624d1f8405129a2a5b10e5dd	Bacteria	NA	NA	NA	NA	NA	NA	99	59	59	56	34	30	30	GTDB r207
5ad4859634ad094e6240c8cd18613590	Bacteria	Actinomycetota	Acidimicrobiia	Acidimicrobiales	Iamiaceae	NA	NA	100	100	100	100	100	78	78	GTDB r207
eba5ced68a4238a6ef337b03d49600d0	Bacteria	Verrucomicrobiota	Verrucomicrobiae	Chthoniobacterales	JACTMZ01	JACTMZ01	JACTMZ01 sp018883245	100	100	100	100	100	100	100	GTDB r207
8e5b6cac349d733a3d09c396c98f8c52	Bacteria	Actinomycetota	Actinomycetes	S36-B12	UBA5976	VGAH01	VGAH01 sp016870945	100	100	100	100	100	100	100	GTDB r207
fe9d9c32f86922f90566f48c73ada25f	Bacteria	Pseudomonadota	Gammaproteobacteria	Pseudomonadales	Moraxellaceae	Acinetobacter	Acinetobacter junii	100	100	100	100	100	100	100	GTDB r207
1bd7ae7330ca2d10789e1bf17015a88a	Bacteria	Verrucomicrobiota	Verrucomicrobiae	Verrucomicrobiales	Akkermansiaceae	Luteolibacter	NA	100	100	100	100	100	100	78	GTDB r207
fbcc589286a3585bd5a84d1bbf16d94e	Bacteria	NA	NA	NA	NA	NA	NA	100	61	61	57	39	36	36	GTDB r207
1cc1f2383385a9b4716dc4dc94f28569	Bacteria	Desulfobacterota	Desulfobacteria	Desulfobacterales	UBA2174_A	SpSt-501	NA	100	100	100	100	95	95	72	GTDB r207
ebb8328e2b75151e43e15c5761882ab1	Bacteria	Pseudomonadota	Gammaproteobacteria	Burkholderiales	Burkholderiaceae	Zeimonas	NA	100	100	100	100	100	83	74	GTDB r207
416083af5b1ad1dbefdbd02f8f3eff10	Bacteria	NA	NA	NA	NA	NA	NA	100	58	58	57	55	55	55	GTDB r207
69f9322fca6313d5b415e65c281c020c	Bacteria	Planctomycetota	Planctomycetia	Pirellulales	Pirellulaceae	NA	NA	100	100	100	100	87	24	0	GTDB r207
8f83e7c3d7cba29a296a30939dbf8b58	Bacteria	Actinomycetota	Actinomycetes	NA	NA	NA	NA	100	100	100	45	45	45	45	GTDB r207
a2891dc9ba5eb6644132df1e6e91d837	Bacteria	Planctomycetota	Planctomycetia	Pirellulales	UBA1268	NA	NA	100	100	100	100	100	56	54	GTDB r207
a4a7c525448154365a91689bf03aece5	Bacteria	Planctomycetota	Planctomycetia	Pirellulales	UBA1268	CACORA01	CACORA01 sp902629495	100	100	100	100	100	95	93	GTDB r207
dc90d92bdaceda75cc0d82ff1d404905	Bacteria	Bacteroidota	Bacteroidia	Cytophagales	Cyclobacteriaceae	ELB16-189	NA	100	100	100	100	100	100	61	GTDB r207
fe95e6f1c7ceace79bd963ae6a09ef42	Bacteria	Bacteroidota	Bacteroidia	Chitinophagales	Saprospiraceae	NA	NA	100	100	100	100	100	21	21	GTDB r207
b3dfe3c5276f1a2a5f8738686caf5379	Bacteria	Patescibacteria	Saccharimonadia	Saccharimonadales	NA	NA	NA	100	100	100	100	29	13	13	GTDB r207
da05dc74da617a5763034dfe1315b75d	Bacteria	Actinomycetota	Actinomycetes	Actinomycetales	Microbacteriaceae	NA	NA	100	100	100	100	100	65	65	GTDB r207
d70c4f899df94bb2e7d616b128ba8972	Bacteria	Bacteroidota	Bacteroidia	Flavobacteriales	Weeksellaceae	Cruoricaptor	Cruoricaptor ignavus	100	100	100	100	100	100	100	GTDB r207
fae2e2ed841509884f827968b1f144c9	Bacteria	Bacillota	Bacilli	Lactobacillales	Lactobacillaceae	Lactobacillus	Lactobacillus sp027681045	100	100	100	100	100	100	100	GTDB r207
016e4766933740e928f2204555d97a30	Bacteria	Cyanobacteriota	Cyanobacteriia	PCC-6307	Cyanobiaceae	NA	NA	100	100	100	100	100	66	66	GTDB r207
49a19027ba543be6079f02a339c6259c	Bacteria	Actinomycetota	Actinomycetes	Actinomycetales	Demequinaceae	Demequina	NA	100	100	100	100	100	100	40	GTDB r207
78c9b9c22f270aa737e78af870d27f7e	Bacteria	Patescibacteria	Saccharimonadia	Saccharimonadales	CAIOMD01	NA	NA	100	100	100	100	100	73	73	GTDB r207
98e0feb2800634b849d532b14f57633e	Bacteria	Planctomycetota	Planctomycetia	Pirellulales	Pirellulaceae	NA	NA	100	100	100	100	97	70	70	GTDB r207
5d7b8def762fb545d44421c9b1666b22	Bacteria	Planctomycetota	Planctomycetia	Isosphaerales	Isosphaeraceae	BPJS01	BPJS01 sp026004735	100	100	100	100	100	87	87	GTDB r207
af6085d3829bc0ffc855afffcade26bf	Bacteria	Chloroflexota	Anaerolineae	Promineifilales	Promineifilaceae	Leptovillus	NA	100	100	100	100	100	100	60	GTDB r207
54997deb0e7ba48886f20ad063e9d319	Bacteria	Pseudomonadota	Gammaproteobacteria	NA	NA	NA	NA	100	100	100	25	25	25	25	GTDB r207
298c64cec858463e2d56fc1d74747369	Bacteria	Planctomycetota	Planctomycetia	Pirellulales	UBA1268	NA	NA	100	100	100	100	100	50	50	GTDB r207
9f44a2b2f9c840027fe58ff939e16a1f	Bacteria	Pseudomonadota	Gammaproteobacteria	Chromatiales	Chromatiaceae	NA	NA	100	100	100	100	100	27	27	GTDB r207
9e713d3a4fe43989c69be9e1f1343db5	Bacteria	Pseudomonadota	Gammaproteobacteria	Burkholderiales	Burkholderiaceae	Hylemonella	NA	100	100	100	100	100	83	40	GTDB r207
54ec3843e400341980a11d0ff600673d	Bacteria	Pseudomonadota	Gammaproteobacteria	Chromatiales	Sedimenticolaceae	41T-STBD-0c-01a	41T-STBD-0c-01a sp024235415	100	100	100	100	100	100	100	GTDB r207
8c4f5c905fcc1f89a78aa72acf969bdf	Bacteria	Bacillota	Bacilli	Lactobacillales	Streptococcaceae	Streptococcus	Streptococcus thermophilus	100	92	92	92	92	92	90	GTDB r207
3f2c868045c90c8463ca9eb784f06cce	Bacteria	Pseudomonadota	Gammaproteobacteria	NA	NA	NA	NA	100	100	100	53	53	53	53	GTDB r207
119a5b843dc55e4845b7a3ae531e149e	Bacteria	Verrucomicrobiota	Verrucomicrobiae	Limisphaerales	NA	NA	NA	100	100	100	100	21	21	21	GTDB r207
be92e467bdc2892376d640b19e5e63a1	Bacteria	Bacteroidota	Bacteroidia	Chitinophagales	Saprospiraceae	Opimibacter	Opimibacter sp016722045	100	100	100	100	100	100	91	GTDB r207
4cfd8d0d2d19c27f00b5050bae48216f	Bacteria	Pseudomonadota	Gammaproteobacteria	Enterobacterales	Vibrionaceae	Photobacterium	Photobacterium leiognathi	100	100	100	100	100	99	96	GTDB r207
0d2dbb35c08677870822190489170800	Bacteria	Pseudomonadota	Alphaproteobacteria	Micropepsales	Micropepsaceae	SZUA-430	SZUA-430 sp018969785	100	100	100	100	100	100	100	GTDB r207
9f7ba9ee4041628d6a8c10172725b265	Bacteria	Pseudomonadota	Gammaproteobacteria	Enterobacterales	Vibrionaceae	Vibrio	NA	100	100	100	100	100	100	35	GTDB r207
1d6f605c4c5dadc1f4362c699ea9d872	Bacteria	Pseudomonadota	Gammaproteobacteria	Enterobacterales	Vibrionaceae	Vibrio	Vibrio plantisponsor	100	100	100	100	100	100	100	GTDB r207
b7d34be56c534d70044e7ae1cc42fb52	Bacteria	Patescibacteria	Saccharimonadia	Saccharimonadales	SZUA-47	NA	NA	100	100	100	100	87	62	62	GTDB r207
b6aef93c6a20b49f268babe7a74498d4	Bacteria	Patescibacteria	Microgenomatia	UBA1400	RBG-16-45-19	NA	NA	100	100	100	100	93	77	77	GTDB r207
49f4a8e8b130358c1eabd4ce9c449095	Bacteria	Chloroflexota	Anaerolineae	Anaerolineales	UBA4823	NA	NA	100	100	100	100	98	54	54	GTDB r207
97c228df1eb7237529c719315497b99e	Bacteria	NA	NA	NA	NA	NA	NA	100	63	63	63	63	63	63	GTDB r207
486be3bdc417f66c1264bb3129430492	Bacteria	Actinomycetota	Actinomycetes	Actinomycetales	Dermatophilaceae	Phycicoccus	Phycicoccus endophyticus	100	100	100	100	100	100	94	GTDB r207
9266918077d4f46de3c6a541c972944a	Bacteria	Pseudomonadota	Alphaproteobacteria	Rhizobiales	Beijerinckiaceae	Methylocystis	NA	100	100	100	100	100	95	55	GTDB r207
da320948bc1a1b503ea1ec7aa77fa398	Bacteria	Planctomycetota	Planctomycetia	Pirellulales	Pirellulaceae	Aureliella	NA	100	100	100	100	100	100	60	GTDB r207
2bc7ebcd42d8345c8e8de658fabccd76	Bacteria	Bacillota	Bacilli	Staphylococcales	Staphylococcaceae	Staphylococcus	Staphylococcus ureilyticus	100	100	100	100	100	100	94	GTDB r207
38c88896a49021cb8c2977d6a5aeb1c0	Bacteria	Pseudomonadota	Alphaproteobacteria	Rhodobacterales	Rhodobacteraceae	NA	NA	100	100	100	99	99	40	40	GTDB r207
1fbb7a9f5ec6cec9f55dd8373544fcf6	Bacteria	Planctomycetota	Planctomycetia	Pirellulales	Pirellulaceae	NA	NA	100	100	100	100	100	75	75	GTDB r207
f872a973d95d092859adf30c8585eda9	Bacteria	Pseudomonadota	Gammaproteobacteria	Steroidobacterales	Steroidobacteraceae	SCUD01	NA	100	100	100	100	100	93	78	GTDB r207
5de7d2b2d83d5f74af9acd08d0ab0b46	Bacteria	Actinomycetota	Acidimicrobiia	Acidimicrobiales	NA	NA	NA	100	100	100	100	35	35	35	GTDB r207
cb144e9b87a8430e20a4b654c1139171	Bacteria	Patescibacteria	Saccharimonadia	Saccharimonadales	SZUA-47	JAUIBF01	JAUIBF01 sp030428125	100	100	100	100	98	97	97	GTDB r207
5835c0f986959e6e06da85077fe305f6	Bacteria	Actinomycetota	Acidimicrobiia	Acidimicrobiales	Ilumatobacteraceae	Ilumatobacter	Ilumatobacter sp022843125	100	100	100	100	100	99	97	GTDB r207
3edb655fc659447bebc232b2098fc0bd	Bacteria	Actinomycetota	Actinomycetes	JAHEKZ01	JAHEKZ01	JAHEKZ01	JAHEKZ01 sp024644435	100	100	100	100	100	100	100	GTDB r207
40598c56cc5b532f812935224c053ba8	Bacteria	Desulfobacterota	Desulfobacteria	Desulfobacterales	NA	NA	NA	100	100	100	100	40	29	19	GTDB r207
39ba1c1242ab94e634b676eabaefc9af	Bacteria	NA	NA	NA	NA	NA	NA	99	77	76	71	45	20	20	GTDB r207
ec07fbd667aca61fcbbf117c6d498078	Bacteria	NA	NA	NA	NA	NA	NA	100	51	51	51	50	49	49	GTDB r207
d96300a773943d0eddac9cdeab533006	Bacteria	Chloroflexota	Anaerolineae	Anaerolineales	Anaerolineaceae	NA	NA	100	100	100	100	87	33	33	GTDB r207
c4d6ccfc8a904180e069a5b38df3f6f6	Bacteria	Patescibacteria	Saccharimonadia	Saccharimonadales	JAGQNJ01	HK-STAS-PATE-36	HK-STAS-PATE-36 sp023898625	100	100	100	100	100	100	100	GTDB r207
c12141b945b48cae3781241dbcbd0587	Bacteria	Patescibacteria	Saccharimonadia	Saccharimonadales	SZUA-47	JAUIBF01	JAUIBF01 sp030428125	100	100	100	100	100	100	100	GTDB r207
7bc79aed1960952e49dc6b83297b9053	Bacteria	NA	NA	NA	NA	NA	NA	100	69	69	63	32	17	17	GTDB r207
f8514f92fcddffbdbdd256bc38a01db0	Bacteria	Cyanobacteriota	Cyanobacteriia	Cyanobacteriales	Microcystaceae	Microcystis	NA	100	100	100	100	100	100	57	GTDB r207
f34d3e4732792b23db38c31846b0e33a	Bacteria	Pseudomonadota	Gammaproteobacteria	Steroidobacterales	Steroidobacteraceae	RPQJ01	NA	100	100	100	100	100	100	69	GTDB r207
bd73aad3851e814fd2e7898d329cf539	Bacteria	Bacteroidota	Bacteroidia	Flavobacteriales	Flavobacteriaceae	Flavobacterium	NA	100	100	100	100	100	100	77	GTDB r207
2252e7f27472a81d5a67abd7a27249ee	Bacteria	Planctomycetota	Planctomycetia	Pirellulales	UBA1268	NA	NA	100	100	100	100	100	46	46	GTDB r207
7394b84f07a8053a4959c87d8dcf4473	Bacteria	Pseudomonadota	Alphaproteobacteria	Rhodobacterales	Rhodobacteraceae	Paracoccus	Paracoccus marcusii	100	100	100	100	100	100	100	GTDB r207
4c08f1884da6f4747d4493740616411a	Bacteria	Actinomycetota	Actinomycetes	Actinomycetales	NA	NA	NA	100	100	100	100	25	25	25	GTDB r207
5f727f17a0545a22feee958c73432b95	Bacteria	Cyanobacteriota	Cyanobacteriia	PCC-6307	Cyanobiaceae	NA	NA	100	100	100	100	100	64	64	GTDB r207
2c67470b55633bdec5c23a7101dc48b6	Bacteria	Pseudomonadota	Gammaproteobacteria	Burkholderiales	Burkholderiaceae	SCMQ01	SCMQ01 sp005503335	100	100	100	100	100	86	86	GTDB r207
325946de5efaf4481b924f6ec35f44b8	Bacteria	Cyanobacteriota	Cyanobacteriia	PCC-6307	Cyanobiaceae	Vulcanococcus	NA	100	100	100	100	100	99	45	GTDB r207
0b291e63119781f2d4b75e88c1fc03a6	Bacteria	Bacillota	Bacilli	Staphylococcales	Staphylococcaceae	Staphylococcus	Staphylococcus haemolyticus	100	100	100	100	100	100	92	GTDB r207
59b6336b5b34f6da0e4d2f1f16670bfa	Bacteria	Verrucomicrobiota	Verrucomicrobiae	Chthoniobacterales	JACTMZ01	JACTMZ01	JACTMZ01 sp018883245	100	100	100	100	100	100	100	GTDB r207
ea5aace2e77927a7115480c6ed51c339	Bacteria	Verrucomicrobiota	Kiritimatiellia	CAIVKH01	CAIVKH01	CALMUP01	CALMUP01 sp937873455	100	100	100	100	100	100	100	GTDB r207
adfa392f138ce275e2d1cb34e4a52c40	Bacteria	Chloroflexota	Anaerolineae	Anaerolineales	UBA4823	UTCFX2	UTCFX2 sp002050125	100	100	100	100	99	88	88	GTDB r207
c5cd160cb45d7b6495749dd9cfd2ff9b	Bacteria	Planctomycetota	Planctomycetia	Pirellulales	Pirellulaceae	Anammoximicrobium	Anammoximicrobium sp012515235	100	100	100	100	100	100	100	GTDB r207
99682dc548caf3f1c00889ff60cc0d4e	Bacteria	NA	NA	NA	NA	NA	NA	100	62	62	62	60	47	47	GTDB r207
c22c3330ddd5f0f73360685426315801	Bacteria	Pseudomonadota	Alphaproteobacteria	Rhizobiales	NA	NA	NA	100	100	100	100	67	55	5	GTDB r207
1113f531be0f6bba822e73555da29f61	Bacteria	Pseudomonadota	Alphaproteobacteria	Rhodobacterales	Rhodobacteraceae	NA	NA	100	100	100	100	100	28	13	GTDB r207
a2fc3461df024cc8922c0a337b516473	Bacteria	Planctomycetota	Planctomycetia	Pirellulales	Pirellulaceae	Rubripirellula	Rubripirellula sp016779185	100	100	100	100	100	100	87	GTDB r207
a56bfb5a9758d10ff306e9f646bd230b	Bacteria	Pseudomonadota	Gammaproteobacteria	Enterobacterales	Vibrionaceae	Vibrio	NA	100	100	100	100	100	100	42	GTDB r207
9b1502215f8fccb773aaecac418356f8	Bacteria	Bacteroidota	Bacteroidia	Chitinophagales	Saprospiraceae	NA	NA	100	98	98	98	98	30	30	GTDB r207
23f8a3316bf834a09974d3d7bf5d9c34	Bacteria	Pseudomonadota	Alphaproteobacteria	Acetobacterales	Acetobacteraceae	Neoroseomonas	Neoroseomonas sp020249285	100	100	100	100	100	100	100	GTDB r207
b0e5eeeea186694c70ee90fe09b80471	Bacteria	Chloroflexota	Anaerolineae	CG2-30-64-16	CG2-30-64-16	NA	NA	100	100	100	100	100	59	59	GTDB r207
48e642d7c0f92c81a82c96280d16eac1	Bacteria	Chloroflexota	Anaerolineae	Anaerolineales	UBA4823	NA	NA	100	100	100	100	100	38	38	GTDB r207
4998a0dd2fccb4ba75e5f40f1847e4c4	Bacteria	Pseudomonadota	Alphaproteobacteria	Rhodobacterales	Rhodobacteraceae	Pararhodobacter	NA	100	100	100	100	100	90	37	GTDB r207
d876ec651572af02228a50d984080801	Bacteria	NA	NA	NA	NA	NA	NA	100	76	76	74	68	67	65	GTDB r207
2b83d64be02132c1228981004686f842	Bacteria	Actinomycetota	Actinomycetes	Actinomycetales	Demequinaceae	Demequina	NA	100	100	100	100	100	100	26	GTDB r207
49b4cd3b69317ec5f6fa39f997d575da	Bacteria	Pseudomonadota	Alphaproteobacteria	Rhizobiales	Beijerinckiaceae	Methylocystis	Methylocystis sp000188155	100	100	100	100	100	99	97	GTDB r207
0fcbfeb63a1c12691cca837a2f5e264c	Bacteria	Bacteroidota	Bacteroidia	Flavobacteriales	Flavobacteriaceae	Flavobacterium	NA	100	100	100	100	100	100	74	GTDB r207
c92edebbc5d65ffe6966605798ab05ed	Bacteria	Pseudomonadota	Gammaproteobacteria	Steroidobacterales	Steroidobacteraceae	UBA964	NA	100	100	100	100	100	100	74	GTDB r207
5d63ab3653e2ac9fcf2dd8389c367349	Bacteria	Bacteroidota	Bacteroidia	Chitinophagales	Saprospiraceae	OLB9	NA	100	100	100	100	100	100	48	GTDB r207
33f824f98ff7e8a76756cca271a381e3	Bacteria	Planctomycetota	Planctomycetia	Pirellulales	Lacipirellulaceae	Bythopirellula	NA	100	100	100	100	100	100	56	GTDB r207
5b8df6ba2a199c5442aa4a2bee79f259	Bacteria	Pseudomonadota	Alphaproteobacteria	Micavibrionales	Micavibrionaceae	UBA10425	UBA10425 sp003499545	100	86	86	86	86	86	86	GTDB r207
ffcfdbf9e7d5b819168356fab9da496e	Bacteria	Patescibacteria	Microgenomatia	UBA1406	GWC2-37-13	NA	NA	100	100	100	100	100	28	28	GTDB r207
7ebb7827c0c8cff246835c10a2fc871c	Bacteria	NA	NA	NA	NA	NA	NA	100	10	9	9	9	9	9	GTDB r207
6633f2116acf2182de42923071b7837e	Bacteria	Chloroflexota	Anaerolineae	Caldilineales	Caldilineaceae	JASGTU01	JASGTU01 sp030058085	100	100	100	100	100	83	83	GTDB r207
6ed075010bdfeb690c7fc12a2c0c3c28	Bacteria	Bacteroidota	Bacteroidia	Cytophagales	Cyclobacteriaceae	Mariniradius	Mariniradius saccharolyticus	100	100	100	100	100	100	100	GTDB r207
5e86faf1271b43edfb69c687c9bc808f	Bacteria	Cyanobacteriota	Cyanobacteriia	Cyanobacteriales	NA	NA	NA	100	82	82	82	75	73	73	GTDB r207
44263f02d83590958e3e762c57e52685	Bacteria	Cyanobacteriota	Cyanobacteriia	PCC-6307	Cyanobiaceae	NA	NA	100	100	100	100	100	11	11	GTDB r207
5176c931834fac16096540e4404aef0b	Bacteria	Pseudomonadota	Gammaproteobacteria	JAURND01	JAURND01	JAQSWO01	JAQSWO01 sp029266595	100	100	100	100	100	100	100	GTDB r207
3c3f95677b84988cb1c363a604d07665	Bacteria	Pseudomonadota	Gammaproteobacteria	Steroidobacterales	Steroidobacteraceae	RPQJ01	NA	100	100	100	100	100	100	65	GTDB r207
85d570311cc213878233b60f0a99c0b9	Bacteria	Pseudomonadota	Gammaproteobacteria	Enterobacterales	DSM-103792	Permianibacter	NA	100	100	100	100	100	100	56	GTDB r207
1fddbaf7527e0b629940a3a13ed5f7f1	Bacteria	Actinomycetota	Actinomycetes	S36-B12	S36-B12	Mxb001	Mxb001 sp004379115	100	100	100	100	100	100	100	GTDB r207
910b17d045814ca0e644564c44a32a34	Bacteria	Actinomycetota	Thermoleophilia	Solirubrobacterales	70-9	67-14	67-14 sp020636955	100	100	100	100	100	100	88	GTDB r207
6bb69600479be81f8a61399ba9ec165a	Bacteria	Planctomycetota	Planctomycetia	Pirellulales	Pirellulaceae	Pirellula_B	Pirellula B sp001610875	100	100	100	100	100	100	91	GTDB r207
d9c4a000697db1bf351d729bfe9dbaca	Bacteria	Patescibacteria	Saccharimonadia	Saccharimonadales	CAIOMD01	JACKGO01	JACKGO01 sp020631975	100	100	100	100	100	85	85	GTDB r207
575fb43bd8f168de7bf646ce3e349025	Bacteria	Patescibacteria	Microgenomatia	UBA1400	PJMF01	NA	NA	100	100	100	100	100	48	48	GTDB r207
286803f7ecd1277770a9540ff89b13a4	Bacteria	Pseudomonadota	Alphaproteobacteria	Rhodobacterales	Rhodobacteraceae	NA	NA	100	100	100	100	100	42	42	GTDB r207
36153f5edc8995c3325a5cbf0c6d1cc4	Bacteria	Pseudomonadota	Alphaproteobacteria	Rhizobiales	Hyphomicrobiaceae	JAEUMD01	JAEUMD01 sp020638055	100	100	100	100	100	99	99	GTDB r207
b50f1ab38d0350aa8d5ed81b392c425a	Bacteria	Actinomycetota	Actinomycetes	Mycobacteriales	Mycobacteriaceae	Mycobacterium	Mycobacterium sp020637165	100	100	100	100	100	100	93	GTDB r207
af6aace32da290cc59fbff4b1e804203	Bacteria	Planctomycetota	Planctomycetia	Pirellulales	Pirellulaceae	Aureliella	Aureliella sp019636385	100	100	100	100	100	100	98	GTDB r207
44cb927d76e90c033c3507397e0c0881	Bacteria	Chloroflexota	Anaerolineae	Caldilineales	Caldilineaceae	Caldilinea	NA	100	100	100	100	100	100	78	GTDB r207
876460273b72f5c74eb92491fc63c6ba	Bacteria	Pseudomonadota	Alphaproteobacteria	Rhodobacterales	Rhodobacteraceae	Albidovulum	NA	100	100	100	100	100	100	49	GTDB r207
8308cd976377e62ec531c34a9850f047	Bacteria	Bacteroidota	Bacteroidia	Flavobacteriales	Vicingaceae	CALALS01	CALALS01 sp030426475	100	100	100	100	100	100	100	GTDB r207
ebb2ddc8c0fcabd09c5f14dccd33d3e3	Bacteria	Planctomycetota	Planctomycetia	NA	NA	NA	NA	100	100	100	70	70	47	15	GTDB r207
c8ed6e7c52bad4b33faa3ad03274e4bd	Bacteria	Bdellovibrionota	UBA2394	UBA2394	UBA2394	1-14-0-20-45-16	1-14-0-20-45-16 sp002787535	100	100	100	100	100	89	89	GTDB r207
dda117f88ea79decc4db133ab9d8ca00	Bacteria	Chloroflexota	Anaerolineae	Caldilineales	Caldilineaceae	NA	NA	100	100	100	100	100	34	34	GTDB r207
3564965307013578d1922e60fc4f7fd7	Bacteria	Patescibacteria	Saccharimonadia	Saccharimonadales	CAIOMD01	JACKGO01	JACKGO01 sp020631975	100	100	100	100	100	92	92	GTDB r207
69e9f22f71edbec8b690b48d2485f81c	Bacteria	Cyanobacteriota	Cyanobacteriia	PCC-6307	Cyanobiaceae	Vulcanococcus	NA	100	100	100	100	100	99	39	GTDB r207
540d02bb6ec5639fc3d410d3a57fb62a	Bacteria	Cyanobacteriota	Cyanobacteriia	Cyanobacteriales	Microcoleaceae	NA	NA	100	100	100	100	81	48	13	GTDB r207
34b695df3f78278d604299f2c4adc80c	Bacteria	Deinococcota	Deinococci	Deinococcales	Deinococcaceae	Deinococcus	Deinococcus radiodurans	100	100	100	100	100	100	100	GTDB r207
b5ef8a08059cecb0d8fdd9f93a56885b	Bacteria	Bacillota	Bacilli	Staphylococcales	Staphylococcaceae	Staphylococcus	Staphylococcus epidermidis	100	100	100	100	100	100	99	GTDB r207
66357b1303d58f0ceba0b1a08bcb0e7b	Bacteria	Verrucomicrobiota	Verrucomicrobiae	Chthoniobacterales	JACTMZ01	JACTMZ01	JACTMZ01 sp018883245	100	100	100	100	100	100	96	GTDB r207
5cb7793bdb00e0cc2d702fc35e63bcfb	Bacteria	Cyanobacteriota	Cyanobacteriia	NA	NA	NA	NA	100	83	83	68	43	18	18	GTDB r207
86aa8996d25823db15006ce884e6ebe7	Bacteria	Pseudomonadota	Alphaproteobacteria	Rhizobiales	Hyphomicrobiaceae	Ga0077530	Ga0077530 sp900117415	100	100	100	100	100	100	100	GTDB r207
1689c1b59f23dce4bd3b68c5e0b1a378	Bacteria	Patescibacteria	WWE3	2-01-FULL-39-13	2-01-FULL-39-13	GCA-002789015	NA	100	100	100	100	100	100	63	GTDB r207
4ab5f1e509cc99ca2871b3d69b14392d	Bacteria	Cyanobacteriota	Cyanobacteriia	NA	NA	NA	NA	98	82	82	73	54	13	13	GTDB r207
042451922c6e12a46e5735685cd701cc	Bacteria	Pseudomonadota	Gammaproteobacteria	GCA-2729495	GCA-2729495	SHZI01	NA	100	100	100	100	100	100	60	GTDB r207
54e509afe7953e1ba5a1e69334c12785	Bacteria	Cyanobacteriota	Cyanobacteriia	Cyanobacteriales	Microcystaceae	Microcystis	NA	100	100	100	100	100	100	57	GTDB r207
d2ed5084fef3864c5f1aee898431e0ab	Bacteria	Patescibacteria	Microgenomatia	UBA1400	PJMF01	NA	NA	100	100	100	100	100	66	43	GTDB r207
44088d95b4cc2a026a36c0135e81e156	Bacteria	Chloroflexota	Anaerolineae	JAAEKA01	JAAEKA01	JAAEKA01	NA	100	100	100	100	100	100	50	GTDB r207
5052a9cc0dc8d92ff75072030e22c58f	Bacteria	Pseudomonadota	Gammaproteobacteria	Steroidobacterales	Steroidobacteraceae	RPQJ01	NA	100	100	100	100	100	100	71	GTDB r207
757304cb92816afc3718dcaac9d64669	Bacteria	Cyanobacteriota	Cyanobacteriia	PCC-6307	Cyanobiaceae	NA	NA	100	100	100	100	100	39	39	GTDB r207
2e8069d9d6ec9b242afd261f0ada907e	Bacteria	Planctomycetota	Planctomycetia	Isosphaerales	Isosphaeraceae	NA	NA	100	100	100	100	100	22	20	GTDB r207
cb418fc57575808bb308ee037d778b65	Bacteria	Pseudomonadota	Gammaproteobacteria	Enterobacterales	Shewanellaceae	Shewanella	NA	100	100	100	100	100	100	70	GTDB r207
5798c1e357476c33673b9927a426435e	Bacteria	Cyanobacteriota	Cyanobacteriia	PCC-6307	Cyanobiaceae	RGUW01	RGUW01 sp027486935	100	100	100	100	100	81	81	GTDB r207
afee2f5a48f79829734c40771e061cfd	Bacteria	Planctomycetota	Planctomycetia	Pirellulales	Pirellulaceae	NA	NA	100	100	100	100	91	23	23	GTDB r207
8897dc034c33d731e9c1787b5a5a1892	Bacteria	Verrucomicrobiota	Verrucomicrobiae	Verrucomicrobiales	DEV007	Arctic95D-9	Arctic95D-9 sp016795385	100	100	100	100	100	100	100	GTDB r207
81c8009a930760624ca699814bce4c1a	Bacteria	Armatimonadota	Fimbriimonadia	Fimbriimonadales	Fimbriimonadaceae	JAHBTC01	JAHBTC01 sp002162095	100	100	100	100	100	100	100	GTDB r207
fb625138396d894db3b70fe82f3948a4	Bacteria	Chloroflexota	Anaerolineae	Anaerolineales	UBA4823	NA	NA	100	100	100	100	100	62	62	GTDB r207
cbd9eb9b769e5dce8df760607545adc5	Bacteria	Pseudomonadota	Alphaproteobacteria	Rickettsiales	Rickettsiaceae	Megaera	Megaera polyxenophila	100	100	100	100	100	100	100	GTDB r207
06cb16acd1f8aa561fdf5d1b2e904e26	Bacteria	Verrucomicrobiota	Verrucomicrobiae	Limisphaerales	CAIMTB01	CAIMTB01	CAIMTB01 sp019634625	100	100	100	100	100	100	100	GTDB r207
189401db703536381731e2f4f004de63	Bacteria	Pseudomonadota	Gammaproteobacteria	Enterobacterales	Shewanellaceae	Shewanella	Shewanella jiangmenensis	100	100	100	100	100	100	100	GTDB r207
7d79541b28f1402cc146bccb5845a4f7	Bacteria	Pseudomonadota	Gammaproteobacteria	Enterobacterales	Vibrionaceae	Vibrio	NA	100	100	100	100	100	100	65	GTDB r207
a886e5f14656767fe4dc40054a210b4e	Bacteria	Bacteroidota	Bacteroidia	Chitinophagales	Saprospiraceae	NA	NA	100	83	83	83	83	47	31	GTDB r207
42ac4f896798c4c84cdbfc027e24357d	Bacteria	Patescibacteria	Paceibacteria	SW-4-49-11	SW-4-49-11	CALRBF01	NA	100	100	100	100	100	100	61	GTDB r207
0b7973f45a76f39436cfccec64f35631	Bacteria	Pseudomonadota	Alphaproteobacteria	Rhodobacterales	Rhodobacteraceae	NA	NA	100	100	100	100	100	13	13	GTDB r207
d69562021022303bb0dc92f9d737e3e0	Bacteria	Planctomycetota	Planctomycetia	Pirellulales	UBA1268	NA	NA	100	100	100	100	100	26	26	GTDB r207
d802764f05d4676cee8ad419d4f995c7	Bacteria	Cyanobacteriota	Cyanobacteriia	Cyanobacteriales	Microcystaceae_B	NA	NA	100	100	100	100	99	63	63	GTDB r207
59613c566d3d17bdb4628da099572ef1	Bacteria	Pseudomonadota	Gammaproteobacteria	Burkholderiales	Burkholderiaceae	Ralstonia	NA	100	100	100	100	100	100	62	GTDB r207
173a8c507d54513c02abe487ddc8cac6	Bacteria	Bacillota	Bacilli	Staphylococcales	Staphylococcaceae	Staphylococcus	Staphylococcus hominis	100	100	100	100	100	100	98	GTDB r207
48ab6343b2cfd136a7d0021932750975	Bacteria	Cyanobacteriota	Cyanobacteriia	Cyanobacteriales	Microcystaceae_B	NA	NA	100	100	100	99	99	48	48	GTDB r207
7fd772b87c50c717937f571287395be3	Bacteria	Cyanobacteriota	Cyanobacteriia	PCC-6307	Cyanobiaceae	Cyanobium	Cyanobium sp015840715	100	100	100	100	100	100	100	GTDB r207
68f240f9055b0f0b31fd9eafc3b7855d	Bacteria	Chloroflexota	Anaerolineae	Caldilineales	Caldilineaceae	NA	NA	100	100	100	100	100	67	67	GTDB r207
a1f7a0af2eb65d0579db35ee14988bbd	Bacteria	Pseudomonadota	Gammaproteobacteria	Pseudomonadales	Moraxellaceae	Moraxella_A	NA	100	100	100	100	100	100	71	GTDB r207
87dfc54d749e173bf2720b786b652d02	Bacteria	Actinomycetota	Acidimicrobiia	UBA5794	ZC4RG35	NA	NA	100	100	100	100	97	58	58	GTDB r207
1c1319559574daf696409bab2694bdab	Bacteria	Bacteroidota	Bacteroidia	Cytophagales	Cyclobacteriaceae	CAJXNP01	CAJXNP01 sp913057175	100	100	100	100	100	85	85	GTDB r207
405b53a87234a2653a6b08a88741321c	Bacteria	Pseudomonadota	NA	NA	NA	NA	NA	100	100	79	68	68	64	64	GTDB r207
2a3b295ef3c4642617bdae5142415e33	Bacteria	Verrucomicrobiota	Verrucomicrobiae	Verrucomicrobiales	DEV007	Arctic95D-9	Arctic95D-9 sp016795385	100	100	100	100	100	100	100	GTDB r207
a88ef7cd91f360ca8078524ce889e170	Bacteria	Pseudomonadota	Alphaproteobacteria	Rhodobacterales	Rhodobacteraceae	NA	NA	100	100	100	100	100	21	21	GTDB r207
681432befedb84e14ef6d8e3fa78849c	Bacteria	Pseudomonadota	Gammaproteobacteria	Burkholderiales	Rhodocyclaceae	NA	NA	100	98	98	98	82	38	22	GTDB r207
f50958a3eafe541bad149c266f58907d	Bacteria	Patescibacteria	Saccharimonadia	Saccharimonadales	SZUA-47	JAUIBF01	JAUIBF01 sp030428125	100	100	100	100	94	80	80	GTDB r207
50ff666cce23361978f7c977417832ce	Bacteria	Bacteroidota	Bacteroidia	Bacteroidales	JAGOPY01	JAGOPY01	NA	100	100	100	100	100	100	72	GTDB r207
e906f9ddc4fae6b7ae7ceae885b1bdf5	Bacteria	Pseudomonadota	Gammaproteobacteria	Xanthomonadales	SZUA-36	JAJRRA01	JAJRRA01 sp024279945	100	100	100	100	100	100	89	GTDB r207
52291268e6655e7c0bd9a47e97348957	Bacteria	Planctomycetota	Planctomycetia	Pirellulales	UBA1268	NA	NA	100	100	100	100	100	34	34	GTDB r207
6ce04b7ac8ad4d86d40666edfef75083	Bacteria	Patescibacteria	Saccharimonadia	Saccharimonadales	CAIOMD01	JACKGO01	JACKGO01 sp020631975	100	100	100	100	100	99	99	GTDB r207
29219493631145d4f1182d497dadf877	Bacteria	Pseudomonadota	Gammaproteobacteria	Steroidobacterales	Steroidobacteraceae	RPQJ01	NA	100	100	100	100	100	100	71	GTDB r207
ee511264f40fefc9b6193d3d1e27a881	Bacteria	Planctomycetota	Planctomycetia	Pirellulales	Pirellulaceae	NA	NA	100	100	100	100	99	78	40	GTDB r207
2e3d80d0a6268bc49f437f417277ed53	Bacteria	Desulfobacterota	Desulfobacteria	Desulfobacterales	NA	NA	NA	100	100	100	100	35	35	35	GTDB r207
8ba692bd0cc20146b3553efdfb08fe7d	Bacteria	NA	NA	NA	NA	NA	NA	100	28	25	21	21	21	21	GTDB r207
04a356847947dc15112a0f2e0dbd2583	Bacteria	Actinomycetota	Actinomycetes	Mycobacteriales	Mycobacteriaceae	Mycobacterium	NA	100	100	100	100	100	100	68	GTDB r207
858b7e71b697ec1a0d8d90fa15e1d3d1	Bacteria	Planctomycetota	Planctomycetia	Pirellulales	UBA1268	NA	NA	100	100	100	100	100	19	19	GTDB r207
0c8f69a9d598a90685e06ec396dd5433	Bacteria	Pseudomonadota	Alphaproteobacteria	Rhodobacterales	Rhodobacteraceae	Albidovulum	NA	100	100	100	100	100	100	30	GTDB r207
521400833a60b75b69802e1661f2a542	Bacteria	Patescibacteria	Microgenomatia	UBA1406	GWC2-37-13	JAGOLU01	JAGOLU01 sp017993865	100	100	100	100	100	81	81	GTDB r207
eb3de7c243ba91da352a565403b9fbe8	Bacteria	Bacteroidota	Bacteroidia	Flavobacteriales	Weeksellaceae	Cruoricaptor	Cruoricaptor ignavus	100	100	100	100	100	100	100	GTDB r207
73095c59347e612c8f93a4acb1ec54a3	Bacteria	Actinomycetota	Acidimicrobiia	Acidimicrobiales	Ilumatobacteraceae	VFMC01	VFMC01 sp963169665	100	100	100	100	100	100	100	GTDB r207
2f5bee6f47e22dc0a6e2e62b7c98168c	Bacteria	Patescibacteria	Saccharimonadia	Saccharimonadales	NA	NA	NA	100	100	100	100	30	30	30	GTDB r207
2d6d5907a8447f6bd21d4da2027e5c9b	Bacteria	Pseudomonadota	Alphaproteobacteria	Micavibrionales	Micavibrionaceae	UBA10425	UBA10425 sp003499545	100	98	98	98	98	98	98	GTDB r207
98d67cd9bd6ed4956c6494b3511210d2	Bacteria	Verrucomicrobiota	Verrucomicrobiae	Limisphaerales	UBA11358	NA	NA	100	100	100	100	100	67	66	GTDB r207
6c7d3788106195f2cb110bc832d7e423	Bacteria	Planctomycetota	Planctomycetia	Pirellulales	Pirellulaceae	Aureliella	Aureliella helgolandensis	100	100	100	100	100	100	92	GTDB r207
6c78ec9d933d6dc839d42fdd838884de	Bacteria	Pseudomonadota	Alphaproteobacteria	Rhodobacterales	Rhodobacteraceae	NA	NA	100	100	100	100	100	47	47	GTDB r207
c303fbf00dcf0c082614afb257ff2e5d	Bacteria	Bacteroidota	Bacteroidia	Flavobacteriales	Flavobacteriaceae	Robiginitalea	NA	100	100	100	100	100	100	71	GTDB r207
97d2141aac23f0ecd4324f1ebf40cc15	Bacteria	Actinomycetota	Acidimicrobiia	Acidimicrobiales	Ilumatobacteraceae	NA	NA	100	98	98	98	98	49	49	GTDB r207
9ebda9760784e9e64abef7a7016b38ef	Bacteria	Verrucomicrobiota	Verrucomicrobiae	Verrucomicrobiales	V1-33	CAJBME01	CAJBME01 sp903954065	100	100	100	100	99	99	99	GTDB r207
f5ae3b8d64cc7e04878ce4f208356fc0	Bacteria	NA	NA	NA	NA	NA	NA	91	9	8	7	7	7	7	GTDB r207
58131cb0fe49d433b38284d63fe435a4	Bacteria	Chloroflexota	Anaerolineae	Caldilineales	Caldilineaceae	Caldilinea	Caldilinea sp020634815	100	100	100	100	100	100	100	GTDB r207
fd1670c032735687cf0dce7657e254a7	Bacteria	Bacteroidota	Bacteroidia	Chitinophagales	Saprospiraceae	Lewinella	Lewinella cohaerens	100	100	100	100	100	97	97	GTDB r207
04694cf70c4bc018f23cfefc46eca96e	Bacteria	Actinomycetota	Nitriliruptoria	Nitriliruptorales	Nitriliruptoraceae	CSBr16-57R1	CSBr16-57R1 sp913060655	100	100	100	100	100	100	99	GTDB r207
710a49797fd0e2e5ef1dc95d37194e8c	Bacteria	Cyanobacteriota	Cyanobacteriia	PCC-6307	Cyanobiaceae	NIES-981	NIES-981 sp018399015	100	100	100	100	100	96	96	GTDB r207
bf5b3c0b4f10e6034333e3d216be984a	Bacteria	Chloroflexota	Anaerolineae	JAAEKA01	JAAEKA01	NA	NA	100	100	100	100	100	71	71	GTDB r207
30d986e196df215b18a5b99b7218073e	Bacteria	Planctomycetota	Planctomycetia	Pirellulales	UBA1268	NA	NA	100	100	100	100	100	74	73	GTDB r207
b290ff0ad7b69ee5c326e1e8f77168fb	Bacteria	Pseudomonadota	Gammaproteobacteria	Pseudomonadales	Moraxellaceae	Acinetobacter	NA	100	99	99	99	99	99	48	GTDB r207
d05d501a5f71c07bb94097288212a662	Bacteria	Chloroflexota	Anaerolineae	Promineifilales	Promineifilaceae	NA	NA	100	100	100	100	100	37	28	GTDB r207
5c5b8046e003700a0d214e578259be82	Bacteria	Pseudomonadota	Alphaproteobacteria	Rhodobacterales	Rhodobacteraceae	NA	NA	100	100	100	100	100	38	37	GTDB r207
ee0fced129e0d6e2891977f14e3ae043	Bacteria	Planctomycetota	Planctomycetia	Planctomycetales	Planctomycetaceae	JACKHO01	JACKHO01 sp020638955	100	100	100	100	100	100	100	GTDB r207
9d8b7dd324e0b052f4ef414b650dfaab	Bacteria	Chloroflexota	Anaerolineae	Anaerolineales	UBA4823	NA	NA	100	90	90	90	84	50	50	GTDB r207
96d1a40e01bac0342c73e9d5eb1b9906	Bacteria	Chloroflexota	Anaerolineae	Caldilineales	Caldilineaceae	Caldilinea	Caldilinea sp020634815	100	100	100	100	100	100	100	GTDB r207
544dbb7449ea86993a41d2bf43f36b62	Bacteria	NA	NA	NA	NA	NA	NA	100	69	69	69	69	69	67	GTDB r207
758c2fc0a83e521e34bef6c7b3d1cd2e	Bacteria	NA	NA	NA	NA	NA	NA	100	79	77	73	73	73	73	GTDB r207
80c06a142d49cb52928ccba9d3507953	Bacteria	Chloroflexota	Anaerolineae	JAAEKA01	JAAEKA01	NA	NA	100	100	100	100	100	76	76	GTDB r207
de86f37bfb6a33fb80099436a124c1b0	Bacteria	Chloroflexota	Anaerolineae	Promineifilales	Promineifilaceae	NA	NA	100	100	100	100	100	60	52	GTDB r207
a36eccbd958ccd454934ac61e472d6d6	Bacteria	NA	NA	NA	NA	NA	NA	100	59	59	58	52	52	52	GTDB r207
995d37b39938942eca1e2420d17ed329	Bacteria	Pseudomonadota	Gammaproteobacteria	Steroidobacterales	Steroidobacteraceae	NA	NA	100	100	100	100	100	60	60	GTDB r207
db914e6f742938700f7709f204318089	Bacteria	Pseudomonadota	Gammaproteobacteria	Burkholderiales	Burkholderiaceae	NA	NA	100	100	100	100	100	53	36	GTDB r207
0d8d3b57cc87d874eb6516c87d3ed781	Bacteria	Bacillota_I	Bacilli_A	NA	NA	NA	NA	100	92	92	70	58	58	58	GTDB r207
9506162019c67385c108f08c1a26d8ae	Bacteria	Actinomycetota	Coriobacteriia	Anaerosomatales	NA	NA	NA	100	100	100	100	47	47	47	GTDB r207
b7bcaa026a95ccc1db4a61890976fa89	Bacteria	Verrucomicrobiota	Verrucomicrobiae	Limisphaerales	AAA164-E04	AAA164-E04	AAA164-E04 sp027619545	100	100	100	100	100	100	100	GTDB r207
19a25db75c0c86a17685ec0fdcb518a4	Bacteria	NA	NA	NA	NA	NA	NA	100	46	46	46	46	46	46	GTDB r207
e36096282cee27f754d7294468c568ab	Bacteria	Actinomycetota	Actinomycetes	Mycobacteriales	Mycobacteriaceae	Corynebacterium	Corynebacterium sp030503635	100	100	100	100	100	100	82	GTDB r207
58fcd35bd7d643afccf0050f8b5f57ea	Bacteria	Pseudomonadota	Gammaproteobacteria	Burkholderiales	Casimicrobiaceae	VBCG01	VBCG01 sp016861105	100	100	100	100	100	99	99	GTDB r207
68fcd4be49ae3c8e9182cf43eed1ef40	Bacteria	NA	NA	NA	NA	NA	NA	100	59	59	59	59	58	58	GTDB r207
48dc4d197e2ea71572cb3eac25806d6f	NA	NA	NA	NA	NA	NA	NA	60	48	48	48	48	48	48	GTDB r207
ebbaa8c5872e256d7158c5ed7359058d	Bacteria	Bacillota	Bacilli	Staphylococcales	Staphylococcaceae	Staphylococcus	NA	100	99	99	99	99	99	51	GTDB r207
fdf76b2054b1518feeaf95b7bdf548f0	Bacteria	Chloroflexota	Anaerolineae	CG2-30-64-16	CG2-30-64-16	CAKZKT01	CAKZKT01 sp937124585	100	100	100	100	100	86	86	GTDB r207
0d0a1a065906f5c1f29651598a8690a7	Bacteria	Verrucomicrobiota	Verrucomicrobiae	Limisphaerales	NA	NA	NA	100	98	98	98	52	28	28	GTDB r207
d7c3a35307bf7be90bd3a3f9f33ce546	Bacteria	Actinomycetota	Acidimicrobiia	Acidimicrobiales	Ilumatobacteraceae	NA	NA	100	96	96	96	96	78	78	GTDB r207
1aaf746acb48edd205acdce93b4c3225	Bacteria	Verrucomicrobiota	Kiritimatiellia	SLAD01	WLWN01	WLWN01	WLWN01 sp012103575	100	100	100	81	81	81	81	GTDB r207
8ce7bc2e9331a91a86be61b9200d6f77	Bacteria	Chloroflexota	Anaerolineae	Promineifilales	Promineifilaceae	NA	NA	100	100	100	100	100	38	38	GTDB r207
46972267c5c84a8f6efd2267a55410c7	Bacteria	Chloroflexota	Anaerolineae	Anaerolineales	UBA4823	NA	NA	100	98	98	98	98	79	79	GTDB r207
4a885f5b1a71578f8185f953bd541d41	Bacteria	Actinomycetota	Actinomycetes	NA	NA	NA	NA	100	100	100	22	22	22	22	GTDB r207
99da404e31a361eebb2c19ff355e53e4	Bacteria	Planctomycetota	Planctomycetia	Pirellulales	NA	NA	NA	100	100	100	100	78	35	35	GTDB r207
5604a9723e3c2900112fed6cace87e27	Bacteria	Pseudomonadota	Alphaproteobacteria	Rhodobacterales	Rhodobacteraceae	Tabrizicola	Tabrizicola sp005222785	100	100	100	100	100	100	98	GTDB r207
0b45426fa6366c01b25221f5256c64d3	Bacteria	Planctomycetota	Planctomycetia	Pirellulales	Pirellulaceae	VGZA01	VGZA01 sp016872775	100	100	100	100	100	100	100	GTDB r207
f92a35b798a6c58cec7e0498dbcb5ec5	Bacteria	Verrucomicrobiota	Verrucomicrobiae	Verrucomicrobiales	V1-33	CAJBME01	CAJBME01 sp903954065	100	100	100	100	98	98	98	GTDB r207
f06d27c599c57534c59b8c82152a8615	Bacteria	Patescibacteria	Saccharimonadia	Saccharimonadales	SZUA-47	JAUIBF01	JAUIBF01 sp030428125	100	100	100	100	100	99	99	GTDB r207
371b0347f06cd3d6aa12b88180f12766	Bacteria	Pseudomonadota	Gammaproteobacteria	Methylococcales	Methylococcaceae	Methylomagnum	NA	100	100	100	100	100	94	71	GTDB r207
28408652e9ec8fa3813b612daedfa28b	Bacteria	Patescibacteria	Paceibacteria	SW-4-49-11	SW-4-49-11	CALRBF01	CALRBF01 sp937864235	100	100	100	100	100	100	100	GTDB r207
f41a08db7da56d2b8377fe1f433caafe	Bacteria	Pseudomonadota	Alphaproteobacteria	Rhodobacterales	Rhodobacteraceae	NA	NA	100	100	100	100	100	33	31	GTDB r207
7d3ea2e5591515cda0046521bd138162	NA	NA	NA	NA	NA	NA	NA	72	72	72	72	72	72	72	GTDB r207
acda4ecd26bafa693c8527c0b89902bd	Bacteria	Pseudomonadota	Alphaproteobacteria	Acetobacterales	Acetobacteraceae	Neoroseomonas	NA	100	100	100	100	100	100	24	GTDB r207
9b0201b236f45e326e0e3688be1e8131	Bacteria	Myxococcota	Myxococcia	Myxococcales	Anaeromyxobacteraceae	Anaeromyxobacter	Anaeromyxobacter sp000017505	100	100	100	100	100	100	93	GTDB r207
3627c3b5738186067a595f4fe6e39e5b	Bacteria	Actinomycetota	Actinomycetes	S36-B12	UBA5976	VGAH01	VGAH01 sp016870945	100	100	100	100	100	100	100	GTDB r207
d89a7d9d9f3efdfc6a9a2fb96931df44	Bacteria	Pseudomonadota	Alphaproteobacteria	Rhizobiales	Rhizobiaceae	Aureimonas_A	Aureimonas A sp001425485	100	84	84	84	84	84	84	GTDB r207
110f7b14478a7ea59665e9e10a19e7d4	Bacteria	Pseudomonadota	Alphaproteobacteria	Rhodobacterales	Rhodobacteraceae	Roseicyclus	Roseicyclus sp015689735	100	100	100	100	100	99	95	GTDB r207
b780087a4eb7b1195006b45a536d1dcc	Bacteria	Verrucomicrobiota	Verrucomicrobiae	Verrucomicrobiales	V1-33	CAJBME01	CAJBME01 sp903954065	100	100	100	100	100	100	100	GTDB r207
ab7120d41fb4d9635b72f38793fe831d	Bacteria	Planctomycetota	Planctomycetia	Gemmatales	Gemmataceae	NA	NA	100	100	100	100	100	56	56	GTDB r207
5b6b78e550d72a72d3c1b26a98bf654c	Bacteria	Patescibacteria	Saccharimonadia	CAILAD01	GCA-016700035	GCA-016700035	GCA-016700035 sp016700035	100	100	100	100	100	100	100	GTDB r207
49873500cfc3acbc0aa636448b2c5486	Bacteria	Planctomycetota	Phycisphaerae	Phycisphaerales	UBA1924	JAHBXC01	JAHBXC01 sp019636675	100	100	100	100	100	100	100	GTDB r207
0a56db4cf8e5d1aa8645dfc6d7056ff9	Bacteria	Patescibacteria	Saccharimonadia	Saccharimonadales	CAIOMD01	NA	NA	100	100	100	100	100	71	71	GTDB r207
4be934bae232079ed0b329145f84e0a7	Bacteria	Actinomycetota	Actinomycetes	S36-B12	CAIYMF01	WLRQ01	WLRQ01 sp016125335	100	100	100	100	92	92	87	GTDB r207
2d0f136a312ec3c2c3eaf2d346affd7e	Bacteria	Dependentiae	Babeliae	Babeliales	NA	NA	NA	100	100	100	100	46	33	33	GTDB r207
ffdfdf5be0007f83a194d5fe67c30790	Bacteria	Planctomycetota	Planctomycetia	Pirellulales	Pirellulaceae	VGZA01	VGZA01 sp016872775	100	100	100	100	100	100	100	GTDB r207
e831e7475b302474bca83931696b99d2	Bacteria	Chloroflexota	Anaerolineae	JAAEKA01	JAAEKA01	JAAEKA01	NA	100	100	100	100	100	100	65	GTDB r207
dcb8050c0e9375f38c8acafcc33912c2	Bacteria	Planctomycetota	Planctomycetia	Pirellulales	Lacipirellulaceae	NA	NA	100	100	100	100	99	36	31	GTDB r207
7bc9a7d8b10cd35278f61d060109f891	Bacteria	Planctomycetota	Phycisphaerae	Phycisphaerales	SM1A02	UBA966	UBA966 sp018883105	100	100	100	100	100	100	82	GTDB r207
5261cd4e9faa7c7486c802646ab76cfd	Bacteria	Chloroflexota	Anaerolineae	Caldilineales	Caldilineaceae	Caldilinea	Caldilinea sp020634815	100	100	100	100	100	100	100	GTDB r207
47d623db2b227ad714a7e3a41f2a551d	Bacteria	Actinomycetota	Thermoleophilia	Solirubrobacterales	70-9	67-14	NA	100	100	100	100	100	99	77	GTDB r207
453b873a3a55ba90a5ae75ea01c92921	Bacteria	Pseudomonadota	Gammaproteobacteria	Methylococcales	Methylococcaceae	Methylomagnum	NA	100	100	100	100	100	92	66	GTDB r207
20f3a1261707fb151ca234e1cf2eaed4	Bacteria	Actinomycetota	Acidimicrobiia	Acidimicrobiales	Ilumatobacteraceae	Ilumatobacter_A	NA	100	99	99	99	99	85	51	GTDB r207
9bad3b91eb27b49df2f91d1a22a40d14	Bacteria	Bacteroidota	Bacteroidia	Bacteroidales	Prolixibacteraceae	Draconibacterium	Draconibacterium sp016705335	100	100	100	100	100	100	100	GTDB r207
f934b10722142a016414588bb668ad48	Bacteria	Bacillota	Bacilli	Exiguobacterales	Exiguobacteraceae	Exiguobacterium	NA	100	100	100	100	100	100	40	GTDB r207
b393e6377a83c792214931fff706e6d8	Bacteria	Patescibacteria	Saccharimonadia	Saccharimonadales	JAGQNK01	JAGQNK01	JAGQNK01 sp029557815	100	100	100	100	91	91	91	GTDB r207
6e4e589d9174b6e171b1c1832e6ccfea	Bacteria	Pseudomonadota	Gammaproteobacteria	Burkholderiales	Thiobacillaceae	Thiobacillus	NA	100	100	100	100	100	100	76	GTDB r207
f0f62086292679e97cb551ef9bb7f167	Bacteria	Chloroflexota	Anaerolineae	CG2-30-64-16	CG2-30-64-16	NA	NA	100	100	100	100	100	71	71	GTDB r207
2e9c26c44901b88ee5564ae62dea0cf7	Bacteria	Chloroflexota	Anaerolineae	Caldilineales	Caldilineaceae	NA	NA	100	100	100	100	100	57	57	GTDB r207
8bb123e211ba6edba7d3c7db0fc557d7	Bacteria	Pseudomonadota	Alphaproteobacteria	JAJTHO01	CANGYM01	CANGYM01	CANGYM01 sp947458235	100	100	100	100	100	100	100	GTDB r207
c63ad3b97ae3fd36566d5851b3e0b096	Bacteria	Planctomycetota	Planctomycetia	Planctomycetales	Planctomycetaceae	SH412	SH412 sp030622045	100	100	100	100	100	99	99	GTDB r207
890292a8c8b9c48d1bca8171fb5d48f9	Bacteria	Planctomycetota	UBA1135	UBA2386	UBA2386	NA	NA	100	100	100	100	100	71	71	GTDB r207
4f0a4195d3c10e5e148604d31ff18c7a	Bacteria	Bacteroidota	Bacteroidia	Bacteroidales	JAGOPY01	JAGOPY01	JAGOPY01 sp017991835	100	100	100	100	100	100	98	GTDB r207
95b90bde7da6b937f2fd12df3220f26d	Bacteria	Patescibacteria	Saccharimonadia	Saccharimonadales	NA	NA	NA	100	100	100	100	67	29	29	GTDB r207
68db1fbdb31fad9123e2c0c9b419bbe3	Bacteria	Planctomycetota	Planctomycetia	Pirellulales	Pirellulaceae	Rhodopirellula	NA	100	100	100	100	100	82	65	GTDB r207
4a5f17939c706a1f15e285d193e2fdf6	Bacteria	Chloroflexota	Anaerolineae	Anaerolineales	Villigracilaceae	Defluviilinea	NA	100	100	100	100	100	100	79	GTDB r207
ec10383177b701185598abe0916612cf	Bacteria	Chloroflexota	Anaerolineae	Epilineales	Epilineaceae	NA	NA	100	100	100	100	100	63	63	GTDB r207
310ffd206ebd0040079d3cc3e4ef7609	Bacteria	Actinomycetota	Acidimicrobiia	Acidimicrobiales	Ilumatobacteraceae	UBA2093	UBA2093 sp016870775	100	100	100	100	100	100	100	GTDB r207
ee6c7d5bc974c9e12a6e7b3f6c34d727	Bacteria	Patescibacteria	Saccharimonadia	Saccharimonadales	NA	NA	NA	100	100	100	100	42	33	33	GTDB r207
18ecd5f1d0be3f0182296852ef919840	Bacteria	NA	NA	NA	NA	NA	NA	100	54	54	54	53	53	53	GTDB r207
d396da490e250f2f575c654beb48477f	Bacteria	Planctomycetota	Planctomycetia	Pirellulales	Pirellulaceae	Rubripirellula	NA	100	100	100	100	100	100	66	GTDB r207
7df079fd769e0367f14070580cd6af7e	Bacteria	NA	NA	NA	NA	NA	NA	100	29	22	21	21	21	21	GTDB r207
daac1fd59d0fc61d3a9f7ce09cb3be7d	Bacteria	Bacteroidota	Bacteroidia	Flavobacteriales	Weeksellaceae	JACJZS01	JACJZS01 sp020635515	100	100	100	100	100	86	86	GTDB r207
da3a8f7f41bb41b57681ea5d2627617d	Bacteria	Bdellovibrionota	Bdellovibrionia	Bdellovibrionales	JAGQZY01	JAGQZY01	JAGQZY01 sp030424715	100	100	100	100	100	100	100	GTDB r207
378f8c3fd234a8e4b48511dfd5d4948c	Bacteria	Bdellovibrionota	Oligoflexia	Silvanigrellales	Silvanigrellaceae	Silvanigrella	NA	100	100	100	99	99	97	35	GTDB r207
dd586a1ae04ed2d129d944286ae71f61	Bacteria	Bacillota	Bacilli	Staphylococcales	Staphylococcaceae	Staphylococcus	Staphylococcus epidermidis	100	100	100	100	100	100	91	GTDB r207
3d174722d09a9cd0b1bc16779f3ed22f	Bacteria	Cyanobacteriota	Cyanobacteriia	PCC-6307	Cyanobiaceae	Vulcanococcus	NA	100	100	100	100	100	84	46	GTDB r207
61c34b8510cd9171723dd78b394250f7	Bacteria	Pseudomonadota	Gammaproteobacteria	Pseudomonadales	Moraxellaceae	Acinetobacter	NA	100	100	100	100	100	100	48	GTDB r207
7c3c35eb2b3a942f3c7ff6b193944a7d	Bacteria	Fusobacteriota	Fusobacteriia	Fusobacteriales	Leptotrichiaceae	Leptotrichia	Leptotrichia sp002240055	100	100	100	100	100	100	100	GTDB r207
49a87e0cd738803ea2eb1bda552c2d0d	Bacteria	Planctomycetota	Planctomycetia	Pirellulales	UBA1268	QWPN01	QWPN01 sp014192425	100	100	100	100	100	81	80	GTDB r207
34e1da6126ea1528f7df3ea18ea9606f	Bacteria	Desulfobacterota	Desulfobacteria	Desulfobacterales	UBA2174_A	SpSt-501	NA	100	100	100	100	99	99	79	GTDB r207
9fd463ca251ea6cba508127806598653	Bacteria	Verrucomicrobiota	Verrucomicrobiae	Chthoniobacterales	JACTMZ01	JACTMZ01	JACTMZ01 sp018883245	100	100	100	100	100	100	100	GTDB r207
2d3d7d6c6c942ca3e27b0e4ab4c561aa	Bacteria	Verrucomicrobiota	Verrucomicrobiae	Chthoniobacterales	JACTMZ01	JACTMZ01	JACTMZ01 sp018883245	100	100	100	100	100	100	100	GTDB r207
cbb3acbbe6de1fed73d5bf60cc295a5a	Bacteria	NA	NA	NA	NA	NA	NA	100	18	18	18	18	18	18	GTDB r207
ca098120714f27ac9eee86d2087df650	Bacteria	Verrucomicrobiota	Verrucomicrobiae	Limisphaerales	NA	NA	NA	100	100	100	100	35	35	35	GTDB r207
c70fb95fcb0b99bcbcdf2eb0d4aa8b19	Bacteria	Planctomycetota	Planctomycetia	Pirellulales	NA	NA	NA	100	100	100	100	76	54	54	GTDB r207
ba7fad601b2eadb5e6f9263e838350ca	Bacteria	Planctomycetota	Planctomycetia	Planctomycetales	Planctomycetaceae	JACKHO01	JACKHO01 sp020638955	100	100	100	100	100	97	97	GTDB r207
1ea324233d3d0f032b39b22816f6fa0a	Bacteria	Planctomycetota	Planctomycetia	Planctomycetales	Planctomycetaceae	SXXK01	NA	100	100	100	100	100	100	63	GTDB r207
2be7fc3a9f46b3b5bea2929f975f1486	Bacteria	Actinomycetota	Acidimicrobiia	Acidimicrobiales	Ilumatobacteraceae	NA	NA	100	100	100	100	100	78	46	GTDB r207
952bb50ac79c501b77aef217e4af4591	Bacteria	Planctomycetota	Planctomycetia	Pirellulales	UBA1268	NA	NA	100	100	100	100	100	40	40	GTDB r207
19de2fabffbfcbf95d62b453546d39be	Bacteria	Pseudomonadota	Gammaproteobacteria	NA	NA	NA	NA	100	100	100	66	66	66	66	GTDB r207
f2326f176f0d9e8bbe4b46566139cf3c	Bacteria	Pseudomonadota	Alphaproteobacteria	Rhizobiales	Rhizobiaceae	NA	NA	100	97	97	97	97	38	31	GTDB r207
3567dfbf3601b0ee7383246b37995cab	Bacteria	Pseudomonadota	Alphaproteobacteria	Sphingomonadales	Sphingomonadaceae	NA	NA	100	100	100	100	100	17	17	GTDB r207
75ff9418b8ada60bc89a647487229793	Bacteria	Pseudomonadota	Alphaproteobacteria	Rhodobacterales	Rhodobacteraceae	Roseicyclus	Roseicyclus sp015689735	100	100	100	100	100	100	98	GTDB r207
0b5b88c50b672ed3fd9b002b9c07d84f	Bacteria	Pseudomonadota	Gammaproteobacteria	Burkholderiales	Burkholderiaceae	Hydrogenophaga	NA	100	100	100	100	100	98	19	GTDB r207
527d2f78510080272996f73f04b7f432	Bacteria	Bacteroidota	Bacteroidia	Flavobacteriales	Flavobacteriaceae	Flavobacterium	Flavobacterium sp004303025	100	100	100	100	100	100	92	GTDB r207
0afa33dd30dccaa8062890e62b62b844	Bacteria	Bacillota	Bacilli	Staphylococcales	Staphylococcaceae	Staphylococcus	Staphylococcus arlettae	100	100	100	100	100	100	99	GTDB r207
7e046ff2dcebe7227098da1c9f37ff03	Bacteria	Verrucomicrobiota	Verrucomicrobiae	Chthoniobacterales	JACTMZ01	JACTMZ01	JACTMZ01 sp018883245	100	100	100	100	100	100	98	GTDB r207
d73970124f8a4bec65bd7fabddcfd6e5	Bacteria	Cyanobacteriota	Cyanobacteriia	Cyanobacteriales	Microcystaceae_B	NA	NA	100	100	100	100	100	55	55	GTDB r207
b77276f56e34bef0cef1d359df15a344	Bacteria	Actinomycetota	Actinomycetes	Mycobacteriales	Mycobacteriaceae	Corynebacterium	NA	100	100	100	100	100	100	49	GTDB r207
2631ce487e7c184c4843dca647675be4	Bacteria	Actinomycetota	Actinomycetes	S36-B12	S36-B12	NA	NA	100	100	100	100	100	74	74	GTDB r207
457448ae1d7c37561ee09d165b92790b	Bacteria	Pseudomonadota	Alphaproteobacteria	Rhizobiales	Rhizobiaceae	NA	NA	100	100	100	100	100	45	45	GTDB r207
98319abd43119f705a937fa8d93c0b21	Bacteria	Actinomycetota	Actinomycetes	S36-B12	GCA-2699445	JAUYJT01	JAUYJT01 sp030700225	100	100	100	97	81	81	81	GTDB r207
0b386b9fe14d9d2d604ee0fabb97d077	Bacteria	Planctomycetota	Planctomycetia	Pirellulales	Pirellulaceae	Mariniblastus	NA	100	100	100	100	100	100	78	GTDB r207
4077553d38ae0ba6ba2ca072ae38bdff	Bacteria	Pseudomonadota	Gammaproteobacteria	Pseudomonadales	Pseudomonadaceae	Stutzerimonas	NA	100	100	100	100	100	100	53	GTDB r207
61bdffdccbc2f586dd09b1ea2f8b7f69	Bacteria	Actinomycetota	Thermoleophilia	Gaiellales	Gaiellaceae	Palsa-739	Palsa-739 sp019683855	100	100	100	100	100	84	84	GTDB r207
8737776a2079ee49e711ca186fc3ab53	Bacteria	Bacteroidota	Bacteroidia	Chitinophagales	LD1	Bog-950	Bog-950 sp026129525	100	100	100	100	100	100	94	GTDB r207
0c3b0e7471e26354f43fbdd78feb7c56	Bacteria	Actinomycetota	Actinomycetes	Mycobacteriales	Mycobacteriaceae	Mycobacterium	NA	100	100	100	100	100	100	73	GTDB r207
6593d2ea71e12e9bec225f960ef78639	Bacteria	Verrucomicrobiota	Verrucomicrobiae	Chthoniobacterales	JACTMZ01	JACTMZ01	JACTMZ01 sp018883245	100	100	100	100	100	100	93	GTDB r207
9888b0329b7a5b3272935502e98c61c4	Bacteria	Cyanobacteriota	Cyanobacteriia	PCC-6307	Cyanobiaceae	Vulcanococcus	NA	100	100	100	100	100	100	46	GTDB r207
df0fb732fc745ea1cb642a51efb0ac17	Bacteria	NA	NA	NA	NA	NA	NA	99	67	67	63	49	43	43	GTDB r207
8daa8e7b57072d8bb121cad775a04f7b	Bacteria	Bacillota	Bacilli	Bacillales_B	DSM-18226	Bacillus_AZ	NA	100	100	100	100	100	95	51	GTDB r207
2f16984f757a5f213bfb91fbfebd54cd	Bacteria	Bdellovibrionota	Oligoflexia	Oligoflexales	Oligoflexaceae	Oligoflexus	Oligoflexus tunisiensis	100	100	100	100	100	100	100	GTDB r207
7765c3686c7fea8d51d1145a0f7195cc	Bacteria	Pseudomonadota	Gammaproteobacteria	Burkholderiales	Burkholderiaceae	UBA2463	UBA2463 sp018402635	100	100	100	100	100	100	100	GTDB r207
520349b80c0ab9da6935406532b5ccbf	Bacteria	Chloroflexota	Anaerolineae	Promineifilales	Promineifilaceae	NA	NA	100	100	100	100	100	77	24	GTDB r207
789eddbf3c82e2c7dbc2842b4a77d069	Bacteria	NA	NA	NA	NA	NA	NA	100	37	37	21	17	17	17	GTDB r207
728f46e2534b8f36e46cc2d6903e7be0	Bacteria	Planctomycetota	Planctomycetia	Planctomycetales	Planctomycetaceae	SXXK01	SXXK01 sp903921605	100	100	100	100	100	99	98	GTDB r207
7585cac3112fb8cf3da0201447b13268	Bacteria	Pseudomonadota	Gammaproteobacteria	Enterobacterales	Shewanellaceae	Shewanella	Shewanella khirikhana	100	100	100	100	100	100	93	GTDB r207
013c7fcafa71b63aa121ade3722880b1	Bacteria	Planctomycetota	Planctomycetia	Pirellulales	Pirellulaceae	Rubripirellula	NA	100	100	100	100	100	100	69	GTDB r207
124c51f4f993a9061198ca73474f401a	Bacteria	Chloroflexota	Anaerolineae	Anaerolineales	NA	NA	NA	100	85	85	85	79	61	61	GTDB r207
35be46b0de05bfba24fd25f9130ca36d	Bacteria	Planctomycetota	Planctomycetia	Planctomycetales	Planctomycetaceae	NA	NA	100	100	100	100	100	67	67	GTDB r207
da2070f66138b26f7df3d95a4d9cb582	Bacteria	Chloroflexota	Anaerolineae	J102	J102	SSF26	SSF26 sp029782215	100	100	100	100	100	100	100	GTDB r207
5620219a1132b366842eae727e969546	Bacteria	Patescibacteria	Microgenomatia	UBA1400	PJMF01	NA	NA	100	100	100	100	100	78	67	GTDB r207
01b0325e21708a5d685bd8906dfc62a6	Bacteria	Planctomycetota	Planctomycetia	Pirellulales	Pirellulaceae	NA	NA	100	100	100	100	94	18	18	GTDB r207
d47ae55efc1d732d821105bb93909aeb	Bacteria	Patescibacteria	Saccharimonadia	Saccharimonadales	CAIOMD01	JACKGO01	JACKGO01 sp020631975	100	100	100	100	100	85	85	GTDB r207
862fcc83809e307b29395450a0354c2c	Bacteria	Chloroflexota	Limnocylindria	Limnocylindrales	CSP1-4	NA	NA	100	100	100	100	100	70	70	GTDB r207
4d9defe7ea8ed1a8fd733af0e4856de7	Bacteria	Chloroflexota	Anaerolineae	JAAEKA01	JAAEKA01	JAAEKA01	NA	100	100	100	100	100	100	53	GTDB r207
dde5d252b76de7efabed0bad7af38b27	Bacteria	Chloroflexota	Limnocylindria	Limnocylindrales	CSP1-4	CAIXZV01	CAIXZV01 sp021802825	100	100	100	100	100	100	93	GTDB r207
57ee0325ef3d936a1132715c49305a14	Archaea	Asgardarchaeota	Lokiarchaeia	Sigynarchaeales	SOKP01	SOKP01	SOKP01 sp013375475	100	100	100	100	100	100	100	GTDB r207
1de6cd9a702b55fdfddce0a3f55af2f1	Bacteria	NA	NA	NA	NA	NA	NA	100	76	76	76	71	58	58	GTDB r207
37b9cec2ff750ce30cafce1b011d9536	Bacteria	Bacillota_I	Bacilli_A	NA	NA	NA	NA	100	87	87	72	65	65	65	GTDB r207
0cf783123d2fd16f7cf86262aeb17907	Bacteria	Cyanobacteriota	Cyanobacteriia	PCC-6307	Cyanobiaceae	NIES-981	NIES-981 sp018399015	100	100	100	100	100	88	84	GTDB r207
1ab7bfe3cc42fc5a54b6f96958146d88	Bacteria	Bdellovibrionota	Bdellovibrionia	Bdellovibrionales	JAGQZY01	JACKAL01	JACKAL01 sp020635085	100	100	100	100	100	100	100	GTDB r207
9afc0c41c614e6aa82d6cc586627b21a	Bacteria	Bacteroidota	Bacteroidia	CAIKAF01	CAIKAF01	CAIKAF01	CAIKAF01 sp016866335	100	100	100	100	100	100	100	GTDB r207
e513b0bde7fd93dacfae9f73608a999a	Bacteria	Actinomycetota	Actinomycetes	Mycobacteriales	Mycobacteriaceae	Corynebacterium	Corynebacterium sp030232585	100	100	100	100	100	100	98	GTDB r207
9388431072d6e160c67667bb95b5cb7e	Bacteria	Pseudomonadota	Gammaproteobacteria	Steroidobacterales	Steroidobacteraceae	13-2-20CM-66-19	13-2-20CM-66-19 sp028293765	100	100	100	100	100	100	100	GTDB r207
a353b0c71ce2d389130394cfee4f732e	Bacteria	Bacteroidota	Bacteroidia	NS11-12g	UBA955	NA	NA	100	100	100	100	87	71	71	GTDB r207
133e4bbb79d4b661a66725c095b915d7	Bacteria	Cyanobacteriota	Cyanobacteriia	PCC-6307	Cyanobiaceae	Vulcanococcus	NA	100	100	100	100	100	100	41	GTDB r207
2496c42566a8847dfbe1273e7c3af658	Bacteria	Planctomycetota	Planctomycetia	Pirellulales	UBA1268	NA	NA	100	100	100	100	100	45	45	GTDB r207
1351658787ef63ce0dadfceb28b6f63a	Bacteria	NA	NA	NA	NA	NA	NA	100	73	73	73	73	73	73	GTDB r207
6cd3374996a2930fe8e367b1d075dc65	Bacteria	Pseudomonadota	Alphaproteobacteria	Rhizobiales	Hyphomicrobiaceae	NA	NA	100	100	100	100	100	77	62	GTDB r207
7dbb299613aa192561378e5672677f4d	Bacteria	Planctomycetota	Planctomycetia	Pirellulales	Pirellulaceae	BJ22	BJ22 sp021298375	100	100	100	100	100	100	100	GTDB r207
5e596daba01f12d5b24747e233662ee0	Bacteria	Pseudomonadota	Gammaproteobacteria	Methylococcales	Methylococcaceae	Methylomagnum	NA	100	100	100	100	100	89	74	GTDB r207
f78323f9df5b54b6f104d8eda5045cd0	Bacteria	Bacillota	Bacilli	Bacillales_B	DSM-18226	NA	NA	100	100	100	100	91	76	50	GTDB r207
168dde77b3f4b38ea7ef9b9dddcceae5	Bacteria	NA	NA	NA	NA	NA	NA	100	73	73	73	62	61	61	GTDB r207
d6a0ef9e7b66ebb64ee3e38f778f1693	Bacteria	Bdellovibrionota	UBA1018	UBA1018	UBA923	UBA923	UBA923 sp002387735	100	100	100	100	94	94	94	GTDB r207
7464ed120e26108b911f8ff899b00f48	Bacteria	Bacillota	Bacilli	Staphylococcales	Staphylococcaceae	Staphylococcus	Staphylococcus arlettae	100	100	100	100	100	100	100	GTDB r207
2e672d8a7b8406057c07726b9efe0caa	Bacteria	Pseudomonadota	Alphaproteobacteria	Rhizobiales	Aestuariivirgaceae	Aestuariivirga	Aestuariivirga litoralis	100	100	100	100	100	100	85	GTDB r207
5f969be205155e962a017c52d84a9cad	Bacteria	Bacillota	Bacilli	Staphylococcales	Staphylococcaceae	Staphylococcus	NA	100	100	100	100	100	100	66	GTDB r207
6c8dfb6ab873ab7d39f45024e9f82141	Bacteria	Bacillota	Bacilli	Lactobacillales	Lactobacillaceae	Lactobacillus	Lactobacillus sp027681045	100	100	100	100	100	100	100	GTDB r207
6c50c2ec00a1bb5bd4811141137809d6	Bacteria	Planctomycetota	Planctomycetia	Pirellulales	UBA1268	NA	NA	100	100	100	100	100	44	44	GTDB r207
46bb96b14b8a6f40c040efc8b2dab384	Bacteria	Cyanobacteriota	Cyanobacteriia	PCC-6307	Cyanobiaceae	NA	NA	100	100	100	100	100	31	31	GTDB r207
3a9b02cf41312d709dd05db2188cc09d	Bacteria	Bacillota	Bacilli	Staphylococcales	Staphylococcaceae	Staphylococcus	NA	100	100	100	100	100	100	43	GTDB r207
5591125258126bf4359f7ac9d1b026dc	Bacteria	NA	NA	NA	NA	NA	NA	100	59	59	59	59	59	59	GTDB r207
db83bdc9165170ff80f2c818f86793a9	Bacteria	NA	NA	NA	NA	NA	NA	100	78	78	78	78	29	29	GTDB r207
c4f475ba2c2ce207bb7d2442c3fb4a7b	Bacteria	Verrucomicrobiota	Verrucomicrobiae	Chthoniobacterales	JACTMZ01	JACTMZ01	JACTMZ01 sp018883245	100	100	100	100	100	100	99	GTDB r207
573cd7b4c116e230dc385dbb25e485ff	Bacteria	Bacillota_A	Clostridia	Clostridiales	Clostridiaceae	Clostridium	NA	100	100	100	100	100	96	70	GTDB r207
2238d82862f3ac093c926cf9309367e4	Bacteria	Chloroflexota	Anaerolineae	J036	Brachytrichaceae	Roseilinea	NA	100	100	100	100	100	100	44	GTDB r207
3b32e8a07152232a0f69a2e97e210525	Bacteria	Cyanobacteriota	Cyanobacteriia	Cyanobacteriales	NA	NA	NA	100	100	100	100	68	29	29	GTDB r207
a75d9e0efa833580847bdfa12df28c73	Bacteria	NA	NA	NA	NA	NA	NA	100	39	39	39	39	39	39	GTDB r207
5654226a299d5801e308e1e0080f4c30	Bacteria	Pseudomonadota	Gammaproteobacteria	Enterobacterales	NA	NA	NA	100	100	100	100	55	17	7	GTDB r207
f315a1f9e027536fb6e446148b6c0001	Bacteria	Planctomycetota	Phycisphaerae	Phycisphaerales	SM1A02	CALMPF01	CALMPF01 sp937871505	100	100	100	100	100	95	95	GTDB r207
3d745551f6e65505b4f0313d4d70ba7b	Bacteria	NA	NA	NA	NA	NA	NA	95	72	72	62	25	25	25	GTDB r207
1d27670e8a754408ca4e4ad5725ca31a	Bacteria	Pseudomonadota	Gammaproteobacteria	Burkholderiales	NA	NA	NA	100	100	100	100	32	32	32	GTDB r207
5af12af4fc1b7731940f5f9d41612b13	Bacteria	Actinomycetota	Acidimicrobiia	Acidimicrobiales	Ilumatobacteraceae	Casp-actino8	NA	100	100	100	100	100	100	44	GTDB r207
6b447cb5698a0e9d1dc898a49c4e92c6	Bacteria	Bacteroidota	Bacteroidia	Cytophagales	Cyclobacteriaceae	UBA2336	UBA2336 sp030584025	100	100	100	100	100	100	83	GTDB r207
d02a8ed15ecca0a5d04d9883db4355c0	Bacteria	Planctomycetota	Planctomycetia	Pirellulales	UBA1268	NA	NA	100	100	100	100	100	51	51	GTDB r207
b6612c3da838f3390a47885c51b12573	Bacteria	Actinomycetota	Actinomycetes	Propionibacteriales	Nocardioidaceae	Nocardioides	NA	100	100	100	100	100	100	65	GTDB r207
5f07a1229911be9e8c184e2429a4d116	Bacteria	Planctomycetota	Planctomycetia	Pirellulales	UBA1268	NA	NA	100	100	100	100	100	48	48	GTDB r207
06cccdd7118dd128dcd624ff80feda1e	Bacteria	Chloroflexota	Anaerolineae	JAAEKA01	JAAEKA01	JAAEKA01	NA	100	100	100	100	100	100	61	GTDB r207
d3a2f0467960e0c7ac6d46b53e0b6869	Bacteria	Pseudomonadota	Alphaproteobacteria	Rhodobacterales	Rhodobacteraceae	NA	NA	100	100	100	100	100	53	26	GTDB r207
21463f5b0f70644de44810a2afb31b91	Bacteria	Planctomycetota	Planctomycetia	Pirellulales	Pirellulaceae	Aureliella	Aureliella helgolandensis	100	100	100	100	100	100	100	GTDB r207
12554223b713caf72eece0461c831fa6	Bacteria	Patescibacteria	Microgenomatia	UBA1406	GWC2-37-13	JAKBEU01	JAKBEU01 sp021833625	100	100	100	100	100	100	88	GTDB r207
7e6f56dfb73440d0e63186e928e4d127	Bacteria	Planctomycetota	Planctomycetia	Planctomycetales	Planctomycetaceae	SXXK01	SXXK01 sp903921605	100	100	100	100	100	100	99	GTDB r207
b016db43baf752d2959187e20c9a7d44	Bacteria	Pseudomonadota	Gammaproteobacteria	Enterobacterales	Vibrionaceae	Aliivibrio	Aliivibrio sp024206155	100	100	100	100	100	100	100	GTDB r207
114efae3bc438e6463d19b960671a034	Bacteria	Pseudomonadota	Gammaproteobacteria	Pseudomonadales	Pseudomonadaceae	Pseudomonas_E	NA	100	100	100	100	100	100	8	GTDB r207
ba18766f52e3982685b9757426c5f9e3	Bacteria	Pseudomonadota	Gammaproteobacteria	Enterobacterales	Vibrionaceae	NA	NA	100	100	100	100	100	53	53	GTDB r207
8d4f6d23d38767a64c05ebec71e59ec9	Bacteria	Actinomycetota	Actinomycetes	Actinomycetales	Micrococcaceae	Micrococcus	Micrococcus cohnii	100	100	100	100	100	100	100	GTDB r207
3f1602b25febdb074bf6166b1106ab02	Bacteria	Bacteroidota	Bacteroidia	Flavobacteriales	Crocinitomicaceae	NA	NA	100	100	100	100	100	63	47	GTDB r207
c9e4d64a336b07090f3848d4f7804903	Bacteria	Cyanobacteriota	Cyanobacteriia	PCC-6307	Cyanobiaceae	Cyanobium	Cyanobium sp024958655	100	100	100	100	100	99	95	GTDB r207
4534f9d9f09876c5a0addad8118a6236	Bacteria	Planctomycetota	Phycisphaerae	Phycisphaerales	SM1A02	VGXO01	VGXO01 sp016873275	100	100	100	100	100	100	100	GTDB r207
b9cce6fb2ae657bbdebc0be854bb6152	Bacteria	Chloroflexota	Limnocylindria	Limnocylindrales	CSP1-4	NA	NA	100	100	100	100	100	53	53	GTDB r207
7503cf2700c626a75e86eb0bdb2a3564	Bacteria	NA	NA	NA	NA	NA	NA	100	70	69	68	68	68	68	GTDB r207
f5ef8e264a32d0bddf3cecc01391a350	Bacteria	Planctomycetota	Planctomycetia	Planctomycetales	Planctomycetaceae	Fuerstiella	Fuerstiella marisgermanici	100	100	100	100	100	100	98	GTDB r207
eb9d9a29095f23051397c10fc6910ddf	Bacteria	Pseudomonadota	Gammaproteobacteria	NA	NA	NA	NA	100	100	100	32	32	24	24	GTDB r207
468f12974415836552d443a06e5b11e7	Bacteria	Chloroflexota	Anaerolineae	Caldilineales	Caldilineaceae	NA	NA	100	100	100	100	100	67	58	GTDB r207
62cbc566cc5804cd2929c9b0c57d4292	Bacteria	Dependentiae	Babeliae	Babeliales	NA	NA	NA	100	100	100	100	27	27	27	GTDB r207
0b3f2decff3241fe5c1a93cd0f29805b	Bacteria	Bacillota	Bacilli	Staphylococcales	Salinicoccaceae	Salinicoccus	Salinicoccus qingdaonensis	100	100	100	100	100	100	100	GTDB r207
0248ccb2141234516e01667e01ac73bd	Bacteria	Bacteroidota	Bacteroidia	Cytophagales	Cyclobacteriaceae	Mariniradius	Mariniradius saccharolyticus	100	100	100	100	100	100	100	GTDB r207
6e1e871b3a24d3d5b0f65aaaa78e4704	Bacteria	Actinomycetota	Actinomycetes	Actinomycetales	Demequinaceae	Demequina	NA	100	100	100	100	100	100	25	GTDB r207
2ba84946fc0148a0b246bed0f21f55ad	Archaea	Thermoproteota	Bathyarchaeia	Bathyarchaeales	UBA233	A05DMB-2	A05DMB-2 sp026014595	86	86	86	86	86	86	86	GTDB r207
c0e73abf6fc4f0c50160ce699e1970e1	Bacteria	NA	NA	NA	NA	NA	NA	100	33	33	33	33	33	33	GTDB r207
7327c68e90f4868dc7d4dccffa834500	Bacteria	Actinomycetota	Actinomycetes	Actinomycetales	Micrococcaceae	Kocuria	Kocuria rhizophila	100	100	100	100	100	100	85	GTDB r207
36b2e0afb691f98162fb4fa686e0c8cf	Bacteria	Bacteroidota	Bacteroidia	Flavobacteriales	Flavobacteriaceae	NA	NA	100	100	100	100	100	50	50	GTDB r207
f2c2974cff9b079a5a881e41a8f9a7bb	Bacteria	Planctomycetota	Planctomycetia	Pirellulales	UBA1268	UBA4655	UBA4655 sp002405515	100	100	100	100	100	94	94	GTDB r207
3b394acfb5f3d5a37843693cb6de5c3f	Bacteria	Bacteroidota	Bacteroidia	Flavobacteriales	Flavobacteriaceae	Flavobacterium	NA	100	100	100	100	100	100	24	GTDB r207
2e3a8eeef3f55c950d09ef0b12f46da3	Bacteria	Planctomycetota	UBA1135	UBA2386	UBA2386	NA	NA	100	98	98	98	98	66	66	GTDB r207
70efefb8658b0c2a7177abdc1d08c70a	Bacteria	Planctomycetota	Planctomycetia	Pirellulales	UBA1268	NA	NA	100	100	100	100	100	27	27	GTDB r207
ed4424b4a356751dd4afc39496b1ffb7	Bacteria	Bacillota	Bacilli	Staphylococcales	Staphylococcaceae	Staphylococcus	Staphylococcus hominis	100	100	100	100	100	100	100	GTDB r207
d344632a0798badb042913088dd62371	Bacteria	Actinomycetota	Actinomycetes	S36-B12	S36-B12	Mxb001	Mxb001 sp004379115	100	100	100	100	100	100	100	GTDB r207
0a83a6a2c3d3eae21b28b3deaed2405c	Bacteria	NA	NA	NA	NA	NA	NA	100	25	25	25	25	25	25	GTDB r207
d69f6e4ae63c83345a951c3b0c58d3a8	Bacteria	Verrucomicrobiota	Verrucomicrobiae	Chthoniobacterales	JACTMZ01	JACTMZ01	JACTMZ01 sp018883245	100	100	100	100	100	100	99	GTDB r207
5abfc70b91e1369c0931da145c3e0bda	Bacteria	Verrucomicrobiota	Verrucomicrobiae	Chthoniobacterales	JACTMZ01	JACTMZ01	JACTMZ01 sp018883245	100	100	100	100	100	100	98	GTDB r207
76d488f13b562d04821df4066b77a4aa	Bacteria	Cyanobacteriota	Cyanobacteriia	PCC-6307	Cyanobiaceae	Vulcanococcus	NA	100	100	100	100	100	98	47	GTDB r207
4fe5ad325d5342ea1025e2edddb53cf8	Bacteria	Pseudomonadota	Gammaproteobacteria	UBA6186	UBA6186	UBA6186	UBA6186 sp903827925	100	100	100	100	100	100	100	GTDB r207
3b560bf622ec57526e933cabe1118393	Bacteria	Pseudomonadota	Gammaproteobacteria	Enterobacterales	Vibrionaceae	Aliivibrio	Aliivibrio sp024206155	100	100	100	100	100	100	100	GTDB r207
09c7d2a18590d40816387891ac0b66f7	Bacteria	Planctomycetota	Planctomycetia	Pirellulales	Pirellulaceae	NA	NA	100	100	100	100	90	37	37	GTDB r207
f57fb112889e871395dcc083be8d43b3	Bacteria	Chloroflexota	Anaerolineae	Promineifilales	Promineifilaceae	NA	NA	100	100	100	100	100	73	52	GTDB r207
f7141ab986f63148d1ac942cc69c4872	Bacteria	Bdellovibrionota	Oligoflexia	Oligoflexales	Oligoflexaceae	NA	NA	100	100	100	100	100	45	45	GTDB r207
304d780b7296a8786755da3fa3e846f2	Bacteria	NA	NA	NA	NA	NA	NA	87	5	4	4	4	4	4	GTDB r207
d8db1fa425cdf08a16fb50100d950b17	Bacteria	Pseudomonadota	Alphaproteobacteria	Sphingomonadales	Sphingomonadaceae	NA	NA	100	100	100	100	100	51	51	GTDB r207
d24f0b4fc45f4ebb9b1714cf3f835ecd	Bacteria	Planctomycetota	Planctomycetia	Gemmatales	Gemmataceae	Fimbriiglobus	Fimbriiglobus ruber	100	100	100	100	100	100	100	GTDB r207
8ed10589bcc7e1f7b862028890971ca7	Bacteria	Pseudomonadota	Alphaproteobacteria	Rhodobacterales	Rhodobacteraceae	NA	NA	100	100	100	100	100	26	23	GTDB r207
675f11d0669195f5e4dea4b5940ce60b	Bacteria	Chloroflexota	Anaerolineae	Anaerolineales	UBA4823	NA	NA	100	100	100	100	100	55	26	GTDB r207
5818c8bcbbf9ea7e4b22c553ee70eb0b	Bacteria	Actinomycetota	Actinomycetes	Actinomycetales	Demequinaceae	Demequina	NA	100	100	100	100	100	100	51	GTDB r207
6de2dbcf0ea0157ec5b30d59fc98d4c1	Bacteria	Planctomycetota	Planctomycetia	Pirellulales	Pirellulaceae	SKKK01	SKKK01 sp023382975	100	100	100	100	100	100	100	GTDB r207
7b74f125b9727b6d93d591d47214c6da	Bacteria	Actinomycetota	Acidimicrobiia	Acidimicrobiales	Ilumatobacteraceae	Ilumatobacter	NA	100	100	100	100	100	98	73	GTDB r207
a14001a441f640c1c37b8703b388a54f	Bacteria	Chloroflexota	Anaerolineae	Caldilineales	Caldilineaceae	Caldilinea	Caldilinea sp020634815	100	100	100	100	100	100	100	GTDB r207
a17c4e3bc1d23da64f2771ff13190018	Bacteria	Pseudomonadota	Alphaproteobacteria	Rhodobacterales	Rhodobacteraceae	Gemmobacter	Gemmobacter aquaticus	100	100	100	100	100	100	100	GTDB r207
363e6075698ba2fba89cd9d0b8c4b362	Bacteria	Desulfobacterota	Desulfobacteria	Desulfobacterales	UBA2174_A	SpSt-501	SpSt-501 sp030834695	100	100	100	100	100	100	100	GTDB r207
5ff9467e0518046012e28278d2c6e854	Bacteria	Pseudomonadota	Gammaproteobacteria	NA	NA	NA	NA	100	100	100	55	55	55	55	GTDB r207
6d0d557d3cf596d213e310bf840dd07e	Bacteria	Chloroflexota	Anaerolineae	Caldilineales	Caldilineaceae	NA	NA	100	100	100	100	100	61	61	GTDB r207
10c8ff45ea1a8d0c87a9f744f381523e	Bacteria	Pseudomonadota	Alphaproteobacteria	Rhodobacterales	Rhodobacteraceae	NA	NA	100	100	100	100	100	22	22	GTDB r207
bf6a56170578bf2a585e48d96b342221	Bacteria	Actinomycetota	Actinomycetes	NA	NA	NA	NA	100	100	100	62	48	39	35	GTDB r207
69e479959df2e938dcf96e6b7c4e1f4b	Bacteria	Planctomycetota	Planctomycetia	Pirellulales	Pirellulaceae	Anammoximicrobium	Anammoximicrobium sp012515235	100	100	100	100	100	100	100	GTDB r207
2c4ed439b5bd281f80630c55be83f487	Bacteria	Bacteroidota	Bacteroidia	Flavobacteriales	Weeksellaceae	JACJZS01	JACJZS01 sp020635515	100	100	100	100	100	100	100	GTDB r207
b1b5332bb3b9b6f4c0cdf760541f27d4	Bacteria	Bacteroidota	Bacteroidia	Chitinophagales	Saprospiraceae	NA	NA	100	92	92	92	92	22	19	GTDB r207
793b48fd7d4c3d35f7c93a68762b36d4	Bacteria	Planctomycetota	Phycisphaerae	Phycisphaerales	SM1A02	ZLKRG44	ZLKRG44 sp018882625	100	100	100	100	100	100	100	GTDB r207
505bd1ec5d72a842ac7106d941d46db0	Bacteria	Bacillota	Bacilli	Staphylococcales	Staphylococcaceae	Staphylococcus	Staphylococcus haemolyticus	100	100	100	100	100	100	90	GTDB r207
42ed73d29e7793314eaf906c2be8109b	Bacteria	Chloroflexota	Anaerolineae	Caldilineales	Caldilineaceae	JACQGT01	JACQGT01 sp019637685	100	100	100	100	100	100	100	GTDB r207
90ecb7ee2e24af8219b848ad293ed2f7	Bacteria	Pseudomonadota	Alphaproteobacteria	Rhodobacterales	Rhodobacteraceae	Amaricoccus	NA	100	100	100	100	100	97	65	GTDB r207
8f40b2fb877f2f950888858080f1aad1	Bacteria	Bacteroidota	Kapaibacteriia	Kapaibacteriales	Kapaibacteriaceae	UBA10438	NA	100	100	100	100	100	80	39	GTDB r207
e7cd88a42bb377c8b3b5e5207e6be458	Bacteria	Planctomycetota	Planctomycetia	Pirellulales	UBA1268	NA	NA	100	100	100	100	100	69	69	GTDB r207
b617dc4097f5a6bc79de71a3a5dfa9df	Bacteria	Bacillota_I	Bacilli_A	NA	NA	NA	NA	100	80	80	75	61	61	61	GTDB r207
8705bd2130a1c08c10a118dc270cc6ea	Bacteria	NA	NA	NA	NA	NA	NA	100	70	70	70	70	70	70	GTDB r207
7ad8999c7988cbf083f0ec4fcb0919e6	Bacteria	Actinomycetota	Thermoleophilia	Solirubrobacterales	70-9	67-14	NA	100	100	100	100	100	100	76	GTDB r207
da7eaa61e69610bcdafb578831ed792d	Bacteria	Actinomycetota	Actinomycetes	Actinomycetales	Micrococcaceae	Micrococcus	NA	100	100	100	100	100	100	77	GTDB r207
cbb083c6aa0d2ccdc69b8d7c76ae76dd	Bacteria	Verrucomicrobiota	Verrucomicrobiae	Chthoniobacterales	JACTMZ01	JACTMZ01	JACTMZ01 sp018883245	100	100	100	100	100	100	89	GTDB r207
acc7edfa1ffd34a0e523bc118299e4be	Bacteria	Patescibacteria	Saccharimonadia	Saccharimonadales	NA	NA	NA	100	100	100	100	33	17	17	GTDB r207
1b1fa401f4cd553ddf123f54fda83a39	Bacteria	Bacillota	Bacilli	Staphylococcales	Staphylococcaceae	Staphylococcus	Staphylococcus hominis	100	100	100	100	100	100	100	GTDB r207
9792c337977edea80ad91e4300bb803e	Bacteria	Pseudomonadota	Gammaproteobacteria	Enterobacterales	NA	NA	NA	100	100	100	100	50	15	8	GTDB r207
9cadbc09e330556d7c5c03b5e27bbceb	Bacteria	Actinomycetota	Actinomycetes	S36-B12	S36-B12	Mxb001	Mxb001 sp004379115	100	100	100	100	100	100	100	GTDB r207
2c11db25d133c5a32434537156ee683d	NA	NA	NA	NA	NA	NA	NA	71	63	63	61	59	59	59	GTDB r207
28e1806e79732c02f6bc200c0cae38f3	Bacteria	Bacillota_A	Clostridia	Peptostreptococcales	Acidaminobacteraceae	Fusibacter_C	Fusibacter C tunisiensis	100	100	100	100	100	99	98	GTDB r207
204585d9c6262c63a4b2dc6be2cc5d80	Bacteria	Planctomycetota	Planctomycetia	Planctomycetales	Planctomycetaceae	JAQCEJ01	JAQCEJ01 sp027618475	100	100	100	100	100	100	100	GTDB r207
c6b10c26bec8b7f0d152abb2f582f50b	Bacteria	Cyanobacteriota	Cyanobacteriia	PCC-6307	Cyanobiaceae	NA	NA	100	100	100	100	100	69	26	GTDB r207
8d13433b8eb6655c8c462ba96b02fd61	Bacteria	Bacteroidota	Bacteroidia	Bacteroidales	JAGOPY01	JAGOPY01	NA	100	100	100	100	100	100	71	GTDB r207
9c2c0df6ccc3bbca650c5acd2c67c856	Bacteria	Actinomycetota	UBA4738	UBA4738	HRBIN12	AC-51	NA	100	100	100	100	100	96	67	GTDB r207
523ac9ebc5108c799030726af50c02ba	Bacteria	Chloroflexota	Anaerolineae	Caldilineales	Caldilineaceae	NA	NA	100	100	100	100	100	57	57	GTDB r207
d8db74e5e4d7934f6a461cb3461ed780	Bacteria	Planctomycetota	Planctomycetia	Pirellulales	NA	NA	NA	100	100	100	100	60	44	44	GTDB r207
b098662f5e4872945c8b4becef5f4a64	Bacteria	NA	NA	NA	NA	NA	NA	100	60	60	59	52	48	48	GTDB r207
b9d14d4d53d1ca0db6d63ff55fc2ee30	Bacteria	Pseudomonadota	Alphaproteobacteria	Acetobacterales	Acetobacteraceae	Falsiroseomonas	Falsiroseomonas bella	100	100	100	100	100	100	96	GTDB r207
90d0490a90ea4a5ab77413a4569d7b58	Bacteria	Bdellovibrionota	Oligoflexia	Oligoflexales	RGVZ01	CAIYRB01	CAIYRB01 sp016874735	100	100	100	100	100	91	91	GTDB r207
9c349f3bbbec94421629da9e93e46326	Bacteria	Pseudomonadota	Alphaproteobacteria	Micavibrionales	Micavibrionaceae	UBA10425	UBA10425 sp003499545	100	97	97	97	97	97	97	GTDB r207
102acc7ca1822f5808428ada0307e392	Bacteria	Actinomycetota	Acidimicrobiia	Acidimicrobiales	UBA8139	M30B73	M30B73 sp018401565	100	100	100	100	100	100	100	GTDB r207
4f60757fcc8b609207b84b7e31c25e2b	Bacteria	Pseudomonadota	Alphaproteobacteria	Rhodobacterales	Rhodobacteraceae	NA	NA	100	100	100	100	100	51	12	GTDB r207
b6aeae89dbe44ed69f1b842755d0a521	Bacteria	Planctomycetota	Planctomycetia	Pirellulales	UBA1268	NA	NA	100	100	100	100	100	42	42	GTDB r207
da83467ae1da6e823979acb86224aa16	Bacteria	Patescibacteria	Saccharimonadia	Saccharimonadales	UBA4665	GCA-2746885	NA	100	100	100	100	100	80	60	GTDB r207
ad94cc29110d61b16f35ff16c219cfb5	Bacteria	Actinomycetota	Actinomycetes	JAHEKZ01	JAHEKZ01	JAHEKZ01	JAHEKZ01 sp024644435	100	100	100	100	100	100	100	GTDB r207
f8412f72161b3dce8cd472b1e9acc2b9	Bacteria	Verrucomicrobiota	Verrucomicrobiae	Chthoniobacterales	JACTMZ01	JACTMZ01	JACTMZ01 sp018883245	100	100	100	100	100	100	99	GTDB r207
db9ca8204c9d2bddc11991bd3416102a	Bacteria	Planctomycetota	Planctomycetia	Gemmatales	Gemmataceae	NA	NA	100	100	100	100	100	51	51	GTDB r207
130733b01f488531d1b53daf4766dd7c	Bacteria	Verrucomicrobiota	Verrucomicrobiae	Limisphaerales	CAIMTB01	CAIMTB01	CAIMTB01 sp019634625	100	100	100	100	99	99	99	GTDB r207
49e66a90a69b7a59e069e1a81db77417	Bacteria	Pseudomonadota	Gammaproteobacteria	Pseudomonadales	Moraxellaceae	Acinetobacter	NA	100	100	100	100	100	100	51	GTDB r207
5abb88f4637945c4475350419045c373	Bacteria	Actinomycetota	Actinomycetes	S36-B12	UBA10799	JADKAV01	JADKAV01 sp020636995	100	100	100	100	100	100	99	GTDB r207
8b69b8227ba81b1056b248a7a62bfddc	Bacteria	Chloroflexota	Anaerolineae	JAAEKA01	JAAEKA01	JAAEKA01	JAAEKA01 sp029558955	100	100	100	100	100	100	81	GTDB r207
36d9301651bdb36a6929b26754a18adc	Bacteria	Pseudomonadota	Gammaproteobacteria	Enterobacterales	Shewanellaceae	Shewanella	Shewanella khirikhana	100	100	100	100	100	100	95	GTDB r207
aa21bc609438f630a537436c4af07e52	Bacteria	Bacillota	Bacilli	Staphylococcales	DSM-29158	Abyssicoccus	Abyssicoccus albus	100	100	100	100	100	100	100	GTDB r207
8dcec1e66ce45ed4229a0f6a5523c337	Bacteria	Cyanobacteriota	Cyanobacteriia	PCC-6307	Cyanobiaceae	Vulcanococcus	Vulcanococcus sp019264575	100	100	100	100	100	100	88	GTDB r207
2f66285b4fff9aa11700c15d4210bd01	Bacteria	Cyanobacteriota	Cyanobacteriia	NA	NA	NA	NA	88	80	80	73	33	10	10	GTDB r207
b3379e9b106790835944013ce4db2b7c	Bacteria	NA	NA	NA	NA	NA	NA	100	74	73	70	70	70	70	GTDB r207
37bb5d8c68242a96f1dee4608432b4d4	Bacteria	Pseudomonadota	Gammaproteobacteria	Pseudomonadales	Moraxellaceae	Acinetobacter	NA	100	100	100	100	100	100	9	GTDB r207
3c53e12a4df002bcdfd888e4e8aff289	Bacteria	NA	NA	NA	NA	NA	NA	94	77	77	62	20	19	13	GTDB r207
04a037fa65f4f9032b4b9aaa9622d7f8	Bacteria	Bacillota_A	Clostridia	Lachnospirales	Lachnospiraceae	Lacrimispora	NA	100	100	100	100	100	100	53	GTDB r207
3a5f420ff92cb00737bc71b06ea3ea06	Bacteria	Chloroflexota	Anaerolineae	Caldilineales	Caldilineaceae	Caldilinea	Caldilinea sp003451595	100	100	100	100	100	100	80	GTDB r207
8e27a643af2b0fd098bdb6721083933c	Bacteria	Pseudomonadota	Alphaproteobacteria	Rhizobiales	Rhizobiaceae	NA	NA	100	100	100	100	100	45	45	GTDB r207
f3b138167bc92f2bab0c5a06b8e99a79	Bacteria	Actinomycetota	Acidimicrobiia	Acidimicrobiales	NA	NA	NA	100	99	99	99	42	31	31	GTDB r207
2fc582e7d3e90f16ce54c2d439601c92	Bacteria	Eremiobacterota	Xenobia	Xenobiales	JADMJV01	JAEXNA01	JAEXNA01 sp030149525	100	100	100	100	100	100	100	GTDB r207
7ac1d0f4ad04fd877a7d6c533cd90bac	Bacteria	Pseudomonadota	Gammaproteobacteria	Burkholderiales	Burkholderiaceae	UBA2463	UBA2463 sp009646425	100	100	100	100	100	100	98	GTDB r207
003ff7d3ffde9185bbafdd959fec625f	Bacteria	Planctomycetota	Phycisphaerae	Phycisphaerales	SM1A02	VGXO01	VGXO01 sp016873275	100	100	100	100	100	100	100	GTDB r207
8715b317f5acdaea10220a454650db2e	Bacteria	Bacillota	Bacilli	Lactobacillales	Streptococcaceae	Streptococcus	Streptococcus thermophilus	100	92	92	92	92	92	90	GTDB r207
895962738a2803a8ca1229792b3b7210	Bacteria	Bacillota	Bacilli	Lactobacillales	Streptococcaceae	Streptococcus	Streptococcus thermophilus	100	93	93	93	93	93	90	GTDB r207
9a5389bd2e83707015e2a1a14b9bc0fd	Bacteria	Cyanobacteriota	Cyanobacteriia	Cyanobacteriales	Cyanobacteriaceae	PCC-10605	PCC-10605 sp000317675	100	100	100	100	100	100	100	GTDB r207
3ad57f1884be97a45f25c6873740e609	Bacteria	NA	NA	NA	NA	NA	NA	100	75	75	75	75	75	50	GTDB r207
2e52317afd6e4e1c31e6349c2652b003	Bacteria	NA	NA	NA	NA	NA	NA	100	59	59	58	52	51	51	GTDB r207
ce1c1acdb690749009f6f37e510d1a9e	Bacteria	Actinomycetota	Thermoleophilia	Solirubrobacterales	70-9	67-14	NA	100	99	99	99	99	99	75	GTDB r207
59485fefd08462796b995637d81504c9	Bacteria	Bacillota	Bacilli	Lactobacillales	Streptococcaceae	Streptococcus	NA	100	100	100	100	100	100	65	GTDB r207
e9165119fe103cb1b24707dda3aaeaf8	Bacteria	Planctomycetota	Planctomycetia	Pirellulales	Pirellulaceae	VGZA01	VGZA01 sp016872775	100	100	100	100	100	100	100	GTDB r207
b347d5cbe248d1942a666f5cf0931a18	Bacteria	Chloroflexota	Limnocylindria	Limnocylindrales	CSP1-4	CAIXZV01	NA	100	100	100	100	100	99	50	GTDB r207
a771ac1da9861d7e6196867ecc4310a2	Bacteria	Bacteroidota	Bacteroidia	Bacteroidales	JAGOPY01	JAGOPY01	JAGOPY01 sp017991835	100	100	100	100	100	100	99	GTDB r207
1d37744393e988a748f16e8c81a09815	Bacteria	Planctomycetota	Phycisphaerae	Phycisphaerales	SM1A02	QWPT01	QWPT01 sp016124975	100	100	100	100	100	100	100	GTDB r207
7f82f32beea4ed48e69e4388b274a6b0	Bacteria	Cyanobacteriota	Cyanobacteriia	NA	NA	NA	NA	97	80	80	55	47	5	3	GTDB r207
01114cc02145c61071901707a6280713	Bacteria	Pseudomonadota	Alphaproteobacteria	Rhizobiales	Hyphomicrobiaceae	Ga0077530	NA	100	100	100	100	100	98	75	GTDB r207
887fa91365210635dab5bffd67d01a45	Bacteria	Bacteroidota	Bacteroidia	Cytophagales	Cyclobacteriaceae	ELB16-189	ELB16-189 sp016712035	100	100	100	100	100	100	80	GTDB r207
b0812c14c1f33b748297293991474351	Bacteria	Planctomycetota	Planctomycetia	Pirellulales	Pirellulaceae	NA	NA	100	100	100	100	88	65	65	GTDB r207
d2755fe4d1289cbd6b51aaa4c8e69561	Bacteria	Verrucomicrobiota	Verrucomicrobiae	Limisphaerales	NA	NA	NA	100	100	100	100	33	32	32	GTDB r207
77f90f8ae26793c6e1deee8f59da04c1	Bacteria	Pseudomonadota	Gammaproteobacteria	Pseudomonadales	Halieaceae	NA	NA	100	100	100	100	100	43	38	GTDB r207
b2a2be977ff9e0aa06490c2b82ce20d0	Bacteria	NA	NA	NA	NA	NA	NA	100	53	53	53	47	47	47	GTDB r207
76ffd79b522b1694ba7eb07f82bb88d8	Bacteria	Planctomycetota	Planctomycetia	Pirellulales	Pirellulaceae	Aureliella	NA	100	100	100	100	100	99	77	GTDB r207
9df8209b697f2c523027b26cddad83af	Bacteria	Planctomycetota	Planctomycetia	Gemmatales	Gemmataceae	Gemmata	NA	100	100	100	100	100	100	65	GTDB r207
816ed93b7c2014ea6887bf820478a294	Bacteria	NA	NA	NA	NA	NA	NA	100	57	57	47	33	32	32	GTDB r207
d4d4c7dbd6c759217c215092d4c1e3fd	Bacteria	Pseudomonadota	Gammaproteobacteria	Methylococcales	Methylococcaceae	Methylomagnum	NA	100	100	100	100	100	82	54	GTDB r207
2a8e624b1c6542c818d6146064c60f6a	Bacteria	Pseudomonadota	Alphaproteobacteria	Rickettsiales	SXRF01	NA	NA	100	100	100	100	98	43	43	GTDB r207
a0257ac3d3cc881770b3b5bf4a51d55a	Bacteria	Pseudomonadota	Alphaproteobacteria	Rhodobacterales	Rhodobacteraceae	NA	NA	100	100	100	100	100	76	76	GTDB r207
5f46526542250224f1dcd8b5e0de0fb9	Bacteria	Bacillota_A	Clostridia	Peptostreptococcales	Acidaminobacteraceae	QQWI01	QQWI01 sp004125825	100	100	100	100	100	100	100	GTDB r207
d0d807e8a4171c113f15a2b581d80958	Bacteria	Pseudomonadota	Gammaproteobacteria	Pseudomonadales	Pseudomonadaceae	Pseudomonas_E	Pseudomonas E versuta	100	99	99	99	99	99	88	GTDB r207
a5df592e127b82e667ec4f6528ad4e88	Bacteria	Pseudomonadota	Gammaproteobacteria	Burkholderiales	Burkholderiaceae	Ramlibacter	NA	100	100	100	100	100	100	48	GTDB r207
e43c3a5c51faf76cf26fc206fb0c5767	Bacteria	Pseudomonadota	Alphaproteobacteria	Caulobacterales	Hyphomonadaceae	Hyphomonas	NA	100	100	100	100	100	100	65	GTDB r207
e4b7b97e9511e6aa3e7b1bb64b0fba19	Bacteria	Actinomycetota	Actinomycetes	Actinomycetales	Demequinaceae	Demequina	NA	100	100	100	100	100	100	23	GTDB r207
bf32c685de78437e0719741dcb2d432b	Bacteria	Actinomycetota	Acidimicrobiia	Acidimicrobiales	Ilumatobacteraceae	Ilumatobacter	Ilumatobacter sp022843125	100	100	100	100	100	100	92	GTDB r207
2d042d857689720125f1f461b626c276	Bacteria	Myxococcota	Bradymonadia	REDH01	REDH01	NA	NA	100	100	100	100	100	73	73	GTDB r207
961bfdce01679524b1e2f6c2fb396ecb	Bacteria	Actinomycetota	Actinomycetes	Propionibacteriales	Propionibacteriaceae	Cutibacterium	Cutibacterium granulosum	100	100	100	100	100	100	100	GTDB r207
3439e1bc7e608fdbbd3f369a2309ac41	Bacteria	Pseudomonadota	Alphaproteobacteria	Rickettsiales	Deianiraeaceae	CAJQOT01	NA	100	100	100	100	100	100	61	GTDB r207
a46f6373ace5cbf7200ec728dacd12d8	Bacteria	NA	NA	NA	NA	NA	NA	100	73	73	73	68	68	68	GTDB r207
66dfe8e72e1864c5e10ccf8bbd605ef7	Bacteria	Pseudomonadota	Alphaproteobacteria	Acetobacterales	Acetobacteraceae	Limobrevibacterium	Limobrevibacterium gyesilva	100	100	100	100	100	86	86	GTDB r207
b0214619b1ad4c660dd508c9e3968ddb	Bacteria	Pseudomonadota	Alphaproteobacteria	Rhodobacterales	Rhodobacteraceae	Thermohalobaculum	Thermohalobaculum sediminis	100	100	100	100	100	100	94	GTDB r207
8f6d3f4fcc0c8d43ada197edb30d9951	Bacteria	Actinomycetota	Thermoleophilia	Solirubrobacterales	70-9	67-14	NA	100	100	100	100	100	100	74	GTDB r207
6f0ea098abd204d97e8b5534f55e7d69	Bacteria	Bacteroidota	Bacteroidia	Chitinophagales	Saprospiraceae	M3007	NA	100	100	100	100	100	100	63	GTDB r207
45cb612ddaea548ec7c4216e83c60e09	Bacteria	Pseudomonadota	Gammaproteobacteria	Enterobacterales	Alteromonadaceae	Pseudoalteromonas	NA	100	100	100	100	100	100	59	GTDB r207
4168a5813fedc2ba6dfd34d258fdc317	Bacteria	Chloroflexota	Limnocylindria	Limnocylindrales	CSP1-4	NA	NA	100	100	100	100	100	70	70	GTDB r207
6fde4cc256c83bcfd2dff2db272c4e8b	Bacteria	Pseudomonadota	Gammaproteobacteria	Enterobacterales	Aeromonadaceae	Aeromonas	NA	100	100	100	100	100	100	77	GTDB r207
fc74635c09bab653407a0a34b2a7a0c7	Bacteria	Bacillota	Bacilli	Lactobacillales	Lactobacillaceae	Lactobacillus	Lactobacillus sp027681045	100	100	100	100	100	100	100	GTDB r207
5c4470088f57ef9c40299bea63139078	Bacteria	Pseudomonadota	Gammaproteobacteria	Pseudomonadales	Moraxellaceae	Acinetobacter	Acinetobacter marinus	100	100	100	100	100	100	89	GTDB r207
4b51e51dacddd37e3740964227885ab1	Bacteria	Planctomycetota	Planctomycetia	Pirellulales	UBA1268	UBA4655	UBA4655 sp002405515	100	100	100	100	100	100	100	GTDB r207
5568f112bcd0df1835ee240839b0bc80	Bacteria	Verrucomicrobiota	Verrucomicrobiae	Chthoniobacterales	JACTMZ01	JACTMZ01	JACTMZ01 sp018883245	100	100	100	100	100	100	98	GTDB r207
7e794a2002e66a2566c4f6231c45a603	Bacteria	Cyanobacteriota	Cyanobacteriia	PCC-6307	Cyanobiaceae	Cyanobium	Cyanobium sp015840715	100	100	100	100	100	100	99	GTDB r207
3a3152da508b78dd6b79615351079af0	Bacteria	Bacillota	Bacilli	Lactobacillales	Streptococcaceae	Streptococcus	NA	100	100	100	100	100	100	44	GTDB r207
cba85f18e818ee94d18ecd9079f325a0	Bacteria	Actinomycetota	Actinomycetes	Propionibacteriales	Propionibacteriaceae	Propioniciclava	NA	100	100	100	100	100	100	79	GTDB r207
3e6b7f4c4bd8ef0c2f2dafdd6c39bd09	Bacteria	Pseudomonadota	Gammaproteobacteria	Methylococcales	Methylococcaceae	Methylomagnum	NA	100	100	100	100	100	94	75	GTDB r207
2771cb6daa074a154b4029e1e1ab7660	Bacteria	Bacillota	Bacilli	Staphylococcales	Staphylococcaceae	Staphylococcus	Staphylococcus epidermidis	100	100	100	100	100	100	94	GTDB r207
83a4dfca7f036b4e53c85da0807ee268	Bacteria	Pseudomonadota	Gammaproteobacteria	Enterobacterales	Vibrionaceae	Vibrio	NA	100	100	100	100	100	100	34	GTDB r207
a3dd581cf35503b4fd27dc90b89ecfa6	Bacteria	Planctomycetota	Planctomycetia	Pirellulales	Pirellulaceae	SKKK01	SKKK01 sp023382975	100	100	100	100	100	100	100	GTDB r207
0a77949f1a36ca0d77c5acb04c9d85f5	Bacteria	NA	NA	NA	NA	NA	NA	100	64	53	44	44	44	44	GTDB r207
c6953f38332197e629b5a83caec17d77	Bacteria	Pseudomonadota	Gammaproteobacteria	NA	NA	NA	NA	100	82	82	78	78	78	78	GTDB r207
a27a594fc3c9778797a6a28486ce0656	Bacteria	Pseudomonadota	Alphaproteobacteria	Rhizobiales	Rhizobiaceae	NA	NA	100	100	100	100	99	26	13	GTDB r207
0dbefe792f8f68525d7f282bfa95e45b	Bacteria	Planctomycetota	Planctomycetia	Pirellulales	Pirellulaceae	BJ22	BJ22 sp014584305	100	100	100	100	100	100	84	GTDB r207
52c8bdf803c0017709c295ddd2baad10	Bacteria	Chloroflexota	Anaerolineae	Anaerolineales	UBA4823	NA	NA	100	100	100	100	100	42	37	GTDB r207
86f6ffbdba21851f5d9ef530e4eea7d2	Bacteria	Chloroflexota	Anaerolineae	Aggregatilineales	Phototrophicaceae	NA	NA	100	100	100	100	100	51	51	GTDB r207
ec0e61c632133084a57d9ebe214aef0b	Bacteria	Pseudomonadota	Alphaproteobacteria	Rhizobiales	NA	NA	NA	100	100	100	100	66	52	45	GTDB r207
6b6bcc53698a71f7c310750acc40e8d0	Bacteria	Pseudomonadota	Alphaproteobacteria	Rhizobiales	Rhizobiaceae	Aquibium	Aquibium microcysteis	100	100	100	100	100	98	93	GTDB r207
c35ca51b8585aff7bf9fa2d3960c03fa	Bacteria	Chloroflexota	Anaerolineae	Promineifilales	Promineifilaceae	NA	NA	100	100	100	100	100	76	64	GTDB r207
a635dfe922305f3ab6900b4ac4619478	Bacteria	Pseudomonadota	Alphaproteobacteria	Rhizobiales	Hyphomicrobiaceae	NA	NA	100	100	100	100	100	27	13	GTDB r207
db9cd2bf27d26f1cd08237072f5628f5	Bacteria	Dependentiae	Babeliae	Babeliales	NA	NA	NA	100	100	100	100	35	27	27	GTDB r207
c4ccd1013e4aba28cf117015e8105c69	Bacteria	Chloroflexota	Anaerolineae	Promineifilales	Promineifilaceae	JACSRF01	JACSRF01 sp020634375	100	100	100	100	100	87	87	GTDB r207
7b4e79dd2f7095ea059d1430bece1aa8	Bacteria	Desulfobacterota	Desulfobacteria	Desulfobacterales	UBA11574	S5133MH16	S5133MH16 sp019310125	100	81	81	81	81	81	81	GTDB r207
f33b9c5a46b9c0dbd060cb0804b6c44d	Bacteria	Chloroflexota	Anaerolineae	Promineifilales	Promineifilaceae	NA	NA	100	100	100	100	100	72	72	GTDB r207
4aae11dd4b2d5916a1f8f5fec0cf87ac	Bacteria	Verrucomicrobiota	Verrucomicrobiae	Chthoniobacterales	JACTMZ01	JACTMZ01	NA	100	97	97	97	97	97	52	GTDB r207
714f62c9bc311e032c4b46870dc54d34	Bacteria	Patescibacteria	Saccharimonadia	Saccharimonadales	CAIOMD01	JACKGO01	JACKGO01 sp020631975	100	100	100	100	100	84	84	GTDB r207
727bceb3b987e366313c9050312eb16a	Bacteria	Pseudomonadota	Alphaproteobacteria	Rhizobiales	Aestuariivirgaceae	Aestuariivirga	Aestuariivirga litoralis	100	100	100	100	100	100	97	GTDB r207
78fb29d7f2206531abc24d05b6a79358	Bacteria	Actinomycetota	Coriobacteriia	Anaerosomatales	NA	NA	NA	100	100	100	100	77	61	61	GTDB r207
24e22d0f33e72827c0c62bd5db0678ec	Bacteria	Bdellovibrionota	Oligoflexia	Oligoflexales	Oligoflexaceae	NA	NA	100	100	100	100	100	52	52	GTDB r207
e28e9e250ed28e73ea8a455dd9b2a074	Bacteria	Pseudomonadota	Gammaproteobacteria	Berkiellales	Berkiellaceae	Berkiella	NA	100	100	100	100	100	100	60	GTDB r207
07ec746b052552ec3ffead834806d99e	Bacteria	Planctomycetota	Planctomycetia	Isosphaerales	Isosphaeraceae	BPJS01	BPJS01 sp026004735	100	100	100	100	100	80	80	GTDB r207
8e559f376709ee174215003971e0f6ce	Bacteria	Pseudomonadota	Alphaproteobacteria	Rhizobiales	Aestuariivirgaceae	Aestuariivirga	Aestuariivirga litoralis	100	100	100	100	100	100	84	GTDB r207
b15bd7bf84ce075277810e7b60ad516e	Bacteria	Patescibacteria	Microgenomatia	UBA1400	RBG-16-45-19	NA	NA	100	100	100	100	95	76	76	GTDB r207
56cef7a5c6e2947deec850dac6648fca	Bacteria	Planctomycetota	Planctomycetia	Pirellulales	Pirellulaceae	SKKK01	SKKK01 sp023382975	100	100	100	100	100	100	100	GTDB r207
c1d772e4704daaa7dbdcaacbc11f64cb	Bacteria	Pseudomonadota	Alphaproteobacteria	Rhizobiales	Aestuariivirgaceae	Aestuariivirga	Aestuariivirga litoralis	100	100	100	100	100	100	100	GTDB r207
a7d691fbc7466d325ccee9fdab4b523a	Bacteria	Planctomycetota	UBA1135	UBA2386	UBA2386	NA	NA	100	96	96	96	96	63	63	GTDB r207
fdd8f08b1b44ad5cf1ef8a9fbc727b6f	Bacteria	Pseudomonadota	Gammaproteobacteria	Enterobacterales	Shewanellaceae	Shewanella	Shewanella jiangmenensis	100	100	100	100	100	100	100	GTDB r207
6cf7e16a5526ef4899eb6ce2cf6cf891	Bacteria	Pseudomonadota	Alphaproteobacteria	Rhodobacterales	Rhodobacteraceae	Wagnerdoeblera	NA	100	100	100	100	100	86	59	GTDB r207
a250eb92a1ab66dfab1efa2a6782b146	Bacteria	Bacteroidota	Bacteroidia	B-17B0	B-17BO	UBA2475	NA	100	99	99	99	99	99	67	GTDB r207
e78bf810758c1205d1cafe299c5ada60	Bacteria	Pseudomonadota	Gammaproteobacteria	Burkholderiales	Thiobacillaceae	Thiobacillus	NA	100	100	100	100	100	100	78	GTDB r207
bc565e238ebe5d11b7b5a096fcdbd406	Bacteria	Planctomycetota	Planctomycetia	Pirellulales	UBA1268	NA	NA	100	100	100	100	100	38	38	GTDB r207
f657709d24d50caab615fe1e2c56dbb0	Bacteria	Planctomycetota	Planctomycetia	Pirellulales	Pirellulaceae	BJ22	BJ22 sp019636375	100	100	100	100	100	100	100	GTDB r207
369db0a63d4eb594530711038ac00488	Bacteria	Pseudomonadota	Alphaproteobacteria	Acetobacterales	Acetobacteraceae	Neoroseomonas	NA	100	100	100	100	100	100	31	GTDB r207
f2fdfc6bf326c6aadca077677a07f3e8	Bacteria	Pseudomonadota	Alphaproteobacteria	Rhizobiales	Hyphomicrobiaceae	JAEUMD01	JAEUMD01 sp020638055	100	100	100	100	100	100	100	GTDB r207
717f1a6c86cccc494d84bd11943a52d0	Bacteria	Pseudomonadota	Alphaproteobacteria	Rhodobacterales	Rhodobacteraceae	NA	NA	100	100	100	100	100	25	25	GTDB r207
a364ee2b621a167f799bc525911ac98f	Bacteria	Pseudomonadota	Alphaproteobacteria	Rhodobacterales	Rhodobacteraceae	Thermohalobaculum	Thermohalobaculum sediminis	100	100	100	100	100	100	100	GTDB r207
5e2e18a3e08d6d720c04c4ab0ce6c14e	Bacteria	Pseudomonadota	Alphaproteobacteria	Micavibrionales	Micavibrionaceae	UBA10425	UBA10425 sp003499545	100	91	91	91	91	91	91	GTDB r207
6f69a6366a3e39ff189f8891f3202bbd	Bacteria	Pseudomonadota	Alphaproteobacteria	Pelagibacterales	Pelagibacteraceae	IMCC9063	IMCC9063 sp000195085	100	100	100	100	100	100	100	GTDB r207
a21e473310213ee5d6b867b6bb674c78	Bacteria	Planctomycetota	Planctomycetia	Pirellulales	Pirellulaceae	Anammoximicrobium	Anammoximicrobium sp012515235	100	100	100	100	100	100	100	GTDB r207
6544a0ea4b9c6aa3dc3aee9451566442	Bacteria	Cyanobacteriota	Cyanobacteriia	Phormidesmiales	Phormidesmiaceae	Nodosilinea	Nodosilinea sp018970085	100	100	100	100	100	100	100	GTDB r207
86065161e5b4c5290094abbc8a0b30ac	Bacteria	NA	NA	NA	NA	NA	NA	100	56	56	56	56	56	56	GTDB r207
5151810c2f7c79e82fe5b7d0fcb91c59	Bacteria	Actinomycetota	Actinomycetes	Actinomycetales	Microbacteriaceae	Aquiluna	Aquiluna sp018402685	100	100	100	100	100	100	100	GTDB r207
83e148897764866857a3d4e1287e1cd7	Bacteria	NA	NA	NA	NA	NA	NA	98	77	77	74	64	61	61	GTDB r207
47df303526a3a13afbdb467ad4f4affd	Bacteria	Bdellovibrionota	FAC87	UBA2466	UBA2466	RFNO01	RFNO01 sp945878405	100	100	100	100	100	100	100	GTDB r207
0d807a7d330a8fd79cf7d3b6d7158348	Bacteria	Planctomycetota	UBA1135	UBA2386	UBA2386	GCA-2684655	GCA-2684655 sp020638735	100	100	100	100	100	100	100	GTDB r207
2a72b28fe7d75ab58bc90ec5d1e1d8b4	Bacteria	Planctomycetota	Phycisphaerae	Phycisphaerales	SM1A02	VGXO01	VGXO01 sp016873275	100	100	100	100	100	100	100	GTDB r207
65b4c250bb55432904d8bdfe89e48496	Bacteria	Actinomycetota	Actinomycetes	NA	NA	NA	NA	100	100	100	69	40	32	17	GTDB r207
9d5536b0dad2b39b2a5a100de5699d85	Bacteria	Chloroflexota	Anaerolineae	Anaerolineales	UBA4823	NA	NA	100	100	100	100	100	67	67	GTDB r207
b5625fd89614ed0c4123b079e7f4980a	Bacteria	Bacillota	Bacilli	Lactobacillales	Streptococcaceae	Streptococcus	NA	100	100	100	100	100	100	49	GTDB r207
92b91239e3fcbf88530df9c0cb90607d	Bacteria	Pseudomonadota	Alphaproteobacteria	Rhizobiales	Rhizobiaceae	NA	NA	100	97	97	97	97	26	26	GTDB r207
191b8915090f2b327ebbc7a33e04d6e4	Bacteria	Bacteroidota	Bacteroidia	Chitinophagales	Saprospiraceae	UBA2329	UBA2329 sp019638385	100	100	100	100	100	100	100	GTDB r207
89d0ffed16b84522f0968bb6243e2b6d	Bacteria	Pseudomonadota	Alphaproteobacteria	Caulobacterales	Caulobacteraceae	PUIC01	PUIC01 sp017418605	100	100	100	100	100	85	85	GTDB r207
ba6b65fd5056e397f4b753e811124393	Bacteria	Bacillota	Bacilli	Bacillales	Anoxybacillaceae	Parageobacillus	Parageobacillus toebii	100	100	100	100	100	100	100	GTDB r207
d3cb9105fc9b049677ffcd4c137bdb2b	Bacteria	NA	NA	NA	NA	NA	NA	100	34	34	34	34	34	34	GTDB r207
3b7a00abfd05230651c3fe4893c9182f	Bacteria	NA	NA	NA	NA	NA	NA	100	32	32	32	32	32	32	GTDB r207
aaefb7319d041156a7e73939e544cd71	Bacteria	Cyanobacteriota	Cyanobacteriia	PCC-6307	Cyanobiaceae	NA	NA	100	100	100	100	100	36	36	GTDB r207
c8004f31b220ba8b170d33bda55233a3	Bacteria	Pseudomonadota	Alphaproteobacteria	Rhodobacterales	Rhodobacteraceae	Albidovulum	Albidovulum sediminis	100	100	100	100	100	100	100	GTDB r207
32b669ebac2d7a4b02658615a17c692e	Bacteria	Cyanobacteriota	Cyanobacteriia	Cyanobacteriales	Microcystaceae_B	NA	NA	100	100	100	100	99	78	78	GTDB r207
55f2eb814ed8ae73e668fa14a8500e52	Bacteria	Actinomycetota	Actinomycetes	S36-B12	S36-B12	VGCC01	VGCC01 sp016870195	100	100	100	100	100	93	93	GTDB r207
54502a3f70b7a80285ed473a7b9073f5	Bacteria	Cyanobacteriota	Cyanobacteriia	Cyanobacteriales	NA	NA	NA	100	100	100	99	67	34	8	GTDB r207
2cbd7442d9b12b66413fd188da255e76	Bacteria	Pseudomonadota	Gammaproteobacteria	Xanthomonadales	Xanthomonadaceae	Thermomonas	NA	100	100	100	100	100	100	39	GTDB r207
60af64162bd23076b4b3902fd4c53b2b	Bacteria	Patescibacteria	Microgenomatia	Levybacterales	UBA12049	2-01-FULL-39-10-A	2-01-FULL-39-10-A sp018061075	100	100	100	100	100	97	97	GTDB r207
c1138f500205ad6fc1a75a03048bb150	Bacteria	Actinomycetota	Actinomycetes	JAHEKZ01	JAHEKZ01	JAHEKZ01	JAHEKZ01 sp024644435	100	100	100	100	100	100	100	GTDB r207
c9e0976db0f7ce9ab705e6a916fcd378	Bacteria	Bacillota	Bacilli	Staphylococcales	Staphylococcaceae	Staphylococcus	Staphylococcus arlettae	100	100	100	100	100	100	100	GTDB r207
5163a3cb075da9707bbfd74d4c8857a3	Bacteria	Pseudomonadota	Alphaproteobacteria	Pelagibacterales	Pelagibacteraceae	SYDM01	NA	100	100	100	100	100	95	64	GTDB r207
f0f5cbe93c1049489fd1ea4fdc771853	Bacteria	Planctomycetota	Planctomycetia	Pirellulales	Pirellulaceae	BJ22	BJ22 sp021298375	100	100	100	100	100	100	100	GTDB r207
c327e3874c0298e90f91977373186526	Bacteria	Pseudomonadota	Gammaproteobacteria	NA	NA	NA	NA	100	100	100	21	21	21	21	GTDB r207
8a85b8d8f4e289f1d3c939f717afbee9	Bacteria	Patescibacteria	Microgenomatia	UBA1400	NA	NA	NA	100	100	100	99	73	67	67	GTDB r207
8e067998090e9f41ca39311b316b1e86	Bacteria	Actinomycetota	Actinomycetes	Actinomycetales	Dermatophilaceae	Janibacter	Janibacter cremeus	100	100	100	100	100	98	80	GTDB r207
22c4849399e35d8c8a8f6fbc024db0fe	Bacteria	Pseudomonadota	Gammaproteobacteria	Enterobacterales	Vibrionaceae	Vibrio	NA	100	100	100	100	100	100	34	GTDB r207
e7965418a49c117e30ee30579390ce12	Bacteria	Planctomycetota	Planctomycetia	Pirellulales	Pirellulaceae	NA	NA	100	100	100	100	99	70	46	GTDB r207
08bf0218887afc6b73e5d55898eb52a2	Bacteria	Planctomycetota	Planctomycetia	Pirellulales	NA	NA	NA	100	100	100	100	35	35	35	GTDB r207
c3eb71e32491b3f7f264c90d8b1d368a	Bacteria	Chloroflexota	Chloroflexia	Thermomicrobiales	UBA6265	NA	NA	100	100	100	100	100	70	70	GTDB r207
e806749e4df55f87d79d06a00d8d510c	Bacteria	Bacteroidota	Bacteroidia	Cytophagales	Cyclobacteriaceae	ELB16-189	NA	100	100	100	100	100	100	57	GTDB r207
4a40c797a0367f17eaa9919db8db391c	Bacteria	Cyanobacteriota	Cyanobacteriia	NA	NA	NA	NA	100	86	86	78	35	30	30	GTDB r207
74d2964b18cf08831e7f0d58cdcd5350	Bacteria	Verrucomicrobiota	Verrucomicrobiae	Verrucomicrobiales	Akkermansiaceae	Luteolibacter	Luteolibacter sp018969605	100	100	100	100	100	100	100	GTDB r207
4fd8c3d6e9b3109f1ccc3104717071b0	Bacteria	Patescibacteria	WWE3	2-01-FULL-39-13	2-01-FULL-39-13	GCA-002789015	GCA-002789015 sp002789015	100	100	100	100	100	99	88	GTDB r207
fa5243cc551617736823a133e5b2b11d	Bacteria	Patescibacteria	Saccharimonadia	Saccharimonadales	JAGQNJ01	HK-STAS-PATE-36	HK-STAS-PATE-36 sp023898625	100	100	100	100	100	100	100	GTDB r207
f47884838151a5e00680b2421ae1af6f	Bacteria	Desulfobacterota	Desulfobacteria	Desulfobacterales	UBA2174_A	SpSt-501	SpSt-501 sp030834695	100	100	100	100	100	100	100	GTDB r207
bc946af07bb0486dfc5f070eaef608f4	Bacteria	Bacteroidota	Bacteroidia	Bacteroidales	JAGOPY01	JAGOPY01	JAGOPY01 sp017991835	100	100	100	100	100	100	95	GTDB r207
1a2e4bc9bdef47c85a53fddf74d048c0	Bacteria	Planctomycetota	Planctomycetia	Pirellulales	Lacipirellulaceae	NA	NA	100	100	100	100	98	44	32	GTDB r207
c0a79794f7bd615e513725136a87637b	Bacteria	Pseudomonadota	Gammaproteobacteria	Enterobacterales	NA	NA	NA	100	100	100	100	56	25	17	GTDB r207
2c103a8bb1ffa70b75d0b1731a5772ef	Bacteria	Pseudomonadota	Gammaproteobacteria	Burkholderiales	Burkholderiaceae	Polynucleobacter	Polynucleobacter sp903875135	100	100	100	100	100	100	100	GTDB r207
4f48b00c4535de579d6adae609994106	Bacteria	NA	NA	NA	NA	NA	NA	90	36	11	11	10	10	10	GTDB r207
fa7ec600a32b652882a02a6e05cf1d08	Bacteria	Chloroflexota	Anaerolineae	Anaerolineales	UBA4823	NA	NA	100	100	100	100	100	64	53	GTDB r207
03550a21f41b298135622ed319b56bba	Bacteria	Bacillota_A	Clostridia	Peptostreptococcales	Peptostreptococcaceae	Terrisporobacter	NA	100	100	100	100	100	100	65	GTDB r207
fb90ac51121cf318604c5bef702d9e94	Bacteria	Planctomycetota	Planctomycetia	Planctomycetales	Planctomycetaceae	SXXK01	NA	100	100	100	100	100	100	65	GTDB r207
d2e2e042f282b2f3fa01ec7f4dda999b	Bacteria	Planctomycetota	Planctomycetia	Pirellulales	Pirellulaceae	SKKK01	SKKK01 sp023382975	100	100	100	100	100	100	100	GTDB r207
dabb884b66456496588d370e4dce0f16	Bacteria	Pseudomonadota	Gammaproteobacteria	Enterobacterales	Aeromonadaceae	Aeromonas	Aeromonas jandaei	100	100	100	100	100	100	90	GTDB r207
d6f77437693dd2fe41db092bac55d2dc	Bacteria	Patescibacteria	Microgenomatia	UBA1400	PJMF01	NA	NA	100	100	100	100	100	70	48	GTDB r207
667c7d8bd4ba501fe3f950a2d284d9fc	Bacteria	Pseudomonadota	Alphaproteobacteria	Rhizobiales	Stappiaceae	Roseibium	Roseibium sediminis	100	100	100	100	100	100	100	GTDB r207
74ad5c14088ae701a5950f4a919edc67	Bacteria	Desulfobacterota	DSM-4660	Desulfatiglandales	Desulfatiglandaceae	NA	NA	100	100	100	100	100	58	58	GTDB r207
7f24f701ee33a53e07466703b1c5250a	Bacteria	Patescibacteria	CPR2	UBA1875	UBA1875	UBA7522	UBA7522 sp002476865	100	100	100	100	100	100	100	GTDB r207
341fe817c7f7ccd107f6dbc54f6e862f	Bacteria	Planctomycetota	Planctomycetia	Pirellulales	Pirellulaceae	NA	NA	100	100	100	100	100	76	49	GTDB r207
c8bc32a586a4c24aeba390401291de90	Bacteria	Bacillota	Bacilli	Lactobacillales	Streptococcaceae	Streptococcus	NA	100	100	100	100	100	100	46	GTDB r207
7ef39dbf694902feaefccb98734b49bc	Bacteria	Chloroflexota	Chloroflexia	Thermomicrobiales	CFX8	JAUIIK01	JAUIIK01 sp030431755	100	100	100	100	100	100	100	GTDB r207
545a65f605a87d569a57a3695fe00f62	Bacteria	Bacteroidota	Bacteroidia	Flavobacteriales	Schleiferiaceae	Croceimicrobium	Croceimicrobium sp018401735	100	100	100	100	100	100	100	GTDB r207
cf3014cdfbf36e4f2ef03fb85ddbdba7	Bacteria	Planctomycetota	Planctomycetia	Pirellulales	Pirellulaceae	NA	NA	100	100	100	100	91	67	67	GTDB r207
3618692901ef68143a65d5b148531bf3	Bacteria	Verrucomicrobiota	Verrucomicrobiae	Limisphaerales	NA	NA	NA	100	98	98	98	74	64	64	GTDB r207
95435ec2c47a86bc864ed311f80bc06f	Bacteria	Bacteroidota	Bacteroidia	Chitinophagales	Saprospiraceae	SLDF01	SLDF01 sp016706365	100	100	100	100	100	100	100	GTDB r207
fa4d34813cfad065cc2a09f0af859bba	Bacteria	Cyanobacteriota	Cyanobacteriia	Phormidesmiales	Phormidesmiaceae	Nodosilinea	Nodosilinea sp014697375	100	100	100	100	100	100	100	GTDB r207
e040f82d9da0a4590ada4bdcdfa8dc28	Bacteria	Actinomycetota	Coriobacteriia	Anaerosomatales	NA	NA	NA	100	100	100	100	70	50	50	GTDB r207
e55b9633a7e989a25f244243676fcdda	Bacteria	Patescibacteria	Saccharimonadia	CAILAD01	BJGX01	BJGX01	BJGX01 sp014191035	100	100	100	100	100	100	100	GTDB r207
b6c8d5b6c4c9ecbf355ec8b38d87d8f4	Bacteria	Pseudomonadota	Gammaproteobacteria	Burkholderiales	Burkholderiaceae	UBA2463	UBA2463 sp018402635	100	100	100	100	100	100	100	GTDB r207
03cea1bc55678e76c42fd462116f7f13	Bacteria	Planctomycetota	Planctomycetia	Pirellulales	UBA1268	NA	NA	100	100	100	100	100	50	41	GTDB r207
5bd643eda88cb46f8d464d3c1e541bbc	Bacteria	Actinomycetota	Actinomycetes	Mycobacteriales	Mycobacteriaceae	Corynebacterium	NA	100	100	100	100	100	100	61	GTDB r207
ddd7129e95e141d4018a856fb406d426	Bacteria	Verrucomicrobiota	Verrucomicrobiae	Chthoniobacterales	JACTMZ01	JACTMZ01	JACTMZ01 sp018883245	100	100	100	100	100	100	99	GTDB r207
c5a723ab2dfe93975fabddb41ead7f00	Bacteria	Planctomycetota	Planctomycetia	Pirellulales	UBA1268	NA	NA	100	100	100	100	100	46	46	GTDB r207
bee204a5095978910d24fc50d07467fb	Bacteria	Bacteroidota	Bacteroidia	Chitinophagales	Saprospiraceae	NA	NA	100	85	85	85	85	50	39	GTDB r207
95b33141c7fbd5e1850804a99df4f2c6	Bacteria	Bdellovibrionota	Bdellovibrionia	Bdellovibrionales	UBA1609	NA	NA	100	100	100	100	97	41	41	GTDB r207
fe01d9cfe2ecd6ca664e763f269f7b9a	Bacteria	Pseudomonadota	Alphaproteobacteria	Sphingomonadales	Sphingomonadaceae	Novosphingobium	NA	100	100	100	100	100	100	57	GTDB r207
070f92a2ecaf99f4dd2de1bb3812c2e7	Bacteria	Actinomycetota	Acidimicrobiia	UBA5794	UBA11373	NA	NA	100	100	100	100	100	46	44	GTDB r207
0c2b71899e7226e3afdcb9a8841c9ba5	Bacteria	Cyanobacteriota	Cyanobacteriia	Cyanobacteriales	NA	NA	NA	100	90	90	87	60	43	43	GTDB r207
abe13036ac80406565cd93084c74fbcb	Bacteria	Cyanobacteriota	Cyanobacteriia	Cyanobacteriales	Microcystaceae_B	Synechocystis	NA	100	100	100	100	100	100	58	GTDB r207
30c01e81d804f4a8f48b1acef6275b21	Bacteria	Patescibacteria	ABY1	SG8-24	UBA9934	JAQCKO01	JAQCKO01 sp027592325	100	100	100	100	100	83	83	GTDB r207
e92beca4a14e648b70da2805b098443e	Bacteria	Actinomycetota	Thermoleophilia	Miltoncostaeales	Miltoncostaeaceae	NA	NA	100	100	100	100	100	75	61	GTDB r207
d4d38baba9de2c99d45a1f8cddfd53b5	Bacteria	Pseudomonadota	Alphaproteobacteria	Rhodobacterales	Rhodobacteraceae	Gemmobacter_D	Gemmobacter D aestuarii	100	100	100	100	100	100	100	GTDB r207
544963e1c999231ff8d406c0c9cacde9	Bacteria	Pseudomonadota	Gammaproteobacteria	NA	NA	NA	NA	100	100	100	70	70	70	70	GTDB r207
8b1ac2278eec1e4f7e5d8c8a310c8108	Bacteria	Actinomycetota	Acidimicrobiia	Acidimicrobiales	Ilumatobacteraceae	Casp-actino5	Casp-actino5 sp017859785	100	100	100	100	100	99	99	GTDB r207
fe9dab68f473e4f01839a8a70f1ed941	Bacteria	Actinomycetota	Actinomycetes	Mycobacteriales	Mycobacteriaceae	Corynebacterium	NA	100	100	100	100	100	100	43	GTDB r207
5fa0a230454f8e3c64f4c6dc6f6b8266	Bacteria	Actinomycetota	Actinomycetes	Propionibacteriales	Propionibacteriaceae	Brooklawnia	Brooklawnia cerclae	100	100	100	100	100	90	85	GTDB r207
fd8267882e9acb7d6f0358262ec30b73	Bacteria	NA	NA	NA	NA	NA	NA	98	34	34	34	34	34	34	GTDB r207
ab31ea8f7c356654c4d640974e170e69	Bacteria	Pseudomonadota	Gammaproteobacteria	Enterobacterales	Alteromonadaceae	Pseudoalteromonas	Pseudoalteromonas luteoviolacea D	100	100	100	100	100	100	98	GTDB r207
acd6f9c21def4213bd272b7f2073e53a	Bacteria	Planctomycetota	Planctomycetia	Pirellulales	UBA1268	QWPN01	QWPN01 sp014192425	100	100	100	100	100	83	83	GTDB r207
07e8493499a0af76383e25fdbadd965d	Bacteria	Pseudomonadota	Gammaproteobacteria	Pseudomonadales	Moraxellaceae	Moraxella_A	Moraxella A sp002478835	100	100	100	100	100	100	96	GTDB r207
9cc26fc24cb600570c896813362b24e4	Bacteria	Pseudomonadota	Gammaproteobacteria	Steroidobacterales	Steroidobacteraceae	RPQJ01	NA	100	100	100	100	100	100	72	GTDB r207
e39c4b52812d01da44f0e1c465da494e	Bacteria	Verrucomicrobiota	Verrucomicrobiae	Chthoniobacterales	JACTMZ01	JACTMZ01	JACTMZ01 sp018883245	100	100	100	100	100	100	98	GTDB r207
b5fc2cd0f8e03ccf6f02d3e6c54837f9	Bacteria	Actinomycetota	Actinomycetes	Mycobacteriales	Mycobacteriaceae	Corynebacterium	Corynebacterium urinipleomorphum	100	100	100	100	100	100	83	GTDB r207
ae58ff4420a02d6b4780a7e704d1f5e9	Bacteria	Pseudomonadota	Gammaproteobacteria	Methylococcales	Methylococcaceae	Methylomagnum	NA	100	100	100	100	100	87	62	GTDB r207
257f038d4e8fb33eecddd0269fd793bd	Bacteria	Bacteroidota	Bacteroidia	Chitinophagales	Saprospiraceae	NA	NA	100	90	90	90	90	21	15	GTDB r207
8d96acfb3be5e58d51c518975b5f827c	Bacteria	Pseudomonadota	Alphaproteobacteria	Rhodobacterales	Rhodobacteraceae	Gemmobacter_D	Gemmobacter D aestuarii	100	100	100	100	100	100	100	GTDB r207
e4d7e840dcf53a431195e0e334930db2	Bacteria	Planctomycetota	Phycisphaerae	Phycisphaerales	SM1A02	QWPT01	QWPT01 sp016124975	100	100	100	100	100	100	100	GTDB r207
a189938d4e2256ab4c51a34dba049916	Bacteria	Pseudomonadota	Alphaproteobacteria	Rhodobacterales	Rhodobacteraceae	NA	NA	100	100	100	100	100	75	37	GTDB r207
4c62df122a38c350596776c4a3aa1b36	Bacteria	Bacteroidota	Bacteroidia	Chitinophagales	Saprospiraceae	OLB9	NA	100	100	100	100	100	100	65	GTDB r207
46e30ad806e6febe8f58f901022c18cd	Bacteria	Actinomycetota	Actinomycetes	Actinomycetales	Micrococcaceae	Micrococcus	Micrococcus endophyticus	100	100	100	100	100	100	97	GTDB r207
605128f854290a8131c6fb5d672eb544	Bacteria	Actinomycetota	Acidimicrobiia	Acidimicrobiales	Ilumatobacteraceae	Ilumatobacter_A	NA	100	100	100	100	100	83	53	GTDB r207
1e42e5598d1d381ff8c7c25427619175	Bacteria	Pseudomonadota	Alphaproteobacteria	Rhizobiales	Rhizobiaceae	Aureimonas	Aureimonas sp001463765	100	100	100	100	100	98	92	GTDB r207
25530b20113a549170bf96fd8f985a71	Bacteria	Verrucomicrobiota	Verrucomicrobiae	Chthoniobacterales	JACTMZ01	JACTMZ01	JACTMZ01 sp018883245	100	100	100	100	100	100	80	GTDB r207
8f6720c33c712d62f2d7a04ea71eec61	Bacteria	Pseudomonadota	Gammaproteobacteria	Enterobacterales	Shewanellaceae	Shewanella	Shewanella khirikhana	100	100	100	100	100	100	100	GTDB r207
a80ce2329628d70976891fca883a43f6	Bacteria	Bacillota	Bacilli	Bacillales_B	DSM-18226	Bacillus_AZ	NA	100	99	99	99	99	91	33	GTDB r207
5d5bf672fa967ab739a8450734554332	Bacteria	Verrucomicrobiota	Verrucomicrobiae	Chthoniobacterales	JACTMZ01	JACTMZ01	JACTMZ01 sp018883245	100	100	100	100	100	100	99	GTDB r207
fc6f1b8fcd8616bb619a1c87b039a7af	Bacteria	Pseudomonadota	Alphaproteobacteria	Rhizobiales	NA	NA	NA	100	100	100	99	60	60	60	GTDB r207
d9353cda1344e3479720b6a463894fc1	Bacteria	Chloroflexota	Anaerolineae	Caldilineales	Caldilineaceae	NA	NA	100	100	100	100	100	79	38	GTDB r207
a80704bc52ffd9b4aeb9da2ac24c1c62	Bacteria	Chloroflexota	Anaerolineae	Promineifilales	Promineifilaceae	Leptofilum	NA	100	100	100	100	100	86	62	GTDB r207
8852caa611c48847e41c4ed1065ec62b	Bacteria	Chloroflexota	Anaerolineae	Caldilineales	Caldilineaceae	NA	NA	100	100	100	100	100	77	52	GTDB r207
0e1ce1159c66f0343cd20d88d65c85d1	Bacteria	Planctomycetota	Planctomycetia	Isosphaerales	Isosphaeraceae	BPJS01	BPJS01 sp026004735	100	100	100	100	100	89	89	GTDB r207
c3720e554ac03cd75efd88559a63d4a7	Bacteria	Planctomycetota	Planctomycetia	Planctomycetales	Planctomycetaceae	Thalassoglobus	NA	100	100	100	100	100	100	73	GTDB r207
74e6f6b6d9672aed6fe705768f3ddd50	Bacteria	Chloroflexota	Anaerolineae	Caldilineales	Caldilineaceae	NA	NA	100	100	100	100	100	62	62	GTDB r207
8eecc8275ddbbf453c33fc725b1963ca	Bacteria	Planctomycetota	UBA8108	UBA8108	UBA8108	UBA8108	NA	100	100	100	100	98	98	51	GTDB r207
98aed543940a381aac8f37c4e9fac6e3	Bacteria	Chloroflexota	Anaerolineae	Promineifilales	Promineifilaceae	NA	NA	100	100	100	100	100	65	65	GTDB r207
cfe03f07f03f2232847785264c168cf1	Bacteria	Patescibacteria	Saccharimonadia	Saccharimonadales	CAIOMD01	NA	NA	100	100	100	100	100	57	57	GTDB r207
f6a566d7c3d78a0ad87f5a3d03e7bdda	Bacteria	Verrucomicrobiota	Verrucomicrobiae	Limisphaerales	NA	NA	NA	100	100	100	100	46	33	33	GTDB r207
a7349206b3da60e776df6ae48fcd4ea1	NA	NA	NA	NA	NA	NA	NA	27	27	27	27	27	27	27	GTDB r207
e2e69d94f22f10ac86b41ffbee4957e7	Bacteria	Verrucomicrobiota	Kiritimatiellia	PWTM01	PWTM01	JAGOHE01	JAGOHE01 sp017996315	100	100	100	100	100	100	100	GTDB r207
6526e512aff7b94941744b9eb1214c8b	Bacteria	NA	NA	NA	NA	NA	NA	98	77	77	69	17	17	12	GTDB r207
b8cbb6460eb5d29dbf863556258badb9	Bacteria	Bdellovibrionota	UBA2361	UBA2361	OMII01	OMII01	OMII01 sp026390555	100	100	100	100	100	100	100	GTDB r207
6f45ab87336b77a33ebf576ed0c595f5	Bacteria	Chloroflexota	Anaerolineae	Aggregatilineales	Phototrophicaceae	NA	NA	100	100	100	100	100	52	52	GTDB r207
5c1d693ab8558ad3a4ad091bf93b0b8f	Bacteria	Actinomycetota	Acidimicrobiia	Acidimicrobiales	Aldehydirespiratoraceae	JAJRXC01	JAJRXC01 sp024276495	100	100	100	100	100	94	94	GTDB r207
e023e199edad912e7103d75fc86cf0df	Bacteria	Verrucomicrobiota	Verrucomicrobiae	Chthoniobacterales	JACTMZ01	JACTMZ01	NA	100	86	86	86	86	86	21	GTDB r207
1090cb9beab2c4d5b709fb2d7b5725c9	Bacteria	Pseudomonadota	Alphaproteobacteria	Rhizobiales	Hyphomicrobiaceae	Hyphomicrobium_C	NA	100	100	100	100	100	100	77	GTDB r207
11ee5218a62fba3c87c64499eaeba21b	Bacteria	Patescibacteria	Saccharimonadia	CAILAD01	GCA-016700035	GCA-016700035	GCA-016700035 sp016700035	100	100	100	100	100	100	100	GTDB r207
39866cd267a2d7b7b00e733d7e96edd1	Bacteria	Pseudomonadota	Gammaproteobacteria	Enterobacterales	Aeromonadaceae	Aeromonas	NA	100	100	100	100	100	100	69	GTDB r207
9610fd0217936d5f93856c55963282c1	Bacteria	Patescibacteria	Microgenomatia	UBA1400	PJMF01	NA	NA	100	100	100	100	100	69	69	GTDB r207
59624bd49b1ee899c8d59148ef342f23	Bacteria	Bdellovibrionota	Oligoflexia	Oligoflexales	Oligoflexaceae	NA	NA	100	100	100	100	100	64	64	GTDB r207
344a4587e23764eb13c8a63a402795ec	Bacteria	Chloroflexota	Anaerolineae	Anaerolineales	UBA4823	NA	NA	100	99	99	99	98	69	69	GTDB r207
c4f8d8ad7d42c34e428531c233d89174	Bacteria	Pseudomonadota	Alphaproteobacteria	Sphingomonadales	Sphingomonadaceae	Sphingomonas	NA	100	100	100	100	100	100	26	GTDB r207
8f82c6e7da3c2a49be8ac23ce1b8c9fa	Bacteria	Patescibacteria	Gracilibacteria	UM-FILTER-43-11	UM-FILTER-43-11	JAJDCE01	JAJDCE01 sp029260985	100	100	100	100	100	96	96	GTDB r207
8a4d5fe7bd2579a0731d7cb96ac04d39	Bacteria	Pseudomonadota	Alphaproteobacteria	Rhizobiales	Rhizobiaceae	Aureimonas_A	Aureimonas A sp001425485	100	85	85	85	85	85	85	GTDB r207
ace8b82b3542ee089c7a56d3160e4462	Bacteria	Actinomycetota	Actinomycetes	Mycobacteriales	Mycobacteriaceae	Corynebacterium	Corynebacterium sp021496665	100	100	100	100	100	100	86	GTDB r207
8fe45daa024ba9632a39b58491eb36b3	Bacteria	Bacillota	Bacilli	Lactobacillales	Streptococcaceae	Streptococcus	NA	100	99	99	99	99	99	34	GTDB r207
44e72934495b443fc2584a73b492622c	Bacteria	NA	NA	NA	NA	NA	NA	96	71	71	70	61	59	59	GTDB r207
a34a04a597d4d3d41b5af924a4964dbb	Bacteria	Chloroflexota	Anaerolineae	JAAEKA01	JAAEKA01	NA	NA	100	100	100	100	100	71	58	GTDB r207
81cdab0969ad874d02e923a52f575d59	Bacteria	Acidobacteriota	Blastocatellia	RBC074	RBC074	JADJXM01	NA	100	100	100	100	100	80	72	GTDB r207
b7acc27ec3e266b5bd453a2fd27fe872	Bacteria	Bacteroidota	Bacteroidia	Flavobacteriales	Weeksellaceae	NA	NA	100	100	100	100	100	29	21	GTDB r207
c0de2530983f8c3b4a58d844d9c80edb	Bacteria	Pseudomonadota	Alphaproteobacteria	Rhodobacterales	Rhodobacteraceae	NA	NA	100	100	100	100	100	36	36	GTDB r207
3718699f38724188bb1fe5742f675155	Bacteria	Bacteroidota	Bacteroidia	Cytophagales	Spirosomataceae	Jiulongibacter	Jiulongibacter sediminis	100	100	100	100	100	100	100	GTDB r207
95518e174d83ef95ba0c4b785ffba043	Bacteria	Verrucomicrobiota	Verrucomicrobiae	Chthoniobacterales	JACTMZ01	JACTMZ01	JACTMZ01 sp018883245	100	100	100	100	100	100	100	GTDB r207
3f762e2dff3f9bd27362ff20bd14a078	Bacteria	Bacteroidota	Bacteroidia	Chitinophagales	Saprospiraceae	NA	NA	100	87	87	87	87	22	22	GTDB r207
8d3139ea763e933b575e69c5e537274e	Bacteria	NA	NA	NA	NA	NA	NA	100	36	36	36	36	36	36	GTDB r207
8244e336950cc9fc45638ec680d07abf	Bacteria	Bacillota	Bacilli	Exiguobacterales	Exiguobacteraceae	Exiguobacterium	NA	100	100	100	100	100	100	70	GTDB r207
c6c948ca7d4f86bf08ce47923d65d07b	Bacteria	Actinomycetota	Thermoleophilia	UBA2241	UBA2241	PALSA-647	PALSA-647 sp003132585	100	100	100	97	97	97	97	GTDB r207
3e54d34dc27cfbcc1c74660de9c31c9e	Bacteria	Bacteroidota	Bacteroidia	Chitinophagales	Saprospiraceae	NA	NA	100	90	90	90	90	17	11	GTDB r207
3552d248eadd06194c856fe729a0ab88	Bacteria	NA	NA	NA	NA	NA	NA	100	71	71	71	71	71	71	GTDB r207
861506ff0c8fceab256adf4fcbb09782	Bacteria	Pseudomonadota	Alphaproteobacteria	Rhodobacterales	Rhodobacteraceae	NA	NA	100	100	100	100	100	32	32	GTDB r207
2ee49cb0e654477a5978331db5fcf686	Bacteria	Actinomycetota	Acidimicrobiia	Acidimicrobiales	Ilumatobacteraceae	NA	NA	100	100	100	100	100	60	60	GTDB r207
da15a7d6ab17824ee72d78d743072c1f	Bacteria	Bacillota	Bacilli	Bacillales_B	Caldibacillaceae	Caldibacillus_B	Caldibacillus B thermolactis	100	100	100	100	100	100	100	GTDB r207
70faac111c5412052b372dec35df88b4	Bacteria	Actinomycetota	Acidimicrobiia	Acidimicrobiales	Iamiaceae	JAAZBK01	JAAZBK01 sp016702505	100	100	100	100	100	99	99	GTDB r207
9e29444e49970b7a3d721575fb9c0ce0	Bacteria	Actinomycetota	Actinomycetes	Actinomycetales	Dermatophilaceae	Kytococcus	Kytococcus schroeteri	100	100	100	100	100	100	100	GTDB r207
827d0fbf364a16d80ba6dc486931087e	Bacteria	Bacteroidota	Bacteroidia	Flavobacteriales	UA16	NA	NA	100	100	100	100	100	72	72	GTDB r207
58f57c2ee723dcdb37bc7267c5026363	Bacteria	Bacteroidota	UBA10030	UBA10030	UBA10030	JACQPU01	JACQPU01 sp022180565	100	100	100	100	100	99	99	GTDB r207
e50dd9c2f51846ea4ab5dfcc464ed453	Bacteria	Actinomycetota	Actinomycetes	Mycobacteriales	Mycobacteriaceae	Mycobacterium	NA	100	100	100	100	100	100	18	GTDB r207
81d634fe8b0a4323c9b4e6dd5798ca17	Bacteria	Pseudomonadota	Gammaproteobacteria	Pseudomonadales	Moraxellaceae	Acinetobacter	Acinetobacter lwoffii O	100	100	100	100	100	100	96	GTDB r207
8c1bcad135e6e3f1f6adcbfc9454580b	Bacteria	Actinomycetota	Actinomycetes	Actinomycetales	Demequinaceae	Demequina	NA	100	100	100	100	100	100	35	GTDB r207
34127c4d334eab2d864dacd3f2c17ae0	Bacteria	Bacteroidota	UBA10030	UBA10030	UBA6906	NA	NA	100	100	100	100	100	52	52	GTDB r207
9ecbb40119c8bb621062920de5a098a3	Bacteria	Bacillota_A	Clostridia	Tissierellales	NA	NA	NA	100	100	100	97	41	41	22	GTDB r207
113f48f9851787d65a9ddbf9519b902f	Bacteria	Chloroflexota	Anaerolineae	JAAEKA01	JAAEKA01	JAAEKA01	NA	100	100	100	100	100	100	52	GTDB r207
64ea6c9d07a5bc813766c5430f68d444	Bacteria	NA	NA	NA	NA	NA	NA	100	45	45	45	45	45	45	GTDB r207
48f937a497c75f790c231b035226539d	Bacteria	Verrucomicrobiota	Kiritimatiellia	UBA8416	NA	NA	NA	100	100	100	100	37	37	37	GTDB r207
b859cad8ca0e88cb9acf8b98ceaa9008	Bacteria	Planctomycetota	Planctomycetia	Planctomycetales	Planctomycetaceae	NA	NA	100	100	100	100	100	69	69	GTDB r207
b87316d407a30a4fb7fb3774bb466779	Bacteria	Cyanobacteriota	Cyanobacteriia	Cyanobacteriales	NA	NA	NA	93	86	86	85	38	10	10	GTDB r207
7a3ad66cec6400eccc2ecd4e29079c42	Bacteria	Actinomycetota	Actinomycetes	Propionibacteriales	Nocardioidaceae	Nocardioides	Nocardioides malaquae	100	100	100	100	100	100	100	GTDB r207
61829e8ab66b63315ad5cf455ef9254f	Bacteria	Planctomycetota	Planctomycetia	Pirellulales	UBA1268	NA	NA	100	100	100	100	100	70	59	GTDB r207
e02a7f87b06a5605e02a5f9b473905c8	Bacteria	Pseudomonadota	Alphaproteobacteria	Sphingomonadales	Sphingomonadaceae	NA	NA	100	100	100	100	100	74	63	GTDB r207
23ffeefd7ceadc5f5793a01db8f01ac0	Bacteria	Pseudomonadota	Gammaproteobacteria	Burkholderiales	Ga0077523	Ga0077523	Ga0077523 sp016713305	100	100	100	100	96	96	96	GTDB r207
4fdcbecdcc61d649417da98ad3309dbf	Bacteria	Verrucomicrobiota	Verrucomicrobiae	Verrucomicrobiales	Verrucomicrobiaceae	NA	NA	100	100	100	100	100	52	52	GTDB r207
f98dd2c67c1403fa1d24e8297e80804d	Bacteria	Bacteroidota	Bacteroidia	Chitinophagales	Saprospiraceae	OLB9	NA	100	100	100	100	100	100	57	GTDB r207
51ab97337a0767bb9ae8e01e4a8c1605	Bacteria	Bdellovibrionota	Oligoflexia	Silvanigrellales	Silvanigrellaceae	Silvanigrella	NA	100	100	100	100	100	100	28	GTDB r207
0adb07841c9df530e40902e2c440bba6	Bacteria	NA	NA	NA	NA	NA	NA	100	59	53	49	49	49	49	GTDB r207
a0a3b1d6fa23c369f7fc0a9f6afea00c	Bacteria	Bacteroidota	Bacteroidia	Bacteroidales	Marinilabiliaceae	Carboxylicivirga	Carboxylicivirga sediminis	100	100	100	100	100	100	98	GTDB r207
e24916f5d80bae71a010d29d1eb38b41	Bacteria	Desulfobacterota	Desulfobacteria	Desulfobacterales	NA	NA	NA	100	100	100	100	46	32	20	GTDB r207
92170f079ed70282a18265bae51002f8	Bacteria	Chloroflexota	Anaerolineae	Anaerolineales	UBA4823	UTCFX2	UTCFX2 sp002050125	100	100	100	100	99	84	84	GTDB r207
201d4264eb1dbab5071cc6edf1a0c1e9	Bacteria	Pseudomonadota	Alphaproteobacteria	Rhizobiales	Pleomorphomonadaceae	NA	NA	100	100	100	100	97	64	64	GTDB r207
04fec5e5243f3e5e5d6aed08cd311972	Bacteria	Actinomycetota	Coriobacteriia	Anaerosomatales	Anaerosomataceae	NA	NA	100	100	100	100	87	45	45	GTDB r207
f2297022b45b22a54aecd4c60af2a1bb	Bacteria	Bacteroidota	Bacteroidia	Flavobacteriales	Flavobacteriaceae	Flavobacterium	NA	100	100	100	100	100	100	56	GTDB r207
b45be1cd6d292d469998306fd9eecc1f	Archaea	Asgardarchaeota	Lokiarchaeia	Sigynarchaeales	SOKP01	SOKP01	SOKP01 sp013375475	81	81	81	81	81	81	81	GTDB r207
4979f0895ae8b110dbffd63ac385bd67	Bacteria	Actinomycetota	Actinomycetes	Propionibacteriales	Nocardioidaceae	Nocardioides_C	Nocardioides C jiangsuensis	100	100	100	100	100	80	80	GTDB r207
4249e5b5e4b30b00f356e99b83f429cb	Bacteria	Planctomycetota	Planctomycetia	Isosphaerales	Isosphaeraceae	NA	NA	100	100	100	100	100	26	24	GTDB r207
48aead17278e062c207fd9f7c1b5f284	Bacteria	Cyanobacteriota	Cyanobacteriia	Cyanobacteriales	Nostocaceae	Nodularia	Nodularia sp015207755	100	98	98	98	98	98	98	GTDB r207
7c3a49c3c69368a09cc875054615ac2e	Bacteria	Planctomycetota	UBA1135	UBA2386	UBA2386	JAQCBR01	JAQCBR01 sp027621295	100	100	100	100	100	84	84	GTDB r207
e657a578197d91bc3c594271d7154a0c	Bacteria	Actinomycetota	Acidimicrobiia	Acidimicrobiales	Ilumatobacteraceae	NA	NA	100	100	100	100	100	77	77	GTDB r207
f4d09c2499c1dfe6afd7df13e55dcf6a	Bacteria	Pseudomonadota	Alphaproteobacteria	Rhizobiales	Xanthobacteraceae	Pseudorhodoplanes	Pseudorhodoplanes sinuspersici	100	100	100	100	100	100	99	GTDB r207
e6f8a548e546822aabe02a3399d3e927	Bacteria	Patescibacteria	Microgenomatia	UBA1400	PJMF01	NA	NA	100	100	100	100	100	61	52	GTDB r207
9c64570a1fa113ee681254dd5ac650f8	Bacteria	NA	NA	NA	NA	NA	NA	98	28	28	26	26	26	26	GTDB r207
5225dbcdd505486eb1709e7e3ff09e51	Bacteria	Planctomycetota	Planctomycetia	Pirellulales	Pirellulaceae	Rubripirellula	NA	100	100	100	100	100	99	45	GTDB r207
87d73223084d631305b9f761f64d6db8	NA	NA	NA	NA	NA	NA	NA	60	60	60	60	60	60	60	GTDB r207
0efd72497bc53cb590584302971ebb5c	Bacteria	Cyanobacteriota	Cyanobacteriia	NA	NA	NA	NA	100	89	89	74	11	11	11	GTDB r207
7bf0a880a3c6f176c8e568ca5daaa46e	Bacteria	Pseudomonadota	Gammaproteobacteria	Legionellales	Legionellaceae	UBA2653	UBA2653 sp003489505	100	83	83	81	81	81	81	GTDB r207
b3f4ba68716814a6f1367f46a2389078	Bacteria	Chloroflexota	Anaerolineae	CG2-30-64-16	CG2-30-64-16	NA	NA	100	100	100	100	100	68	68	GTDB r207
68f79271e48168e6764a8716af48aa81	Bacteria	Pseudomonadota	Alphaproteobacteria	Rickettsiales	Rickettsiaceae	CAJBEU01	NA	100	100	100	100	100	99	56	GTDB r207
3e0996783df745055b211a4e5b03c8fb	Bacteria	Verrucomicrobiota	Verrucomicrobiae	Limisphaerales	NA	NA	NA	100	99	99	99	20	20	20	GTDB r207
a62b1e2b0f702a51b8dfa33a5d91c2fe	Bacteria	Pseudomonadota	Gammaproteobacteria	Burkholderiales	Usitatibacteraceae	FEB-7	FEB-7 sp016720855	100	100	100	100	100	99	83	GTDB r207
cd56fa57e1694b790e964516beab160f	Bacteria	Patescibacteria	CPR2	UBA1875	UBA1875	UBA7522	UBA7522 sp002476865	100	100	100	100	100	100	100	GTDB r207
8b2a82ebfd2db38b9314eb170fe7f928	Bacteria	NA	NA	NA	NA	NA	NA	97	73	73	43	43	43	27	GTDB r207
64da7842c01c5afd364af7df17dd65d9	Bacteria	Desulfobacterota	Desulfobulbia	Desulfobulbales	Desulfocapsaceae	Desulfoprunum	Desulfoprunum benzoelyticum	100	100	100	100	100	100	95	GTDB r207
7598b7ec3630430c56846b52ff78d7f3	Bacteria	NA	NA	NA	NA	NA	NA	98	62	62	21	21	21	21	GTDB r207
cadaff3c5643b05f6873ac780f27beff	Bacteria	Chloroflexota	Anaerolineae	J102	J102	SSF26	SSF26 sp029782215	100	100	100	100	100	100	100	GTDB r207
0761b9b21ebe27612724dd361ebd09c8	Bacteria	Chloroflexota	Anaerolineae	Caldilineales	Caldilineaceae	NA	NA	100	100	100	100	100	60	60	GTDB r207
b950ac7d58212857c265e2ae849c4f5d	Bacteria	NA	NA	NA	NA	NA	NA	90	13	7	4	4	2	2	GTDB r207
690097008e24b376afabe8d27bef205d	Bacteria	Verrucomicrobiota	Verrucomicrobiae	Limisphaerales	NA	NA	NA	100	98	98	98	16	16	16	GTDB r207
6d24203f16f49e83f4730954a8864132	Bacteria	Chloroflexota	Anaerolineae	Caldilineales	Caldilineaceae	NA	NA	100	100	100	100	100	30	30	GTDB r207
050c05fdaa211f5dc085fa729627e682	Bacteria	Verrucomicrobiota	Verrucomicrobiae	Limisphaerales	NA	NA	NA	100	96	96	96	75	68	68	GTDB r207
15f7b6ed63e332c60f7b4396933eb1b7	Bacteria	Actinomycetota	Acidimicrobiia	Acidimicrobiales	Microtrichaceae	AWTP1-35	AWTP1-35 sp020715685	100	100	100	100	100	100	94	GTDB r207
6fa06ed48ac8eef30361fecd26944e4e	Bacteria	Pseudomonadota	Alphaproteobacteria	Rhizobiales	Aestuariivirgaceae	Aestuariivirga	Aestuariivirga litoralis	100	100	100	100	100	100	98	GTDB r207
14a998b376039ec9821fcbca0880f77e	Bacteria	Chloroflexota	Anaerolineae	Anaerolineales	UBA4823	NA	NA	100	99	99	99	98	73	73	GTDB r207
da0077fbb7d309b50281e7596e0a1bbb	Bacteria	Planctomycetota	Planctomycetia	Pirellulales	Pirellulaceae	NA	NA	100	100	100	100	85	55	55	GTDB r207
ffde532ea5ea222414be4073eb0ea94e	Bacteria	Bacteroidota	Bacteroidia	Bacteroidales	Prolixibacteraceae	Draconibacterium	Draconibacterium sp016705335	100	100	100	100	100	100	98	GTDB r207
e8d49fe64a343519c4f01603fe994d26	Bacteria	NA	NA	NA	NA	NA	NA	100	60	47	35	35	35	35	GTDB r207
30a72cd6bef3a6f507eb459fad02af06	Bacteria	NA	NA	NA	NA	NA	NA	98	25	24	23	23	23	23	GTDB r207
f3a6b0f96e660034b1b6efc5d4af1086	Bacteria	Pseudomonadota	Alphaproteobacteria	Rhodobacterales	Rhodobacteraceae	Gemmobacter_B	Gemmobacter B sp002855575	100	100	100	100	100	100	81	GTDB r207
be78481b68d365ba8f895b6111dcee2e	Bacteria	Bacteroidota	Bacteroidia	Flavobacteriales	Crocinitomicaceae	JADJGJ01	NA	100	100	100	100	100	100	66	GTDB r207
9f6f54bbf79dbb8d09f329d67d653264	Bacteria	Patescibacteria	ABY1	BM507	UBA12465	NA	NA	100	100	100	100	100	78	78	GTDB r207
e2f738e000ef15fca320dabc97de047e	Bacteria	Planctomycetota	Planctomycetia	Pirellulales	Pirellulaceae	NA	NA	100	100	100	100	100	75	75	GTDB r207
abef61f12d75975306aae20ac655c291	Bacteria	Actinomycetota	Actinomycetes	Actinomycetales	Dermatophilaceae	NA	NA	100	100	100	100	100	70	33	GTDB r207
d998075cf603576c00243ce5ef4f4003	Bacteria	Myxococcota	UBA727	UBA727	NA	NA	NA	100	95	95	95	68	68	68	GTDB r207
f1809a6c3d17870b2e0150f1373d1655	Bacteria	Verrucomicrobiota	Verrucomicrobiae	Limisphaerales	UBA11358	NA	NA	100	100	100	100	99	63	63	GTDB r207
357e00e79d77d1e9ca3a29636bbc0af0	Bacteria	Desulfobacterota	Desulfobacteria	Desulfobacterales	Desulfococcaceae	Desulfococcus	Desulfococcus multivorans	100	100	100	100	100	100	100	GTDB r207
5123036647712a8415c3b20be48d18a8	Bacteria	Actinomycetota	Acidimicrobiia	Acidimicrobiales	NA	NA	NA	100	100	100	99	51	40	40	GTDB r207
580b30a09291beeb3cda15ba101575cb	Bacteria	Bacteroidota	Bacteroidia	Flavobacteriales	UA16	UA16	NA	100	100	100	100	100	92	57	GTDB r207
0ceec20d3ffd735afb6e60c401798cfd	Bacteria	Pseudomonadota	Gammaproteobacteria	Chromatiales	Chromatiaceae	NA	NA	100	100	100	100	100	77	77	GTDB r207
6e384836cb047f639e2bbc8538f86260	Bacteria	Actinomycetota	Actinomycetes	Mycobacteriales	Mycobacteriaceae	Mycobacterium	Mycobacterium iranicum	100	100	100	100	100	100	94	GTDB r207
d7edf60b96de9f7dbd73b688073b96fd	Bacteria	Actinomycetota	Actinomycetes	Mycobacteriales	Mycobacteriaceae	Corynebacterium	NA	100	100	100	100	100	100	43	GTDB r207
15b715b00dc52ff62d92446f7dfd4c54	Bacteria	Actinomycetota	Actinomycetes	Actinomycetales	Microbacteriaceae	Aquiluna	NA	100	100	100	100	100	100	48	GTDB r207
3b229bdaf85b396f704c0ab486e9c1b1	Bacteria	Pseudomonadota	Gammaproteobacteria	Xanthomonadales	Xanthomonadaceae	Luteimonas_D	Luteimonas D colneyensis	100	100	100	100	100	100	100	GTDB r207
dcd3ed10289f7d7ce6a8b800234e659e	Bacteria	Bacillota_C	Negativicutes	Veillonellales	Veillonellaceae	Veillonella	NA	100	100	100	100	100	100	33	GTDB r207
5bfc19e12f11196d02e0b2558a4f6613	Bacteria	Cyanobacteriota	Cyanobacteriia	NA	NA	NA	NA	98	96	95	74	47	36	36	GTDB r207
9b5174ef0159aad5f7f66b9a8a7b4607	Bacteria	Planctomycetota	Planctomycetia	Pirellulales	Pirellulaceae	Aureliella	NA	100	100	100	100	100	100	60	GTDB r207
81cd252d6c7a355d511a11f0587bc226	Bacteria	Planctomycetota	Planctomycetia	Planctomycetales	Planctomycetaceae	JACKHO01	JACKHO01 sp020638955	100	100	100	100	100	100	100	GTDB r207
facae9e58dfbab9ebb23ad4bcff6dc9b	Archaea	Thermoproteota	Bathyarchaeia	Bathyarchaeales	UBA233	A05DMB-2	A05DMB-2 sp026014595	100	100	100	100	100	100	100	GTDB r207
a45ba7725235604bb03efd071c96f572	Bacteria	Verrucomicrobiota	Verrucomicrobiae	Verrucomicrobiales	Akkermansiaceae	NA	NA	100	100	100	100	99	47	23	GTDB r207
c57f6762d5d92e93d97eb29edff5c233	Bacteria	Planctomycetota	Phycisphaerae	Phycisphaerales	SM1A02	SYAC01	NA	100	100	100	100	100	100	58	GTDB r207
6e8bab5da2f5a3d303722cfe13d96233	Bacteria	Patescibacteria	Saccharimonadia	Saccharimonadales	JAGQNJ01	HK-STAS-PATE-36	HK-STAS-PATE-36 sp023898625	100	100	100	100	100	100	100	GTDB r207
7e60b567f8daa5e9167daddaaf2131dd	Bacteria	Chloroflexota	Anaerolineae	Caldilineales	Caldilineaceae	Caldilinea	Caldilinea sp020634815	100	100	100	100	100	100	100	GTDB r207
70a1fcbe0a4e0213f0b6e3e20eb72d5b	Bacteria	Pseudomonadota	Alphaproteobacteria	Rhodobacterales	Rhodobacteraceae	Tabrizicola	NA	100	100	100	100	100	83	29	GTDB r207
1836046200533e53a0b2d92b8b7ad265	Archaea	Asgardarchaeota	Lokiarchaeia	Sigynarchaeales	SOKP01	SOKP01	SOKP01 sp013375475	100	100	100	100	100	100	100	GTDB r207
46e0a2f1777e39377e1874d82b1e4237	Bacteria	Pseudomonadota	Alphaproteobacteria	Rhizobiales	Rhizobiaceae	Aureimonas_A	Aureimonas A sp001425485	100	82	82	82	82	82	82	GTDB r207
b452827c522a6069c85ebf1a0055aaea	Bacteria	Planctomycetota	Planctomycetia	Pirellulales	UBA1268	NA	NA	100	100	100	100	100	26	26	GTDB r207
ea2610801fb0d144beb6a67c6f4eece7	Bacteria	Actinomycetota	Actinomycetes	Mycobacteriales	Mycobacteriaceae	Corynebacterium	NA	100	100	100	100	100	100	72	GTDB r207
96b3477586e3646ae7767e79d341a1ad	Bacteria	Actinomycetota	Actinomycetes	JAHEKZ01	JAHEKZ01	JAHEKZ01	JAHEKZ01 sp024644435	100	100	100	99	99	99	99	GTDB r207
f10c036b892ce684b728cb526786a17b	Bacteria	Cyanobacteriota	Cyanobacteriia	PCC-6307	Cyanobiaceae	Vulcanococcus	NA	100	100	100	100	100	100	33	GTDB r207
28ccfac520c146f9d4fa3203dd4c6212	Bacteria	NA	NA	NA	NA	NA	NA	100	51	51	47	47	47	47	GTDB r207
ca9f2c4c2ed218a5ec5669fd65e6f6e0	Bacteria	Pseudomonadota	Gammaproteobacteria	Chromatiales	Chromatiaceae	NA	NA	100	100	100	100	100	77	77	GTDB r207
8f42781b912fa17f309c453e31afb417	Bacteria	Actinomycetota	Acidimicrobiia	Acidimicrobiales	UBA8139	M30B73	M30B73 sp018401565	100	100	100	100	100	100	100	GTDB r207
a36073fbcbe24e075eedd2924e5d11e7	Bacteria	Pseudomonadota	Alphaproteobacteria	Rhodobacterales	Rhodobacteraceae	Paracoccus	Paracoccus salipaludis	100	100	100	100	100	100	100	GTDB r207
7177ec258caae96589c2e33466e3cbff	Bacteria	Pseudomonadota	Gammaproteobacteria	Pseudomonadales	Moraxellaceae	Acinetobacter	Acinetobacter marinus	100	100	100	100	100	100	90	GTDB r207
3cc7909681757a4f93d2847c41adaad5	Bacteria	Actinomycetota	Actinomycetes	Actinomycetales	Microbacteriaceae	Aquiluna	NA	100	100	100	100	100	100	31	GTDB r207
5d7967660262bccbeae727abaa8b237a	Bacteria	Actinomycetota	Actinomycetes	Actinomycetales	Demequinaceae	Demequina	Demequina sp002090135	100	100	100	100	100	100	86	GTDB r207
cad428c6aada25dd5bf6a7493611a67a	Bacteria	NA	NA	NA	NA	NA	NA	100	71	71	71	71	71	71	GTDB r207
689cec013fa1387ff4303736615436ee	Bacteria	Pseudomonadota	Alphaproteobacteria	Micropepsales	Micropepsaceae	SZUA-430	SZUA-430 sp018969785	100	100	100	100	100	100	100	GTDB r207
495ad8a07542a2816aa973573eaf12ba	Bacteria	Bdellovibrionota	Oligoflexia	Oligoflexales	Oligoflexaceae	Oligoflexus	Oligoflexus tunisiensis	100	100	100	100	100	100	100	GTDB r207
7417db90b8aa435046a727a8a4859ebe	Bacteria	NA	NA	NA	NA	NA	NA	100	30	30	30	30	30	30	GTDB r207
94e88b392fbde4dac7bc16af90ba7f84	Bacteria	Pseudomonadota	Alphaproteobacteria	Rhizobiales	Xanthobacteraceae	NA	NA	100	100	100	100	100	63	41	GTDB r207
c8792b7c49d51c5bef0dba627cc43825	Bacteria	Actinomycetota	Actinomycetes	Mycobacteriales	Mycobacteriaceae	Corynebacterium	NA	100	100	100	100	100	100	60	GTDB r207
67f959cd7e6e5226edaadc118ea37adb	Bacteria	Actinomycetota	Thermoleophilia	Solirubrobacterales	70-9	67-14	67-14 sp020636955	100	100	100	100	100	100	82	GTDB r207
87a8d37abc0596304b95b8a9180ba441	Bacteria	Actinomycetota	Thermoleophilia	Solirubrobacterales	70-9	67-14	NA	100	100	100	100	100	100	61	GTDB r207
d26fa48b92428530b4ed029e10a97b2b	Bacteria	Bacillota	Bacilli	Lactobacillales	Lactobacillaceae	Lactobacillus	Lactobacillus sp027681045	100	100	100	100	100	100	100	GTDB r207
24ca93113d4a0084ed9974a4eb187bb6	Bacteria	Pseudomonadota	Alphaproteobacteria	Sphingomonadales	Sphingomonadaceae	Erythrobacter	Erythrobacter sp029623755	100	100	100	100	100	100	100	GTDB r207
75f1c3da55a276c1fa293f4d787bb2e6	Bacteria	Verrucomicrobiota	Kiritimatiellia	NA	NA	NA	NA	100	100	100	65	65	65	65	GTDB r207
e61d95e066efd02aa32608b50ac94511	Bacteria	Actinomycetota	Actinomycetes	Mycobacteriales	Mycobacteriaceae	Corynebacterium	Corynebacterium sp021496665	100	100	100	100	100	100	87	GTDB r207
02dfa60e67b1aefd4fdce6dc73f5a13c	Bacteria	Desulfobacterota_B	Binatia	UBA9968	UBA9968	DP-1	NA	100	100	100	100	100	89	42	GTDB r207
2a5cf9afaaae550c9586ec76755a57bd	Bacteria	Desulfobacterota	Desulfobaccia	Desulfobaccales	0-14-0-80-60-11	SURF-52	NA	100	100	100	100	100	99	41	GTDB r207
71bec3c43f864db4edc087302e6586d6	Bacteria	Actinomycetota	Thermoleophilia	Gaiellales	Gaiellaceae	NA	NA	100	100	100	100	100	72	72	GTDB r207
1298fa1084026e8d5d1c2024c07eaeff	Bacteria	Bacteroidota	Bacteroidia	Bacteroidales	Marinilabiliaceae	Carboxylicivirga	Carboxylicivirga sediminis	100	100	100	100	100	100	84	GTDB r207
85e2d9149edc83e752a92140bec2abde	Bacteria	NA	NA	NA	NA	NA	NA	100	62	62	62	54	54	54	GTDB r207
fe80bf7c859b6a662f9180e5d9617ff6	Bacteria	Pseudomonadota	Alphaproteobacteria	Rhizobiales	Rhizobiaceae	Agrobacterium	NA	100	100	100	100	100	100	50	GTDB r207
80d30712126992d75cfb58d8e90ecb31	Bacteria	Pseudomonadota	Gammaproteobacteria	Burkholderiales	Thiobacillaceae	Thiobacillus	NA	100	100	100	100	100	100	72	GTDB r207
271a624d1ce560f57a248b475eaf3d1f	Bacteria	Pseudomonadota	Gammaproteobacteria	Burkholderiales	Burkholderiaceae	Hydrogenophaga	NA	100	100	100	100	100	99	74	GTDB r207
cd0d1ae4d7a1abc94ab432f81acfd535	Bacteria	Pseudomonadota	Gammaproteobacteria	Burkholderiales	Burkholderiaceae	Comamonas	Comamonas aquatica	100	100	100	100	100	100	100	GTDB r207
65df9a61291b00abac201d9a8308a772	Bacteria	Planctomycetota	Planctomycetia	Pirellulales	Pirellulaceae	Rubripirellula	NA	100	100	100	100	100	99	65	GTDB r207
e3ba4a42f5002135fd89e01dfafec78a	Bacteria	Bacillota_B	Desulfitobacteriia	Desulfitobacteriales	Desulfitobacteriaceae	Desulfosporosinus	NA	100	100	100	100	100	100	42	GTDB r207
0005c0c02325d07d4cd217eaff7d147a	Bacteria	Cyanobacteriota	Cyanobacteriia	Phormidesmiales	Phormidesmiaceae	Nodosilinea	Nodosilinea sp014697375	100	100	100	100	100	100	99	GTDB r207
c52621c6f0f56254ff2b9dcea4d77daa	Bacteria	Bacillota	Bacilli	Bacillales_B	DSM-18226	Bacillus_AZ	NA	100	100	100	100	98	91	24	GTDB r207
203c6cda10ba7e36590a9e3a97aac6a0	Bacteria	Pseudomonadota	Alphaproteobacteria	Rhizobiales	Xanthobacteraceae	Bradyrhizobium	NA	100	100	100	100	100	100	75	GTDB r207
749015852506b07079a80a3bc9bfbae0	Bacteria	Actinomycetota	Actinomycetes	Mycobacteriales	Mycobacteriaceae	Corynebacterium	Corynebacterium mucifaciens	100	100	100	100	100	100	80	GTDB r207
5f24492ccd10959a326fac7cbf9b3df3	Bacteria	Bacillota	Bacilli	Staphylococcales	Staphylococcaceae	Staphylococcus	Staphylococcus hominis	100	99	99	99	99	99	96	GTDB r207
ba5dd2d0b64ad92fde655c85700dfcb3	Bacteria	NA	NA	NA	NA	NA	NA	100	58	58	58	51	51	51	GTDB r207
7da6baf58e9cfd1d94973cbdda8bc2c5	Bacteria	Actinomycetota	Coriobacteriia	Anaerosomatales	SLCP01	SKKZ01	SKKZ01 sp019429145	100	100	100	100	94	94	94	GTDB r207
edd062f895a816561df1fbbf9f35ea5a	Bacteria	Patescibacteria	Dojkabacteria	SC72	JAHDCA01	NA	NA	100	100	100	100	86	54	54	GTDB r207
816ac0b155656b4cac6a0d7350150e71	Bacteria	Verrucomicrobiota	Kiritimatiellia	UBA8416	CAMZLY01	CAMZLY01	CAMZLY01 sp947311825	100	100	100	100	81	81	81	GTDB r207
832baf3665534f58655bc419bacbd299	Bacteria	Pseudomonadota	Gammaproteobacteria	Methylococcales	Methylococcaceae	Methylotetracoccus	Methylotetracoccus sp004168015	100	100	100	100	100	100	89	GTDB r207
77e3481fd5823e9fbc01d6ca29d61328	Bacteria	Verrucomicrobiota	Kiritimatiellia	CAIVKH01	CAIVKH01	CALMUP01	CALMUP01 sp937873455	100	100	100	100	100	100	100	GTDB r207
83572a57c2fdbd53bb3f06eff5e854db	Bacteria	Pseudomonadota	Gammaproteobacteria	Chromatiales	NA	NA	NA	100	100	100	80	73	28	23	GTDB r207
01834379053cd8bdfa44a1a7952d24d2	Bacteria	Planctomycetota	Planctomycetia	Planctomycetales	Planctomycetaceae	NA	NA	100	100	100	100	100	59	59	GTDB r207
8a1dd95d6a41fa5c9db0c327db604774	Bacteria	Chloroflexota	Anaerolineae	Caldilineales	Caldilineaceae	NA	NA	100	100	100	100	100	58	58	GTDB r207
1feff7b8479b56c73a1f900fffdb38ca	Bacteria	Actinomycetota	Acidimicrobiia	Acidimicrobiales	Iamiaceae	Aquihabitans	Aquihabitans sp019048865	100	100	100	100	100	91	91	GTDB r207
67fe9554f3fdd45ada8cf2d36da66b0c	Bacteria	Verrucomicrobiota	Verrucomicrobiae	Chthoniobacterales	JACTMZ01	JACTMZ01	NA	100	99	99	99	99	99	71	GTDB r207
c469ba80f0f0f53af9632123dafb36e4	Bacteria	Planctomycetota	Planctomycetia	Pirellulales	Pirellulaceae	Pirellula_B	Pirellula B sp021299695	100	100	100	100	100	100	98	GTDB r207
26001e3f7ee7dd6ece06028d89af3b37	Bacteria	Pseudomonadota	Alphaproteobacteria	Acetobacterales	Acetobacteraceae	Neoroseomonas	NA	100	100	100	100	100	100	52	GTDB r207
0a7ce28bf2546d50d9e9165feb1f5bbc	Bacteria	Planctomycetota	Planctomycetia	Pirellulales	Pirellulaceae	Aureliella	Aureliella helgolandensis	100	100	100	100	100	100	93	GTDB r207
40d9bfd3f64f3536fb8986cb2c18bc45	Bacteria	Pseudomonadota	Gammaproteobacteria	UBA6186	UBA6186	UBA6186	UBA6186 sp903827925	100	100	100	100	100	100	100	GTDB r207
85911c03b178aa198fe90fe6824eb116	Bacteria	Actinomycetota	Thermoleophilia	Solirubrobacterales	Solirubrobacteraceae	F1-60-MAGs163	NA	100	100	100	100	99	87	75	GTDB r207
fc64ad8dcb5cd2e9a72a948d01dcff7b	Bacteria	Actinomycetota	Thermoleophilia	Solirubrobacterales	70-9	67-14	67-14 sp020636955	100	100	100	100	100	99	86	GTDB r207
7b5397c43bf6b7bafa137a3735804c9a	Bacteria	NA	NA	NA	NA	NA	NA	93	69	69	68	42	27	27	GTDB r207
b859ca8fa959a9df20ceba5f679b75b4	Bacteria	Pseudomonadota	Alphaproteobacteria	Sphingomonadales	Sphingomonadaceae	Novosphingobium	NA	100	100	100	100	100	97	38	GTDB r207
239cba9e1efb1cc505a50411d353654a	Bacteria	Planctomycetota	Phycisphaerae	Phycisphaerales	UBA1924	JANQQR01	JANQQR01 sp028289195	100	100	100	100	100	93	93	GTDB r207
4137fe56d86d76958a70ba595733e3f3	Bacteria	Patescibacteria	WWE3	2-01-FULL-39-13	2-01-FULL-39-13	GCA-002789015	NA	100	100	100	100	100	96	68	GTDB r207
50a0f0d531d0ae5d3246c4330863a851	Bacteria	Actinomycetota	Acidimicrobiia	Acidimicrobiales	NA	NA	NA	100	100	100	100	26	26	26	GTDB r207
356a39ddeb6fbc18231b3b21705fa3a4	Bacteria	Pseudomonadota	NA	NA	NA	NA	NA	100	100	42	42	42	42	42	GTDB r207
5ff4a466f1628e6a0677c464f0653c3c	Bacteria	Verrucomicrobiota	Verrucomicrobiae	Limisphaerales	NA	NA	NA	100	99	99	99	36	36	36	GTDB r207
f5db037a52763069614104a37c441808	Bacteria	Bacillota_A	Clostridia	Peptostreptococcales	Peptostreptococcaceae	NA	NA	100	100	100	100	100	44	44	GTDB r207
18800698ce3ec68dc2b2b0f7b67a85f1	Bacteria	Pseudomonadota	Alphaproteobacteria	Rhizobiales	Beijerinckiaceae	Methylocystis	NA	100	100	100	100	100	87	30	GTDB r207
68ac8394579953347210c3b3925e0502	Bacteria	Cyanobacteriota	Cyanobacteriia	Cyanobacteriales	NA	NA	NA	96	94	94	81	10	10	10	GTDB r207
d62bfdfb52a3fcbfcb9716277e5e8fd2	Bacteria	Planctomycetota	UBA1135	UBA1135	JADKAF01	JADKAF01	JADKAF01 sp016719295	100	100	100	100	100	100	100	GTDB r207
4b960ade2e49e31db818ac595101c6ce	Bacteria	Chloroflexota	Anaerolineae	CG2-30-64-16	CG2-30-64-16	CAKZKT01	CAKZKT01 sp937124585	100	100	100	100	100	86	86	GTDB r207
6b9168fd18b067a49f6e97431f2af4be	Bacteria	NA	NA	NA	NA	NA	NA	100	48	48	48	48	48	48	GTDB r207
41c881261e85560f3637806347da832a	Bacteria	Planctomycetota	Phycisphaerae	Phycisphaerales	SM1A02	VGXO01	VGXO01 sp016873275	100	100	100	100	100	100	100	GTDB r207
ac4dc1037aa00404485f3f63af815dcf	Archaea	Methanobacteriota	Methanobacteria	Methanobacteriales	Methanobacteriaceae	NA	NA	100	100	100	100	100	62	62	GTDB r207
ce9f17c8406baaf3f063ac53a30a643b	Bacteria	Chloroflexota	Anaerolineae	CG2-30-64-16	CG2-30-64-16	NA	NA	100	100	100	100	100	62	62	GTDB r207
3b9920e61bf433dac944bc3d072a8296	Bacteria	Planctomycetota	Planctomycetia	Isosphaerales	Isosphaeraceae	NA	NA	100	100	100	100	100	57	57	GTDB r207
67d37bedef6e5a1339ae5213cc8864ed	Bacteria	Actinomycetota	Coriobacteriia	Anaerosomatales	SLCP01	SKKZ01	SKKZ01 sp019429145	100	100	100	100	100	100	100	GTDB r207
78389acf671e0c54d5a4f3dc116a1aee	Bacteria	NA	NA	NA	NA	NA	NA	99	68	68	21	21	21	21	GTDB r207
e7413b2f21324b0eb0684cfa0f053e9c	Bacteria	Bacteroidota	Bacteroidia	Bacteroidales	Prolixibacteraceae	Draconibacterium	NA	100	100	100	100	100	98	57	GTDB r207
90f9ddb2c45e98dd26bd6b73aef0c9b8	Bacteria	NA	NA	NA	NA	NA	NA	100	44	44	22	17	17	17	GTDB r207
47b446aa008fd3ca27c0b53b751df5db	Bacteria	NA	NA	NA	NA	NA	NA	100	30	30	30	30	30	30	GTDB r207
b8c79eff95a4c36152ab8bdc35c08c86	Bacteria	Pseudomonadota	Gammaproteobacteria	Steroidobacterales	Steroidobacteraceae	RPQJ01	NA	100	100	100	100	100	100	64	GTDB r207
2e1d292a8ac55f4980c2aadd17fdb47b	Bacteria	NA	NA	NA	NA	NA	NA	100	77	77	77	62	28	28	GTDB r207
a7325e10c05943b4d63619b0edcec394	Bacteria	Patescibacteria	NA	NA	NA	NA	NA	100	90	21	21	21	11	11	GTDB r207
9a105f403f3cee29fac7fe353ac66e40	Bacteria	Pseudomonadota	Alphaproteobacteria	Rhodobacterales	Rhodobacteraceae	NA	NA	100	100	100	100	100	32	32	GTDB r207
8778f3f51c7a45e8ef7b087f6bbc9a71	Bacteria	Bacteroidota	Bacteroidia	UBA7662	UBA7662	SYHX01	SYHX01 sp009926245	100	100	100	100	100	100	100	GTDB r207
be2b3b8a0cf385493dc7a71b99eb29b3	Bacteria	Verrucomicrobiota	Kiritimatiellia	Kiritimatiellales	Tichowtungiaceae	Tichowtungia	Tichowtungia sp013141415	100	100	100	100	100	100	82	GTDB r207
10d14f056963606d719bd40c158f9bc6	Bacteria	Bdellovibrionota	UBA2361	UBA2361	RFPC01	RFPC01	RFPC01 sp009926305	100	100	100	100	100	100	100	GTDB r207
51cc48b133cd794428feef89067c1b76	Bacteria	Pseudomonadota	Gammaproteobacteria	Competibacterales	Competibacteraceae	UBA2383	UBA2383 sp024235095	100	100	100	100	100	100	88	GTDB r207
cae3e8f4b89bc12d09475e6e2eb75f78	Bacteria	Chloroflexota	Anaerolineae	Aggregatilineales	Phototrophicaceae	NA	NA	100	100	100	100	100	56	22	GTDB r207
4feda70336994baef540a624dbebc446	Bacteria	Chloroflexota	Anaerolineae	4572-78	J111	NA	NA	100	100	100	100	100	66	66	GTDB r207
edb81ebff2f2f6a746d6a8cc12a96f8d	Bacteria	Patescibacteria	Saccharimonadia	Saccharimonadales	NA	NA	NA	100	100	100	100	62	62	62	GTDB r207
dcfadd5c987e9dec95bdd258fde2d252	Bacteria	Actinomycetota	Actinomycetes	NA	NA	NA	NA	100	100	100	58	58	58	58	GTDB r207
71292a5d4805681ef1bfe5c2b237e18e	Bacteria	Pseudomonadota	Alphaproteobacteria	Micavibrionales	Micavibrionaceae	UM-FILTER-47-13	UM-FILTER-47-13 sp012960155	100	100	100	100	100	100	100	GTDB r207
e879a56b751c21373fad5aba1ef15f9e	Bacteria	Moduliflexota	Moduliflexia	Moduliflexales	Moduliflexaceae	NA	NA	100	100	100	100	100	71	71	GTDB r207
b65a22d72aca203077e448002828106c	Bacteria	Bdellovibrionota	Bacteriovoracia	Bacteriovoracales	Bacteriovoracaceae	JAOHMI01	JAOHMI01 sp028101965	100	100	100	100	100	100	100	GTDB r207
f8517db2b41c8b3258b5b50d71dfa17c	Bacteria	Pseudomonadota	Alphaproteobacteria	Micavibrionales	Micavibrionaceae	UBA10425	UBA10425 sp003499545	100	100	100	100	100	100	100	GTDB r207
516dd05414e30d10634898b9170177bd	Bacteria	NA	NA	NA	NA	NA	NA	99	39	34	33	33	33	12	GTDB r207
a9a1f3abe00c51246594147cccb02c20	Bacteria	Pseudomonadota	Alphaproteobacteria	Rickettsiales	Rickettsiaceae	NA	NA	100	100	100	100	90	44	19	GTDB r207
7e9f0c8dd4a45aa49ebf0af52c525abd	Bacteria	Bacillota	Bacilli	Brevibacillales	Brevibacillaceae	Brevibacillus	NA	100	100	100	100	100	100	59	GTDB r207
132312aab332b43b2713d5e844af56ac	Bacteria	Eremiobacterota	Xenobia	Xenobiales	Xenobiaceae	Xenobium	Xenobium sp012799975	100	100	100	100	100	100	100	GTDB r207
7676a1e8e8246edaf03f1c74bd17142d	Bacteria	Chloroflexota	Anaerolineae	Aggregatilineales	Phototrophicaceae	Flexifilum	Flexifilum sp001567085	100	100	100	100	100	92	80	GTDB r207
787fd8460aa619c76f1b8a42a9c2345f	Bacteria	Pseudomonadota	Gammaproteobacteria	Enterobacterales	Vibrionaceae	Vibrio	Vibrio plantisponsor	100	100	100	100	100	100	99	GTDB r207
4a7843fd0cc0068a0f589ccf26103eff	Bacteria	Bacteroidota	Bacteroidia	Flavobacteriales	Weeksellaceae	JACJZS01	JACJZS01 sp020635515	100	100	100	100	100	100	100	GTDB r207
8bc391cb8d706d94ea3e2e6b36dc4130	Bacteria	Pseudomonadota	NA	NA	NA	NA	NA	100	100	76	29	29	29	29	GTDB r207
eaa88289aeaa887c759b264059de6d06	Bacteria	Chloroflexota	Anaerolineae	Caldilineales	Caldilineaceae	NA	NA	100	100	100	100	100	66	66	GTDB r207
8c67e761a1774bbebcb639dc7294638a	Bacteria	Bdellovibrionota	UBA2361	UBA2361	NA	NA	NA	100	100	100	100	36	36	36	GTDB r207
22f1e0e3c8d86e3bc4dd6b3a7d265e59	Bacteria	Actinomycetota	Acidimicrobiia	Acidimicrobiales	Ilumatobacteraceae	NA	NA	100	100	100	100	100	56	55	GTDB r207
cce3c0534f3224916c9da6f3099cfb4a	Bacteria	NA	NA	NA	NA	NA	NA	100	55	55	55	55	55	55	GTDB r207
296459108c3e9523ff219100c90eb45b	Bacteria	Pseudomonadota	Gammaproteobacteria	Pseudomonadales	Pseudomonadaceae	Pseudomonas_E	Pseudomonas E sp001592875	100	100	100	100	100	100	81	GTDB r207
e4335835c2c16814daeaf7c05b58e981	Bacteria	Pseudomonadota	Gammaproteobacteria	Pseudomonadales	Pseudomonadaceae	Pseudomonas_E	Pseudomonas E maumuensis	100	100	100	100	100	100	92	GTDB r207
1a55b694ec3d29202d66d45076fc6cc5	Bacteria	Pseudomonadota	Alphaproteobacteria	Sphingomonadales	Sphingomonadaceae	NA	NA	100	100	100	100	100	57	22	GTDB r207
cb2055d9c67706d649449ba30eeae4ec	Bacteria	Planctomycetota	Planctomycetia	Pirellulales	UBA1268	NA	NA	100	100	100	100	100	28	28	GTDB r207
769b9a75a0cbaff3cda48b26177150c6	Bacteria	Verrucomicrobiota	Verrucomicrobiae	Verrucomicrobiales	Akkermansiaceae	NA	NA	100	100	100	100	100	49	38	GTDB r207
bcbffadbe2d3d6ed91df906d35cf9452	Bacteria	Actinomycetota	Coriobacteriia	Anaerosomatales	SLCP01	SKKZ01	SKKZ01 sp019429145	100	100	100	100	100	100	100	GTDB r207
3a78817475e706bcb40e626820f192e5	Bacteria	Chloroflexota	Anaerolineae	Promineifilales	Promineifilaceae	NA	NA	100	100	100	100	100	57	57	GTDB r207
bfac43bef89690b9df8a60d8c2cb93a5	Bacteria	Patescibacteria	Saccharimonadia	Saccharimonadales	SZUA-47	JAUIBF01	JAUIBF01 sp030428125	100	100	100	100	99	99	99	GTDB r207
1bd82cb779f521b2727aedb012c663a4	Bacteria	Pseudomonadota	Gammaproteobacteria	Pseudomonadales	Pseudohongiellaceae	NA	NA	100	100	100	100	100	75	75	GTDB r207
e0a9a25bfb519321d66507f2c5bd6bef	Bacteria	Chloroflexota	Chloroflexia	Thermomicrobiales	UBA6265	NA	NA	100	100	100	100	100	57	57	GTDB r207
f5a01b9ea72d2d1fbe9272789cc578d6	Bacteria	Actinomycetota	Actinomycetes	Mycobacteriales	Mycobacteriaceae	Corynebacterium	NA	100	100	100	100	100	100	23	GTDB r207
9fd7ebf9bbbcbc4fbf1cecdc9aa8aa96	Bacteria	Bacillota	Bacilli	Staphylococcales	Salinicoccaceae	Jeotgalicoccus	NA	100	100	100	100	100	100	58	GTDB r207
094c841e185872ee612b04c691a92b73	Bacteria	Pseudomonadota	Gammaproteobacteria	Pseudomonadales	Pseudomonadaceae	NA	NA	100	100	91	91	91	47	5	GTDB r207
c23f8b40be38337f7c5e50688a7c4b73	Bacteria	NA	NA	NA	NA	NA	NA	100	54	49	15	15	7	7	GTDB r207
1f7255972f58bb335fda38e16a09ae26	Bacteria	Bdellovibrionota	Oligoflexia	Oligoflexales	RGVZ01	NA	NA	100	100	100	100	100	51	51	GTDB r207
5d4d0b32df264666573b2593268875ac	Bacteria	NA	NA	NA	NA	NA	NA	100	78	78	78	78	78	67	GTDB r207
7c5beb87bdfad6b0286ab181ea932456	Bacteria	Planctomycetota	Planctomycetia	Pirellulales	UBA1268	NA	NA	100	100	100	100	100	76	60	GTDB r207
10151ea3acebc99cbbbe69d2a744e1e3	Bacteria	Actinomycetota	Acidimicrobiia	Acidimicrobiales	Ilumatobacteraceae	Casp-actino5	Casp-actino5 sp017859785	100	100	100	100	100	100	100	GTDB r207
de713816a868c61ab9b195e79f670209	Bacteria	Planctomycetota	Planctomycetia	Pirellulales	UBA1268	NA	NA	100	100	100	100	100	62	60	GTDB r207
d1d3136e9f4173d65bd07fb727eb5fca	Bacteria	Actinomycetota	Acidimicrobiia	Acidimicrobiales	Ilumatobacteraceae	NA	NA	100	100	100	100	100	68	68	GTDB r207
ae97f69572597e2cb12c2f35453dd321	Bacteria	Bacillota	Bacilli	Staphylococcales	Salinicoccaceae	Salinicoccus	Salinicoccus kekensis	100	100	100	100	100	100	90	GTDB r207
9df008f61567441a230be675439386c0	Bacteria	Actinomycetota	Acidimicrobiia	Acidimicrobiales	UBA8139	M30B73	M30B73 sp018401565	100	100	100	100	100	99	99	GTDB r207
8749d98e1c631b2671da9f639cd85cab	Bacteria	Planctomycetota	Planctomycetia	Pirellulales	UBA1268	NA	NA	100	100	100	100	100	22	22	GTDB r207
c64c011507830e4bbae34a0f5ae5c015	Bacteria	Planctomycetota	Planctomycetia	Pirellulales	UBA1268	CACORA01	CACORA01 sp902629495	100	100	100	100	100	97	94	GTDB r207
116c3039f16b798326ea16256267852b	Bacteria	Pseudomonadota	Alphaproteobacteria	CACIAM-22H2	CACIAM-22H2	NA	NA	100	100	100	99	99	78	77	GTDB r207
dc47897f49775f9c2c670c33dc9883be	Bacteria	Bdellovibrionota	Bacteriovoracia	Bacteriovoracales	Bacteriovoracaceae	CATLVU01	CATLVU01 sp950061135	100	100	100	100	100	99	99	GTDB r207
7f7b2be2cbbcd5df362ad5cca7843184	Bacteria	Pseudomonadota	Alphaproteobacteria	Rhodobacterales	Rhodobacteraceae	Paracoccus	Paracoccus sphaerophysae	100	100	100	100	100	100	100	GTDB r207
b25963993c693e49f0bbafbf73e65575	Bacteria	Planctomycetota	Planctomycetia	Pirellulales	Pirellulaceae	NA	NA	100	100	100	100	94	24	5	GTDB r207
2f392e9e1dd0c406fc33263af6481ce0	Bacteria	Planctomycetota	Planctomycetia	Planctomycetales	Planctomycetaceae	SXXK01	SXXK01 sp903921605	100	100	100	100	100	100	100	GTDB r207
850cc349cc06281b04d3649ff8f55064	Bacteria	Pseudomonadota	Gammaproteobacteria	Burkholderiales	Burkholderiaceae	Limnohabitans	Limnohabitans sp947381325	100	100	100	100	98	98	98	GTDB r207
34d7354cbae418f00f0eb8e0d0131e68	Bacteria	Bacteroidota	Bacteroidia	Cytophagales	Cyclobacteriaceae	Fulvivirga	NA	100	100	100	100	100	93	67	GTDB r207
e3e457207f44d195cceb1e4cceb653bc	NA	NA	NA	NA	NA	NA	NA	25	25	25	25	25	25	25	GTDB r207
913b5f5cd40ff445fa167cb5a58ab56c	Bacteria	NA	NA	NA	NA	NA	NA	100	38	33	21	19	19	19	GTDB r207
f1ee12e58eccafc1146025b9f47a4f1c	Bacteria	Pseudomonadota	Alphaproteobacteria	Sphingomonadales	Sphingomonadaceae	Novosphingobium	NA	100	100	100	100	100	99	38	GTDB r207
2e676e98847674b543a1b6e40a4ee0fa	Bacteria	Patescibacteria	Saccharimonadia	Saccharimonadales	CAIOMD01	NA	NA	100	100	100	100	100	76	76	GTDB r207
5b5ed60c586b35217afb8ab3fcb9bb70	Bacteria	Pseudomonadota	Alphaproteobacteria	Rhodobacterales	Rhodobacteraceae	Paracoccus	Paracoccus aeridis	100	100	100	100	100	100	100	GTDB r207
b9e2351b59168670fc58c1baf1043a94	Bacteria	Myxococcota	NA	NA	NA	NA	NA	100	85	74	74	30	9	9	GTDB r207
a99423fc05f31c6c8617f12b2e12771b	Bacteria	Bacteroidota	Bacteroidia	Flavobacteriales	UA16	UA16	NA	100	100	100	100	100	93	43	GTDB r207
59465a6e82d9a45740a0b8904a9aae2a	Bacteria	NA	NA	NA	NA	NA	NA	99	35	35	6	6	6	6	GTDB r207
7ac1972ccb7778bbae8b9eba437ebf91	Bacteria	Pseudomonadota	Gammaproteobacteria	Chromatiales	Chromatiaceae	M0108	M0108 sp016714645	100	100	100	100	100	96	90	GTDB r207
85e57c4e269233fe8ce0cd018f8bf3a5	Bacteria	Bacteroidota	Bacteroidia	Flavobacteriales	Flavobacteriaceae	Flavobacterium	NA	100	100	100	100	100	100	17	GTDB r207
f1b9edfe5cc6f9c636eac555d48c64f9	Bacteria	Planctomycetota	Planctomycetia	Planctomycetales	Planctomycetaceae	MB-PLM-1	MB-PLM-1 sp003388505	100	100	100	100	100	96	96	GTDB r207
0fbfba9abb1318175f3d7c6a04baaee0	Bacteria	Armatimonadota	NA	NA	NA	NA	NA	100	100	55	41	41	41	32	GTDB r207
d4353c2d206978cca301160f7f2b0989	Bacteria	Pseudomonadota	Alphaproteobacteria	Sphingomonadales	Sphingomonadaceae	Rhizorhabdus	NA	100	100	100	100	100	100	27	GTDB r207
2b2980de687ce6b345d0589aed2cb30d	Bacteria	Bacillota	Bacilli	Bacillales_B	DSM-18226	NA	NA	100	100	100	97	91	44	43	GTDB r207
4a31bb2afe1482156b471ab02f876814	Bacteria	Pseudomonadota	Gammaproteobacteria	Pseudomonadales	Moraxellaceae	Acinetobacter	NA	100	100	100	100	100	100	21	GTDB r207
77addaaa62d47a7693dddf96297180ad	Bacteria	Pseudomonadota	Alphaproteobacteria	Rhizobiales	Rhizobiaceae	Aureimonas_A	Aureimonas A sp001425485	100	83	83	83	83	83	83	GTDB r207
