#id	length	GC	avg.qual	sample
SRR23329748.1	1409	56.07	34.15	SRR23329748
SRR23329748.2	1420	56.41	78.35	SRR23329748
SRR23329748.3	1407	56.36	54.48	SRR23329748
SRR23329748.4	1368	59.94	21.66	SRR23329748
SRR23329748.5	1408	56.61	29.99	SRR23329748
SRR23329748.6	1451	58.03	71.82	SRR23329748
SRR23329748.7	1454	58.18	93.00	SRR23329748
SRR23329748.8	1387	56.02	92.82	SRR23329748
SRR23329748.9	1446	56.29	28.64	SRR23329748
SRR23329748.13	1445	53.15	63.37	SRR23329748
SRR23329748.14	1412	55.81	93.00	SRR23329748
SRR23329748.15	1467	49.49	35.02	SRR23329748
SRR23329748.16	1447	55.22	66.62	SRR23329748
SRR23329748.17	1406	55.62	80.23	SRR23329748
SRR23329748.18	1483	49.16	31.44	SRR23329748
SRR23329748.19	1460	55.00	93.00	SRR23329748
SRR23329748.20	1437	58.52	93.00	SRR23329748
SRR23329748.21	1459	52.84	93.00	SRR23329748
SRR23329748.22	1472	54.01	32.79	SRR23329748
SRR23329748.23	1444	58.93	92.89	SRR23329748
SRR23329748.24	1445	58.55	26.81	SRR23329748
SRR23329748.25	1439	56.57	75.51	SRR23329748
SRR23329748.26	1447	58.05	67.41	SRR23329748
SRR23329748.27	1467	49.63	93.00	SRR23329748
SRR23329748.28	1445	57.85	93.00	SRR23329748
SRR23329748.29	1445	57.92	56.52	SRR23329748
SRR23329748.30	1452	56.06	93.00	SRR23329748
SRR23329748.31	1407	56.65	42.48	SRR23329748
SRR23329748.32	1407	56.01	92.05	SRR23329748
SRR23329748.33	1412	56.73	93.00	SRR23329748
SRR23329748.34	1437	56.92	62.86	SRR23329748
SRR23329748.35	1383	54.88	83.78	SRR23329748
SRR23329748.36	1472	52.51	35.14	SRR23329748
SRR23329748.37	1407	56.43	80.75	SRR23329748
SRR23329748.38	1489	53.93	93.00	SRR23329748
SRR23329748.39	1508	48.74	22.59	SRR23329748
SRR23329748.40	1407	55.58	77.67	SRR23329748
SRR23329748.41	1487	53.93	31.50	SRR23329748
SRR23329748.42	1475	53.97	46.35	SRR23329748
SRR23329748.43	1387	54.58	73.37	SRR23329748
SRR23329748.44	1457	58.61	21.28	SRR23329748
SRR23329748.45	1424	54.07	48.44	SRR23329748
SRR23329748.46	1452	55.72	23.89	SRR23329748
SRR23329748.47	1403	56.17	24.58	SRR23329748
SRR23329748.48	1407	56.22	29.86	SRR23329748
SRR23329748.49	1386	54.91	28.94	SRR23329748
SRR23329748.50	1477	52.00	58.13	SRR23329748
SRR23329748.51	1445	58.55	67.45	SRR23329748
SRR23329748.52	1441	57.32	93.00	SRR23329748
SRR23329748.53	1454	51.79	51.55	SRR23329748
SRR23329748.54	1413	55.63	27.29	SRR23329748
SRR23329748.55	1447	54.87	37.43	SRR23329748
SRR23329748.56	1465	51.47	20.56	SRR23329748
SRR23329748.57	1463	52.70	23.89	SRR23329748
SRR23329748.58	1451	51.69	27.70	SRR23329748
SRR23329748.59	1407	56.08	87.89	SRR23329748
SRR23329748.60	1471	52.69	89.27	SRR23329748
SRR23329748.61	1417	56.46	27.23	SRR23329748
SRR23329748.62	1473	51.26	39.90	SRR23329748
SRR23329748.63	1453	56.02	61.32	SRR23329748
SRR23329748.64	1488	49.33	27.31	SRR23329748
SRR23329748.65	1454	51.79	93.00	SRR23329748
SRR23329748.66	1453	57.05	88.28	SRR23329748
SRR23329748.67	1407	56.01	35.44	SRR23329748
SRR23329748.68	1475	54.24	92.96	SRR23329748
SRR23329748.69	1484	55.12	65.71	SRR23329748
SRR23329748.70	1490	54.09	21.98	SRR23329748
SRR23329748.71	1484	55.39	93.00	SRR23329748
SRR23329748.72	1475	53.90	93.00	SRR23329748
SRR23329748.73	1476	54.00	57.27	SRR23329748
SRR23329748.74	1383	54.88	93.00	SRR23329748
SRR23329748.75	1417	55.89	21.62	SRR23329748
SRR23329748.76	1471	51.26	32.61	SRR23329748
SRR23329748.77	1407	55.86	93.00	SRR23329748
SRR23329748.78	1411	55.78	40.40	SRR23329748
SRR23329748.79	1407	55.01	93.00	SRR23329748
SRR23329748.80	1408	56.68	36.46	SRR23329748
SRR23329748.81	1388	56.05	92.88	SRR23329748
SRR23329748.82	1403	57.02	35.69	SRR23329748
SRR23329748.83	1488	49.26	45.24	SRR23329748
SRR23329748.84	1407	56.65	92.91	SRR23329748
SRR23329748.85	1439	56.50	50.08	SRR23329748
SRR23329748.86	1433	57.22	93.00	SRR23329748
SRR23329748.87	1406	55.90	31.68	SRR23329748
SRR23329748.88	1465	49.35	33.66	SRR23329748
SRR23329748.89	1405	57.08	32.80	SRR23329748
SRR23329748.90	1423	50.18	90.23	SRR23329748
SRR23329748.91	1443	54.68	21.44	SRR23329748
SRR23329748.92	1465	52.83	26.01	SRR23329748
SRR23329748.93	1383	54.88	93.00	SRR23329748
SRR23329748.94	1477	54.03	32.10	SRR23329748
SRR23329748.95	1408	55.61	26.92	SRR23329748
SRR23329748.97	1459	57.57	62.90	SRR23329748
SRR23329748.98	1477	54.23	32.88	SRR23329748
SRR23329748.99	1445	56.89	93.00	SRR23329748
SRR23329748.100	1407	56.15	30.12	SRR23329748
SRR23329748.101	1406	56.69	21.41	SRR23329748
SRR23329748.102	1448	55.04	31.30	SRR23329748
SRR23329748.103	1479	49.36	36.23	SRR23329748
SRR23329748.105	1441	58.71	23.95	SRR23329748
SRR23329748.106	1453	57.19	33.15	SRR23329748
SRR23329748.107	1412	56.80	92.96	SRR23329748
SRR23329748.108	1458	56.93	70.38	SRR23329748
SRR23329748.109	1446	55.53	40.35	SRR23329748
SRR23329748.110	1473	51.26	40.15	SRR23329748
SRR23329748.111	1430	57.69	21.37	SRR23329748
SRR23329748.112	1442	50.55	53.39	SRR23329748
SRR23329748.113	1405	56.58	31.23	SRR23329748
SRR23329748.114	1471	52.62	26.28	SRR23329748
SRR23329748.115	1411	56.84	26.52	SRR23329748
SRR23329748.116	1426	57.92	21.76	SRR23329748
SRR23329748.117	1444	58.80	93.00	SRR23329748
SRR23329748.118	1386	55.99	92.42	SRR23329748
SRR23329748.119	1406	56.61	31.62	SRR23329748
SRR23329748.120	1406	55.62	29.20	SRR23329748
SRR23329748.121	1481	49.43	92.44	SRR23329748
SRR23329748.122	1445	58.27	59.21	SRR23329748
SRR23329748.123	1439	56.43	20.85	SRR23329748
SRR23329748.124	1449	55.28	53.38	SRR23329748
SRR23329748.125	1407	56.65	93.00	SRR23329748
SRR23329748.126	1407	55.65	43.40	SRR23329748
SRR23329748.127	1404	55.63	31.61	SRR23329748
SRR23329748.128	1479	54.16	31.20	SRR23329748
SRR23329748.129	1475	54.17	48.70	SRR23329748
SRR23329748.130	1442	57.35	61.45	SRR23329748
SRR23329748.131	1407	55.93	87.59	SRR23329748
SRR23329748.132	1451	59.34	68.06	SRR23329748
SRR23329748.133	1405	56.51	32.82	SRR23329748
SRR23329748.134	1488	49.33	64.72	SRR23329748
SRR23329748.135	1475	54.24	37.62	SRR23329748
SRR23329748.137	1427	45.20	34.54	SRR23329748
SRR23329748.138	1411	55.63	42.66	SRR23329748
SRR23329748.139	1389	56.66	64.39	SRR23329748
SRR23329748.140	1474	53.93	38.95	SRR23329748
SRR23329748.141	1488	49.33	58.25	SRR23329748
SRR23329748.142	1453	55.68	33.81	SRR23329748
SRR23329748.143	1475	54.24	66.19	SRR23329748
SRR23329748.144	1475	53.97	90.32	SRR23329748
SRR23329748.145	1405	55.16	43.47	SRR23329748
SRR23329748.146	1453	51.75	36.74	SRR23329748
SRR23329748.147	1407	55.58	76.22	SRR23329748
SRR23329748.148	1407	55.65	63.68	SRR23329748
SRR23329748.149	1407	56.65	78.55	SRR23329748
SRR23329748.150	1489	49.36	35.30	SRR23329748
SRR23329748.151	1475	54.24	41.69	SRR23329748
SRR23329748.152	1406	56.12	48.44	SRR23329748
SRR23329748.154	1410	55.89	34.38	SRR23329748
SRR23329748.155	1475	52.41	26.02	SRR23329748
SRR23329748.156	1714	46.97	89.21	SRR23329748
SRR23329748.157	1447	57.57	93.00	SRR23329748
SRR23329748.158	1454	50.48	93.00	SRR23329748
SRR23329748.160	1441	57.32	90.20	SRR23329748
SRR23329748.161	1445	57.85	76.31	SRR23329748
SRR23329748.162	1408	56.68	34.05	SRR23329748
SRR23329748.163	1485	49.29	28.24	SRR23329748
SRR23329748.164	1441	50.38	47.25	SRR23329748
SRR23329748.165	1467	49.35	93.00	SRR23329748
SRR23329748.166	1412	55.59	93.00	SRR23329748
SRR23329748.168	1451	56.37	44.56	SRR23329748
SRR23329748.169	1481	49.56	84.23	SRR23329748
SRR23329748.170	1448	55.52	45.95	SRR23329748
SRR23329748.171	1409	39.32	35.38	SRR23329748
SRR23329748.172	1407	56.65	93.00	SRR23329748
SRR23329748.173	1473	51.39	61.27	SRR23329748
SRR23329748.174	1447	57.50	72.02	SRR23329748
SRR23329748.175	1467	49.35	93.00	SRR23329748
SRR23329748.176	1407	55.86	60.40	SRR23329748
SRR23329748.178	1412	54.53	50.38	SRR23329748
SRR23329748.179	1444	56.23	69.30	SRR23329748
SRR23329748.180	1485	54.14	92.98	SRR23329748
SRR23329748.181	1407	56.50	84.76	SRR23329748
SRR23329748.182	1407	55.79	65.26	SRR23329748
SRR23329748.183	1408	55.75	36.60	SRR23329748
SRR23329748.185	1453	57.33	33.83	SRR23329748
SRR23329748.186	1467	49.49	93.00	SRR23329748
SRR23329748.187	1411	54.50	92.77	SRR23329748
SRR23329748.188	1488	49.33	92.93	SRR23329748
SRR23329748.189	1407	56.65	50.49	SRR23329748
SRR23329748.190	1454	51.86	93.00	SRR23329748
SRR23329748.191	1470	52.72	71.21	SRR23329748
SRR23329748.192	1475	53.97	93.00	SRR23329748
SRR23329748.193	1554	55.98	93.00	SRR23329748
SRR23329748.195	1407	55.51	40.04	SRR23329748
SRR23329748.196	1471	52.35	50.35	SRR23329748
SRR23329748.197	1481	49.43	93.00	SRR23329748
SRR23329748.198	1432	57.68	29.78	SRR23329748
SRR23329748.199	1406	56.61	40.48	SRR23329748
SRR23329748.200	1476	53.86	27.24	SRR23329748
SRR23329748.201	1444	58.52	35.44	SRR23329748
SRR23329748.202	1441	52.32	47.52	SRR23329748
SRR23329748.203	1483	54.15	24.85	SRR23329748
SRR23329748.204	1467	56.92	47.40	SRR23329748
SRR23329748.205	1407	55.72	93.00	SRR23329748
SRR23329748.206	1421	53.06	79.29	SRR23329748
SRR23329748.207	1446	58.78	92.92	SRR23329748
SRR23329748.208	1488	49.33	93.00	SRR23329748
SRR23329748.209	1407	56.01	78.33	SRR23329748
SRR23329748.210	1412	55.81	92.91	SRR23329748
SRR23329748.211	1411	57.12	39.39	SRR23329748
SRR23329748.212	1455	52.65	24.62	SRR23329748
SRR23329748.213	1471	51.12	30.43	SRR23329748
SRR23329748.214	1467	49.63	60.60	SRR23329748
SRR23329748.215	1475	54.10	93.00	SRR23329748
SRR23329748.216	1408	55.89	26.22	SRR23329748
SRR23329748.217	1428	53.08	42.45	SRR23329748
SRR23329748.218	1471	51.19	50.63	SRR23329748
SRR23329748.219	1406	55.62	46.32	SRR23329748
SRR23329748.220	1411	55.63	46.13	SRR23329748
SRR23329748.221	1554	55.98	55.32	SRR23329748
SRR23329748.225	1447	52.52	91.48	SRR23329748
SRR23329748.226	1406	55.76	58.13	SRR23329748
SRR23329748.228	1446	55.60	93.00	SRR23329748
SRR23329748.229	1461	55.10	23.01	SRR23329748
SRR23329748.230	1446	55.60	49.42	SRR23329748
SRR23329748.231	1408	54.40	30.99	SRR23329748
SRR23329748.232	1387	55.66	35.61	SRR23329748
SRR23329748.233	1513	42.96	70.12	SRR23329748
SRR23329748.234	1408	55.68	91.32	SRR23329748
SRR23329748.235	1437	53.31	56.37	SRR23329748
SRR23329748.236	1475	53.90	41.94	SRR23329748
SRR23329748.237	1422	57.45	27.49	SRR23329748
SRR23329748.239	1407	55.86	59.41	SRR23329748
SRR23329748.240	1407	56.57	93.00	SRR23329748
SRR23329748.241	1444	56.23	91.10	SRR23329748
SRR23329748.242	1488	49.33	56.26	SRR23329748
SRR23329748.243	1446	57.88	44.80	SRR23329748
SRR23329748.244	1408	50.99	32.70	SRR23329748
SRR23329748.245	1475	53.90	59.31	SRR23329748
SRR23329748.246	1473	51.39	50.76	SRR23329748
SRR23329748.247	1470	52.52	33.26	SRR23329748
SRR23329748.249	1446	55.60	93.00	SRR23329748
SRR23329748.250	1446	55.60	93.00	SRR23329748
SRR23329748.251	1405	56.01	29.80	SRR23329748
SRR23329748.252	1467	57.33	39.66	SRR23329748
SRR23329748.253	1462	58.41	25.52	SRR23329748
SRR23329748.254	1488	49.33	93.00	SRR23329748
SRR23329748.255	1406	56.54	36.48	SRR23329748
SRR23329748.256	1475	53.90	42.60	SRR23329748
SRR23329748.257	1488	49.33	48.68	SRR23329748
SRR23329748.258	1447	56.46	93.00	SRR23329748
SRR23329748.259	1406	55.62	42.39	SRR23329748
SRR23329748.260	1386	55.56	26.21	SRR23329748
SRR23329748.262	1431	57.51	93.00	SRR23329748
SRR23329748.263	1445	50.10	91.04	SRR23329748
SRR23329748.264	1447	55.56	33.54	SRR23329748
SRR23329748.265	1396	52.29	93.00	SRR23329748
SRR23329748.266	1466	49.45	34.56	SRR23329748
SRR23329748.268	1407	55.72	93.00	SRR23329748
SRR23329748.269	1475	54.10	90.41	SRR23329748
SRR23329748.270	1436	58.43	35.34	SRR23329748
SRR23329748.271	1467	57.40	93.00	SRR23329748
SRR23329748.272	1475	54.10	67.02	SRR23329748
SRR23329748.273	1407	56.57	93.00	SRR23329748
SRR23329748.274	1458	51.03	93.00	SRR23329748
SRR23329748.276	1407	56.57	86.90	SRR23329748
SRR23329748.277	1407	55.72	29.45	SRR23329748
SRR23329748.278	1488	49.26	93.00	SRR23329748
SRR23329748.279	1386	54.55	33.46	SRR23329748
SRR23329748.281	1454	51.79	93.00	SRR23329748
SRR23329748.282	1439	50.87	81.47	SRR23329748
SRR23329748.283	1410	56.03	22.87	SRR23329748
SRR23329748.285	1473	51.26	92.44	SRR23329748
SRR23329748.287	1486	55.38	27.78	SRR23329748
SRR23329748.288	1444	53.12	34.70	SRR23329748
SRR23329748.289	1444	58.80	91.94	SRR23329748
SRR23329748.290	1407	55.65	91.92	SRR23329748
SRR23329748.291	1475	53.90	27.79	SRR23329748
SRR23329748.292	1480	57.43	61.57	SRR23329748
SRR23329748.293	1475	53.90	36.83	SRR23329748
SRR23329748.294	1450	58.00	28.21	SRR23329748
SRR23329748.295	1469	53.98	25.93	SRR23329748
SRR23329748.296	1478	48.31	92.95	SRR23329748
SRR23329748.297	1458	51.92	26.85	SRR23329748
SRR23329748.298	1447	56.32	92.96	SRR23329748
SRR23329748.299	1411	55.92	93.00	SRR23329748
SRR23329748.300	1446	56.02	92.31	SRR23329748
SRR23329748.301	1422	56.96	91.94	SRR23329748
SRR23329748.302	1472	55.71	35.51	SRR23329748
SRR23329748.303	1449	56.31	27.48	SRR23329748
SRR23329748.304	1459	52.78	48.62	SRR23329748
SRR23329748.305	1428	56.02	21.55	SRR23329748
SRR23329748.306	1472	51.22	33.68	SRR23329748
SRR23329748.307	1446	55.60	36.60	SRR23329748
SRR23329748.308	1408	55.75	52.33	SRR23329748
SRR23329748.309	1383	55.89	23.69	SRR23329748
SRR23329748.310	1440	51.46	43.38	SRR23329748
SRR23329748.311	1458	53.16	26.20	SRR23329748
SRR23329748.312	1411	55.92	48.92	SRR23329748
SRR23329748.313	1407	39.30	30.90	SRR23329748
SRR23329748.314	1406	55.97	92.69	SRR23329748
SRR23329748.315	1445	57.85	47.21	SRR23329748
SRR23329748.316	1408	56.04	92.88	SRR23329748
SRR23329748.317	1487	49.29	36.55	SRR23329748
SRR23329748.318	1407	55.86	86.87	SRR23329748
SRR23329748.321	1414	53.04	48.70	SRR23329748
SRR23329748.323	1412	56.59	26.31	SRR23329748
SRR23329748.324	1488	49.33	31.61	SRR23329748
SRR23329748.325	1475	54.17	40.90	SRR23329748
SRR23329748.326	1451	50.65	40.87	SRR23329748
SRR23329748.327	1467	49.35	91.45	SRR23329748
SRR23329748.329	1412	55.67	23.18	SRR23329748
SRR23329748.330	1407	55.93	93.00	SRR23329748
SRR23329748.331	1447	55.63	36.57	SRR23329748
SRR23329748.333	1467	49.35	93.00	SRR23329748
SRR23329748.334	1468	51.23	27.08	SRR23329748
SRR23329748.335	1443	58.07	34.52	SRR23329748
SRR23329748.336	1475	53.90	77.84	SRR23329748
SRR23329748.337	1459	52.91	54.61	SRR23329748
SRR23329748.338	1436	49.37	77.82	SRR23329748
SRR23329748.339	1421	56.79	92.54	SRR23329748
SRR23329748.340	1432	53.63	39.39	SRR23329748
SRR23329748.341	1488	49.33	93.00	SRR23329748
SRR23329748.342	1447	55.63	32.40	SRR23329748
SRR23329748.343	1474	54.07	36.35	SRR23329748
SRR23329748.344	1407	55.86	93.00	SRR23329748
SRR23329748.345	1454	50.48	39.03	SRR23329748
SRR23329748.346	1407	55.93	80.22	SRR23329748
SRR23329748.347	1416	55.44	22.77	SRR23329748
SRR23329748.348	1472	54.01	30.40	SRR23329748
SRR23329748.349	1475	54.24	51.68	SRR23329748
SRR23329748.350	1385	55.45	93.00	SRR23329748
SRR23329748.351	1406	56.61	34.08	SRR23329748
SRR23329748.352	1488	49.33	93.00	SRR23329748
SRR23329748.353	1404	55.77	73.42	SRR23329748
SRR23329748.354	1475	53.90	34.36	SRR23329748
SRR23329748.355	1473	51.32	93.00	SRR23329748
SRR23329748.356	1408	55.82	40.14	SRR23329748
SRR23329748.357	1386	56.06	27.48	SRR23329748
SRR23329748.358	1407	56.08	92.76	SRR23329748
SRR23329748.359	1484	55.53	52.71	SRR23329748
SRR23329748.360	1418	56.77	21.00	SRR23329748
SRR23329748.361	1407	56.65	88.54	SRR23329748
SRR23329748.362	1485	57.37	20.29	SRR23329748
SRR23329748.363	1475	53.90	38.09	SRR23329748
SRR23329748.364	1431	57.51	92.99	SRR23329748
SRR23329748.366	1427	57.39	44.54	SRR23329748
SRR23329748.367	1385	55.74	93.00	SRR23329748
SRR23329748.368	1507	53.88	20.13	SRR23329748
SRR23329748.369	1439	58.51	20.87	SRR23329748
SRR23329748.370	1444	59.00	93.00	SRR23329748
SRR23329748.371	1489	55.34	22.04	SRR23329748
SRR23329748.372	1407	56.57	87.10	SRR23329748
SRR23329748.373	1407	56.36	93.00	SRR23329748
SRR23329748.374	1427	55.71	52.47	SRR23329748
SRR23329748.375	1460	52.60	63.64	SRR23329748
SRR23329748.376	1406	55.69	23.77	SRR23329748
SRR23329748.378	1479	58.89	87.51	SRR23329748
SRR23329748.379	1467	49.35	93.00	SRR23329748
SRR23329748.380	1481	49.49	71.27	SRR23329748
SRR23329748.381	1407	55.93	92.97	SRR23329748
SRR23329748.382	1475	54.10	65.84	SRR23329748
SRR23329748.384	2307	41.44	33.36	SRR23329748
SRR23329748.385	1416	50.56	50.28	SRR23329748
SRR23329748.386	1411	54.57	35.32	SRR23329748
SRR23329748.387	1448	53.52	26.84	SRR23329748
SRR23329748.388	1396	52.29	92.97	SRR23329748
SRR23329748.389	1425	55.79	20.79	SRR23329748
SRR23329748.390	1475	54.17	34.58	SRR23329748
SRR23329748.391	1447	55.22	37.60	SRR23329748
SRR23329748.392	1475	54.24	37.93	SRR23329748
SRR23329748.394	1397	55.62	20.98	SRR23329748
SRR23329748.395	1447	55.29	38.35	SRR23329748
SRR23329748.396	1437	58.52	35.43	SRR23329748
SRR23329748.397	1458	56.86	37.09	SRR23329748
SRR23329748.398	1410	55.89	28.30	SRR23329748
SRR23329748.399	1467	57.53	55.66	SRR23329748
SRR23329748.400	1385	55.38	27.38	SRR23329748
SRR23329748.401	1384	56.58	30.26	SRR23329748
SRR23329748.402	1389	55.58	33.35	SRR23329748
SRR23329748.403	1407	55.86	45.61	SRR23329748
SRR23329748.404	1407	56.65	91.92	SRR23329748
SRR23329748.405	1408	55.68	93.00	SRR23329748
SRR23329748.407	1476	54.00	26.90	SRR23329748
SRR23329748.408	1421	54.26	93.00	SRR23329748
SRR23329748.409	1407	56.08	93.00	SRR23329748
SRR23329748.410	1467	49.35	93.00	SRR23329748
SRR23329748.411	1449	56.59	93.00	SRR23329748
SRR23329748.412	1488	49.33	93.00	SRR23329748
SRR23329748.413	1473	51.39	33.10	SRR23329748
SRR23329748.414	1407	56.15	43.48	SRR23329748
SRR23329748.415	1470	54.22	20.78	SRR23329748
SRR23329748.416	1475	53.90	46.43	SRR23329748
SRR23329748.417	1385	55.67	93.00	SRR23329748
SRR23329748.418	1407	54.87	73.74	SRR23329748
SRR23329748.419	1465	57.27	33.33	SRR23329748
SRR23329748.420	1385	55.45	93.00	SRR23329748
SRR23329748.421	1445	57.23	93.00	SRR23329748
SRR23329748.422	1409	56.71	29.19	SRR23329748
SRR23329748.423	1474	53.93	29.65	SRR23329748
SRR23329748.424	1473	51.39	68.58	SRR23329748
SRR23329748.425	1484	49.06	20.17	SRR23329748
SRR23329748.426	1407	56.01	35.47	SRR23329748
SRR23329748.427	1407	56.01	92.93	SRR23329748
SRR23329748.428	1420	55.70	23.13	SRR23329748
SRR23329748.429	1408	55.75	52.48	SRR23329748
SRR23329748.430	1407	56.57	27.45	SRR23329748
SRR23329748.431	1407	56.65	93.00	SRR23329748
SRR23329748.432	1441	57.25	91.41	SRR23329748
SRR23329748.433	1445	57.85	93.00	SRR23329748
SRR23329748.434	1411	54.93	30.52	SRR23329748
SRR23329748.435	1467	56.85	75.18	SRR23329748
SRR23329748.437	1481	49.43	54.65	SRR23329748
SRR23329748.438	1456	56.46	26.54	SRR23329748
SRR23329748.439	1437	58.46	21.20	SRR23329748
SRR23329748.440	1459	52.50	70.53	SRR23329748
SRR23329748.441	1459	57.23	93.00	SRR23329748
SRR23329748.442	1449	55.97	92.96	SRR23329748
SRR23329748.443	1460	53.56	42.93	SRR23329748
SRR23329748.444	1475	54.17	43.66	SRR23329748
SRR23329748.445	1460	55.89	93.00	SRR23329748
SRR23329748.446	1487	55.14	26.09	SRR23329748
SRR23329748.447	1408	55.75	89.88	SRR23329748
SRR23329748.448	1455	53.33	26.11	SRR23329748
SRR23329748.449	1479	52.06	25.40	SRR23329748
SRR23329748.450	1407	55.65	48.04	SRR23329748
SRR23329748.451	1461	54.07	44.42	SRR23329748
SRR23329748.452	1407	56.15	93.00	SRR23329748
SRR23329748.453	1445	57.85	91.64	SRR23329748
SRR23329748.454	1474	53.60	27.34	SRR23329748
SRR23329748.455	1484	55.39	93.00	SRR23329748
SRR23329748.456	1471	52.48	38.26	SRR23329748
SRR23329748.457	1470	52.31	33.73	SRR23329748
SRR23329748.458	1411	55.63	92.55	SRR23329748
SRR23329748.459	1433	59.25	93.00	SRR23329748
SRR23329748.460	1396	56.52	20.65	SRR23329748
SRR23329748.461	1441	52.39	93.00	SRR23329748
SRR23329748.462	1410	56.88	25.02	SRR23329748
SRR23329748.463	1437	58.52	81.87	SRR23329748
SRR23329748.465	1446	55.60	93.00	SRR23329748
SRR23329748.466	1411	54.64	93.00	SRR23329748
SRR23329748.467	1488	49.33	46.72	SRR23329748
SRR23329748.468	1376	55.23	24.60	SRR23329748
SRR23329748.469	1408	55.75	92.98	SRR23329748
SRR23329748.470	1383	54.88	77.62	SRR23329748
SRR23329748.471	1409	39.32	92.11	SRR23329748
SRR23329748.472	1476	59.35	41.69	SRR23329748
SRR23329748.473	1459	52.91	47.58	SRR23329748
SRR23329748.474	1424	55.62	26.33	SRR23329748
SRR23329748.475	1409	55.22	24.01	SRR23329748
SRR23329748.476	1418	56.70	31.39	SRR23329748
SRR23329748.477	1554	55.98	54.26	SRR23329748
SRR23329748.478	1412	55.81	38.50	SRR23329748
SRR23329748.479	1411	55.63	92.88	SRR23329748
SRR23329748.480	1407	55.93	50.33	SRR23329748
SRR23329748.481	1467	49.42	37.52	SRR23329748
SRR23329748.482	1471	59.21	92.65	SRR23329748
SRR23329748.483	1407	56.36	92.43	SRR23329748
SRR23329748.484	1164	46.48	43.17	SRR23329748
SRR23329748.485	1449	56.52	45.97	SRR23329748
SRR23329748.486	1411	55.78	37.09	SRR23329748
SRR23329748.487	1968	55.23	53.03	SRR23329748
SRR23329748.488	1424	55.69	40.04	SRR23329748
SRR23329748.489	1458	52.88	44.50	SRR23329748
SRR23329748.490	1463	56.19	93.00	SRR23329748
SRR23329748.492	1412	56.80	93.00	SRR23329748
SRR23329748.494	1472	51.22	33.37	SRR23329748
SRR23329748.495	1439	56.50	33.68	SRR23329748
SRR23329748.496	1487	49.23	29.18	SRR23329748
SRR23329748.497	1514	44.19	41.80	SRR23329748
SRR23329748.498	1407	56.57	24.76	SRR23329748
SRR23329748.499	1469	59.22	36.56	SRR23329748
SRR23329748.500	1454	51.79	90.95	SRR23329748
SRR23329748.501	1385	55.45	93.00	SRR23329748
SRR23329748.502	1408	55.82	59.20	SRR23329748
SRR23329748.503	1412	54.53	27.81	SRR23329748
SRR23329748.504	1435	49.48	39.63	SRR23329748
SRR23329748.505	1407	56.65	93.00	SRR23329748
SRR23329748.506	1411	54.93	67.06	SRR23329748
SRR23329748.507	1444	57.83	20.83	SRR23329748
SRR23329748.508	1413	50.53	60.44	SRR23329748
SRR23329748.509	1407	56.43	93.00	SRR23329748
SRR23329748.510	1483	49.43	31.77	SRR23329748
SRR23329748.512	1436	50.28	93.00	SRR23329748
SRR23329748.513	1432	56.63	93.00	SRR23329748
SRR23329748.514	1480	49.39	41.55	SRR23329748
SRR23329748.515	1407	56.65	62.59	SRR23329748
SRR23329748.516	1470	59.80	29.28	SRR23329748
SRR23329748.517	1475	53.90	28.43	SRR23329748
SRR23329748.518	1470	52.52	33.88	SRR23329748
SRR23329748.519	1414	52.90	93.00	SRR23329748
SRR23329748.520	1475	54.24	34.42	SRR23329748
SRR23329748.521	1446	55.60	92.28	SRR23329748
SRR23329748.522	1443	59.39	93.00	SRR23329748
SRR23329748.523	1407	55.93	93.00	SRR23329748
SRR23329748.524	1404	55.70	89.72	SRR23329748
SRR23329748.525	1483	55.50	93.00	SRR23329748
SRR23329748.526	1475	54.24	39.36	SRR23329748
SRR23329748.527	1416	52.97	26.71	SRR23329748
SRR23329748.528	1402	55.21	37.66	SRR23329748
SRR23329748.529	1446	55.67	29.39	SRR23329748
SRR23329748.530	1389	56.59	40.28	SRR23329748
SRR23329748.531	1408	55.61	31.20	SRR23329748
SRR23329748.532	1467	49.35	35.83	SRR23329748
SRR23329748.533	1445	55.57	31.58	SRR23329748
SRR23329748.534	1406	55.97	26.10	SRR23329748
SRR23329748.535	1408	48.65	61.04	SRR23329748
SRR23329748.536	1452	56.06	58.58	SRR23329748
SRR23329748.538	1459	52.91	86.16	SRR23329748
SRR23329748.539	1446	57.68	93.00	SRR23329748
SRR23329748.540	1489	53.93	39.69	SRR23329748
SRR23329748.541	1459	53.32	31.17	SRR23329748
SRR23329748.542	1383	54.88	45.01	SRR23329748
SRR23329748.543	1481	49.49	27.14	SRR23329748
SRR23329748.544	1411	54.50	36.15	SRR23329748
SRR23329748.545	1387	55.80	26.91	SRR23329748
SRR23329748.546	1481	49.36	93.00	SRR23329748
SRR23329748.547	1230	36.99	92.35	SRR23329748
SRR23329748.548	1460	52.95	93.00	SRR23329748
SRR23329748.549	1481	49.49	27.73	SRR23329748
SRR23329748.550	1472	51.43	26.10	SRR23329748
SRR23329748.551	1392	52.37	92.85	SRR23329748
SRR23329748.552	1407	56.01	37.28	SRR23329748
SRR23329748.553	1407	56.65	71.45	SRR23329748
SRR23329748.554	1445	60.42	85.56	SRR23329748
SRR23329748.555	1407	56.65	83.82	SRR23329748
SRR23329748.556	1475	53.90	91.73	SRR23329748
SRR23329748.557	1449	55.90	32.02	SRR23329748
SRR23329748.558	1475	54.10	33.02	SRR23329748
SRR23329748.560	1475	53.97	48.20	SRR23329748
SRR23329748.561	1476	54.27	32.12	SRR23329748
SRR23329748.562	1447	57.50	55.58	SRR23329748
SRR23329748.563	1460	54.04	92.80	SRR23329748
SRR23329748.564	1445	57.58	84.87	SRR23329748
SRR23329748.566	1436	49.37	93.00	SRR23329748
SRR23329748.567	1441	50.52	29.93	SRR23329748
SRR23329748.568	1452	57.30	93.00	SRR23329748
SRR23329748.570	1451	56.44	88.42	SRR23329748
SRR23329748.571	1490	51.41	28.16	SRR23329748
SRR23329748.572	1407	56.65	93.00	SRR23329748
SRR23329748.573	1409	53.44	93.00	SRR23329748
SRR23329748.574	1420	58.24	34.19	SRR23329748
SRR23329748.575	1442	50.55	41.11	SRR23329748
SRR23329748.576	1447	55.22	73.45	SRR23329748
SRR23329748.577	1412	56.09	23.17	SRR23329748
SRR23329748.578	1488	53.90	35.91	SRR23329748
SRR23329748.579	1407	56.15	39.27	SRR23329748
SRR23329748.580	1407	55.58	43.48	SRR23329748
SRR23329748.581	1446	55.60	92.05	SRR23329748
SRR23329748.582	1475	53.90	90.97	SRR23329748
SRR23329748.584	1453	57.05	49.62	SRR23329748
SRR23329748.585	1407	55.72	38.47	SRR23329748
SRR23329748.586	1417	56.18	21.37	SRR23329748
SRR23329748.587	1474	53.93	62.63	SRR23329748
SRR23329748.588	1433	53.66	41.91	SRR23329748
SRR23329748.589	1459	52.91	93.00	SRR23329748
SRR23329748.590	1467	57.40	32.39	SRR23329748
SRR23329748.591	1429	57.52	27.78	SRR23329748
SRR23329748.592	1421	56.79	35.29	SRR23329748
SRR23329748.593	1476	53.12	20.84	SRR23329748
SRR23329748.594	1407	52.95	24.15	SRR23329748
SRR23329748.595	1438	58.41	28.32	SRR23329748
SRR23329748.596	1402	55.85	27.29	SRR23329748
SRR23329748.597	1421	53.84	20.12	SRR23329748
SRR23329748.598	1411	55.56	25.80	SRR23329748
SRR23329748.599	1408	56.68	44.49	SRR23329748
SRR23329748.600	1415	54.06	35.56	SRR23329748
SRR23329748.601	1422	55.63	20.51	SRR23329748
SRR23329748.602	1445	58.55	78.37	SRR23329748
SRR23329748.603	1473	57.30	21.78	SRR23329748
SRR23329748.604	1467	49.49	93.00	SRR23329748
SRR23329748.605	1383	54.88	21.23	SRR23329748
SRR23329748.606	1488	49.33	93.00	SRR23329748
SRR23329748.607	1407	56.08	92.96	SRR23329748
SRR23329748.608	1503	49.37	25.71	SRR23329748
SRR23329748.610	1407	56.65	91.07	SRR23329748
SRR23329748.611	1470	52.65	57.47	SRR23329748
SRR23329748.612	1436	49.37	78.35	SRR23329748
SRR23329748.613	1488	49.26	39.92	SRR23329748
SRR23329748.614	1479	54.43	24.29	SRR23329748
SRR23329748.615	1428	53.08	93.00	SRR23329748
SRR23329748.616	1412	55.74	91.92	SRR23329748
SRR23329748.617	1453	55.47	84.83	SRR23329748
SRR23329748.618	1452	55.44	22.89	SRR23329748
SRR23329748.619	1467	49.35	93.00	SRR23329748
SRR23329748.620	1411	54.50	93.00	SRR23329748
SRR23329748.621	1481	49.36	63.67	SRR23329748
SRR23329748.623	1411	54.50	92.29	SRR23329748
SRR23329748.624	1413	55.77	34.08	SRR23329748
SRR23329748.625	1437	58.52	93.00	SRR23329748
SRR23329748.626	1425	56.14	93.00	SRR23329748
SRR23329748.627	1459	54.97	35.93	SRR23329748
SRR23329748.628	1389	56.59	75.45	SRR23329748
SRR23329748.629	1473	53.97	24.19	SRR23329748
SRR23329748.630	1408	55.82	32.64	SRR23329748
SRR23329748.632	1459	55.38	43.82	SRR23329748
SRR23329748.633	1412	56.80	51.16	SRR23329748
SRR23329748.634	1474	54.00	39.24	SRR23329748
SRR23329748.636	1471	52.48	84.94	SRR23329748
SRR23329748.637	1389	55.58	31.12	SRR23329748
SRR23329748.638	1467	49.42	51.14	SRR23329748
SRR23329748.639	1407	56.65	81.16	SRR23329748
SRR23329748.640	1407	55.72	41.50	SRR23329748
SRR23329748.641	1475	54.17	81.80	SRR23329748
SRR23329748.642	1486	55.45	36.42	SRR23329748
SRR23329748.643	1454	51.79	93.00	SRR23329748
SRR23329748.644	1412	56.73	93.00	SRR23329748
SRR23329748.645	1468	57.56	34.31	SRR23329748
SRR23329748.646	1481	54.42	21.44	SRR23329748
SRR23329748.647	1419	55.67	27.14	SRR23329748
SRR23329748.648	1471	54.32	21.27	SRR23329748
SRR23329748.649	1460	53.56	83.81	SRR23329748
SRR23329748.650	1411	55.63	93.00	SRR23329748
SRR23329748.651	1444	58.80	52.76	SRR23329748
SRR23329748.652	1408	55.75	57.48	SRR23329748
SRR23329748.653	1459	52.98	93.00	SRR23329748
SRR23329748.654	1485	51.65	49.58	SRR23329748
SRR23329748.655	1472	53.80	32.82	SRR23329748
SRR23329748.656	1401	50.39	92.63	SRR23329748
SRR23329748.657	1419	56.24	22.56	SRR23329748
SRR23329748.658	1475	53.97	37.50	SRR23329748
SRR23329748.659	1499	49.30	20.86	SRR23329748
SRR23329748.660	1485	55.82	92.96	SRR23329748
SRR23329748.661	1408	55.68	33.57	SRR23329748
SRR23329748.662	1453	58.02	27.78	SRR23329748
SRR23329748.664	1406	56.54	20.49	SRR23329748
SRR23329748.665	1436	49.44	56.22	SRR23329748
SRR23329748.666	1456	58.93	63.03	SRR23329748
SRR23329748.667	1454	58.18	93.00	SRR23329748
SRR23329748.668	1407	56.43	62.05	SRR23329748
SRR23329748.669	1449	56.25	92.96	SRR23329748
SRR23329748.670	1508	53.98	23.63	SRR23329748
SRR23329748.671	1473	51.32	85.53	SRR23329748
SRR23329748.672	1482	54.59	92.78	SRR23329748
SRR23329748.673	1383	54.88	47.00	SRR23329748
SRR23329748.674	1412	56.80	92.96	SRR23329748
SRR23329748.675	1436	49.44	41.53	SRR23329748
SRR23329748.676	1407	56.01	93.00	SRR23329748
SRR23329748.677	1410	39.29	38.78	SRR23329748
SRR23329748.678	1411	55.85	24.73	SRR23329748
SRR23329748.679	1417	55.61	26.64	SRR23329748
SRR23329748.680	1436	49.44	66.59	SRR23329748
SRR23329748.681	1403	56.02	92.66	SRR23329748
SRR23329748.682	1407	55.86	37.26	SRR23329748
SRR23329748.683	1404	56.55	32.24	SRR23329748
SRR23329748.684	1482	44.13	93.00	SRR23329748
SRR23329748.685	1470	52.72	91.08	SRR23329748
SRR23329748.686	1409	56.49	36.83	SRR23329748
SRR23329748.687	1421	53.06	55.72	SRR23329748
SRR23329748.688	1475	53.97	92.15	SRR23329748
SRR23329748.690	1407	55.72	54.32	SRR23329748
SRR23329748.691	1404	57.12	93.00	SRR23329748
SRR23329748.693	1407	56.01	93.00	SRR23329748
SRR23329748.694	1468	57.43	35.44	SRR23329748
SRR23329748.695	1446	57.88	34.11	SRR23329748
SRR23329748.696	1441	57.25	64.85	SRR23329748
SRR23329748.697	1407	56.79	66.28	SRR23329748
SRR23329748.698	1440	57.85	92.96	SRR23329748
SRR23329748.699	1440	51.53	82.19	SRR23329748
SRR23329748.700	1487	53.87	24.38	SRR23329748
SRR23329748.701	1475	53.97	92.97	SRR23329748
SRR23329748.702	1481	49.56	88.66	SRR23329748
SRR23329748.704	1475	53.83	92.96	SRR23329748
SRR23329748.705	1466	49.45	35.05	SRR23329748
SRR23329748.706	1475	53.97	92.65	SRR23329748
SRR23329748.707	1408	56.68	28.41	SRR23329748
SRR23329748.708	1437	56.92	93.00	SRR23329748
SRR23329748.711	1407	55.58	93.00	SRR23329748
SRR23329748.712	1407	56.65	93.00	SRR23329748
SRR23329748.713	1467	49.42	27.67	SRR23329748
SRR23329748.714	1412	55.38	35.49	SRR23329748
SRR23329748.715	1470	52.72	93.00	SRR23329748
SRR23329748.716	1406	55.62	25.63	SRR23329748
SRR23329748.717	1407	55.65	47.67	SRR23329748
SRR23329748.718	1425	55.72	93.00	SRR23329748
SRR23329748.720	1438	56.47	37.29	SRR23329748
SRR23329748.721	1387	54.58	92.76	SRR23329748
SRR23329748.723	1383	55.03	51.40	SRR23329748
SRR23329748.724	1446	56.36	93.00	SRR23329748
SRR23329748.725	1389	56.59	93.00	SRR23329748
SRR23329748.726	1411	55.63	66.86	SRR23329748
SRR23329748.727	1407	56.65	29.06	SRR23329748
SRR23329748.728	1447	56.67	92.99	SRR23329748
SRR23329748.729	1409	56.64	27.68	SRR23329748
SRR23329748.730	1473	51.26	70.66	SRR23329748
SRR23329748.732	1486	54.04	93.00	SRR23329748
SRR23329748.733	1406	54.34	26.93	SRR23329748
SRR23329748.734	1474	54.21	37.68	SRR23329748
SRR23329748.735	1408	48.65	34.66	SRR23329748
SRR23329748.737	1471	59.89	43.67	SRR23329748
SRR23329748.738	1454	51.79	92.93	SRR23329748
SRR23329748.739	1488	49.33	93.00	SRR23329748
SRR23329748.740	1444	58.93	93.00	SRR23329748
SRR23329748.742	1484	55.53	46.71	SRR23329748
SRR23329748.743	1484	55.53	52.89	SRR23329748
SRR23329748.744	1406	55.83	35.05	SRR23329748
SRR23329748.745	1454	56.46	92.94	SRR23329748
SRR23329748.746	1469	55.34	26.52	SRR23329748
SRR23329748.747	1412	55.81	92.43	SRR23329748
SRR23329748.748	1437	58.46	43.72	SRR23329748
SRR23329748.750	1410	55.46	22.13	SRR23329748
SRR23329748.751	1467	57.33	76.18	SRR23329748
SRR23329748.752	1473	51.19	29.21	SRR23329748
SRR23329748.753	1423	50.18	45.35	SRR23329748
SRR23329748.754	1475	54.03	91.40	SRR23329748
SRR23329748.755	1488	49.33	93.00	SRR23329748
SRR23329748.756	1484	54.25	23.21	SRR23329748
SRR23329748.757	1405	56.73	66.48	SRR23329748
SRR23329748.758	1474	53.87	38.81	SRR23329748
SRR23329748.759	1488	49.33	43.71	SRR23329748
SRR23329748.760	1454	51.72	87.21	SRR23329748
SRR23329748.761	1485	54.07	21.16	SRR23329748
SRR23329748.762	1447	55.22	93.00	SRR23329748
SRR23329748.763	1443	54.19	31.76	SRR23329748
SRR23329748.764	1409	39.32	46.54	SRR23329748
SRR23329748.765	1488	55.38	22.00	SRR23329748
SRR23329748.766	1412	55.81	93.00	SRR23329748
SRR23329748.767	1450	59.31	63.97	SRR23329748
SRR23329748.768	1460	53.42	80.86	SRR23329748
SRR23329748.769	1411	54.43	93.00	SRR23329748
SRR23329748.770	1439	53.44	53.00	SRR23329748
SRR23329748.771	1467	57.53	84.38	SRR23329748
SRR23329748.772	1429	55.70	26.99	SRR23329748
SRR23329748.773	1446	56.29	93.00	SRR23329748
SRR23329748.774	1403	56.02	37.45	SRR23329748
SRR23329748.775	1412	56.80	91.68	SRR23329748
SRR23329748.777	1473	51.39	93.00	SRR23329748
SRR23329748.778	1401	50.39	46.41	SRR23329748
SRR23329748.779	1488	49.26	40.32	SRR23329748
SRR23329748.780	1447	55.63	52.16	SRR23329748
SRR23329748.781	1425	56.00	72.52	SRR23329748
SRR23329748.782	1448	55.11	28.25	SRR23329748
SRR23329748.783	1473	53.90	27.66	SRR23329748
SRR23329748.784	1444	58.86	93.00	SRR23329748
SRR23329748.785	1484	55.53	83.69	SRR23329748
SRR23329748.786	1481	57.53	43.56	SRR23329748
SRR23329748.787	1474	53.87	30.95	SRR23329748
SRR23329748.790	1461	53.25	91.83	SRR23329748
SRR23329748.791	1407	56.01	71.75	SRR23329748
SRR23329748.792	1418	55.50	24.64	SRR23329748
SRR23329748.793	1407	55.65	93.00	SRR23329748
SRR23329748.794	1473	51.26	68.66	SRR23329748
SRR23329748.795	1408	55.82	55.49	SRR23329748
SRR23329748.796	1457	58.13	66.62	SRR23329748
SRR23329748.797	1446	58.85	64.77	SRR23329748
SRR23329748.798	1475	53.97	93.00	SRR23329748
SRR23329748.799	1480	57.43	76.60	SRR23329748
SRR23329748.800	1447	55.22	45.70	SRR23329748
SRR23329748.802	1457	53.53	31.31	SRR23329748
SRR23329748.804	1474	53.93	60.68	SRR23329748
SRR23329748.805	1484	49.26	23.31	SRR23329748
SRR23329748.806	1454	51.93	93.00	SRR23329748
SRR23329748.807	1488	49.26	92.91	SRR23329748
SRR23329748.808	1412	55.59	46.50	SRR23329748
SRR23329748.809	1402	56.13	22.90	SRR23329748
SRR23329748.810	1454	51.79	87.19	SRR23329748
SRR23329748.811	1443	55.02	93.00	SRR23329748
SRR23329748.812	1477	49.49	29.44	SRR23329748
SRR23329748.813	1488	49.33	46.71	SRR23329748
SRR23329748.814	1431	57.65	93.00	SRR23329748
SRR23329748.816	1474	57.80	26.47	SRR23329748
SRR23329748.817	1453	55.47	93.00	SRR23329748
SRR23329748.818	1447	57.50	93.00	SRR23329748
SRR23329748.819	1444	58.86	93.00	SRR23329748
SRR23329748.820	1407	56.57	92.39	SRR23329748
SRR23329748.821	1474	54.07	40.87	SRR23329748
SRR23329748.822	1409	59.12	45.41	SRR23329748
SRR23329748.823	1426	45.02	83.58	SRR23329748
SRR23329748.824	1446	55.60	82.88	SRR23329748
SRR23329748.825	1436	50.28	93.00	SRR23329748
SRR23329748.826	1467	57.53	51.66	SRR23329748
SRR23329748.827	1411	55.63	67.94	SRR23329748
SRR23329748.829	1487	55.28	71.55	SRR23329748
SRR23329748.830	1413	55.98	88.52	SRR23329748
SRR23329748.831	1412	55.81	37.35	SRR23329748
SRR23329748.832	1425	55.93	44.49	SRR23329748
SRR23329748.834	1478	53.92	29.81	SRR23329748
SRR23329748.835	1407	56.65	91.25	SRR23329748
SRR23329748.836	1476	53.86	25.86	SRR23329748
SRR23329748.837	1407	55.72	36.48	SRR23329748
SRR23329748.838	1407	55.86	75.30	SRR23329748
SRR23329748.839	1397	52.04	25.69	SRR23329748
SRR23329748.840	1403	55.60	23.87	SRR23329748
SRR23329748.841	1475	54.03	90.73	SRR23329748
SRR23329748.842	1407	55.58	92.96	SRR23329748
SRR23329748.843	1468	57.36	26.05	SRR23329748
SRR23329748.844	1484	54.11	32.29	SRR23329748
SRR23329748.845	1475	53.90	93.00	SRR23329748
SRR23329748.846	1475	53.97	93.00	SRR23329748
SRR23329748.847	1484	55.46	49.70	SRR23329748
SRR23329748.848	1408	56.61	38.73	SRR23329748
SRR23329748.850	1407	56.57	65.47	SRR23329748
SRR23329748.851	1407	55.15	42.59	SRR23329748
SRR23329748.852	1475	54.17	39.23	SRR23329748
SRR23329748.853	1411	55.92	56.90	SRR23329748
SRR23329748.854	1454	51.79	62.62	SRR23329748
SRR23329748.855	1388	54.68	27.77	SRR23329748
SRR23329748.856	1450	50.34	21.94	SRR23329748
SRR23329748.857	1473	54.11	27.57	SRR23329748
SRR23329748.858	1446	55.19	37.31	SRR23329748
SRR23329748.859	1458	57.27	34.84	SRR23329748
SRR23329748.860	1438	58.76	37.92	SRR23329748
SRR23329748.861	1412	55.81	93.00	SRR23329748
SRR23329748.862	1481	49.43	93.00	SRR23329748
SRR23329748.863	1432	57.68	33.72	SRR23329748
SRR23329748.864	1447	56.32	54.60	SRR23329748
SRR23329748.865	1481	49.49	93.00	SRR23329748
SRR23329748.866	1458	56.93	41.67	SRR23329748
SRR23329748.867	1418	55.71	35.44	SRR23329748
SRR23329748.868	1454	51.86	39.92	SRR23329748
SRR23329748.869	1488	49.33	36.13	SRR23329748
SRR23329748.870	1481	49.43	37.55	SRR23329748
SRR23329748.871	1447	55.70	25.76	SRR23329748
SRR23329748.872	1387	56.02	36.20	SRR23329748
SRR23329748.873	1422	56.96	57.52	SRR23329748
SRR23329748.874	1456	55.01	33.56	SRR23329748
SRR23329748.875	1408	50.99	88.34	SRR23329748
SRR23329748.877	1419	56.66	21.02	SRR23329748
SRR23329748.878	1478	48.31	93.00	SRR23329748
SRR23329748.879	1449	56.52	43.71	SRR23329748
SRR23329748.880	1478	48.31	92.99	SRR23329748
SRR23329748.881	1389	56.44	40.02	SRR23329748
SRR23329748.882	1460	56.10	65.59	SRR23329748
SRR23329748.884	1475	55.53	48.94	SRR23329748
SRR23329748.885	1472	54.14	31.45	SRR23329748
SRR23329748.886	1408	55.68	39.83	SRR23329748
SRR23329748.887	1475	53.97	64.87	SRR23329748
SRR23329748.888	1674	46.54	63.74	SRR23329748
SRR23329748.889	1412	55.81	49.22	SRR23329748
SRR23329748.890	1228	37.05	22.58	SRR23329748
SRR23329748.891	1411	55.85	93.00	SRR23329748
SRR23329748.892	1384	55.64	28.60	SRR23329748
SRR23329748.893	1475	53.90	89.83	SRR23329748
SRR23329748.895	1389	55.87	78.38	SRR23329748
SRR23329748.896	1444	58.10	59.59	SRR23329748
SRR23329748.898	1407	55.58	93.00	SRR23329748
SRR23329748.899	1449	56.18	54.59	SRR23329748
SRR23329748.900	1475	53.90	93.00	SRR23329748
SRR23329748.901	1411	54.50	91.15	SRR23329748
SRR23329748.902	1407	56.65	92.48	SRR23329748
SRR23329748.903	1412	56.80	93.00	SRR23329748
SRR23329748.904	1453	57.33	90.73	SRR23329748
SRR23329748.905	1407	55.72	49.80	SRR23329748
SRR23329748.906	1389	55.15	75.80	SRR23329748
SRR23329748.907	1475	54.17	93.00	SRR23329748
SRR23329748.908	1422	54.15	56.46	SRR23329748
SRR23329748.909	1458	54.53	91.00	SRR23329748
SRR23329748.910	1448	56.15	31.82	SRR23329748
SRR23329748.911	1481	49.43	93.00	SRR23329748
SRR23329748.912	1451	58.03	28.43	SRR23329748
SRR23329748.913	1389	56.59	82.04	SRR23329748
SRR23329748.915	1472	53.87	30.21	SRR23329748
SRR23329748.916	1454	51.79	83.08	SRR23329748
SRR23329748.917	1485	53.87	23.18	SRR23329748
SRR23329748.918	1387	54.58	88.44	SRR23329748
SRR23329748.919	1410	55.82	28.57	SRR23329748
SRR23329748.920	1410	54.68	32.74	SRR23329748
SRR23329748.921	1489	49.29	33.39	SRR23329748
SRR23329748.923	1441	52.39	39.57	SRR23329748
SRR23329748.924	1467	49.28	93.00	SRR23329748
SRR23329748.925	1445	56.40	92.14	SRR23329748
SRR23329748.926	1445	57.85	42.30	SRR23329748
SRR23329748.927	1413	50.53	52.70	SRR23329748
SRR23329748.928	651	41.47	93.00	SRR23329748
SRR23329748.929	1420	56.20	61.80	SRR23329748
SRR23329748.930	1437	56.92	48.31	SRR23329748
SRR23329748.931	1467	49.49	92.37	SRR23329748
SRR23329748.932	1407	55.72	93.00	SRR23329748
SRR23329748.933	1406	56.69	27.94	SRR23329748
SRR23329748.934	1407	56.08	91.70	SRR23329748
SRR23329748.936	1493	49.30	25.34	SRR23329748
SRR23329748.937	1485	54.14	23.91	SRR23329748
SRR23329748.938	1475	53.90	93.00	SRR23329748
SRR23329748.939	1444	60.39	62.05	SRR23329748
SRR23329748.940	1488	49.33	90.77	SRR23329748
SRR23329748.941	1452	50.96	22.56	SRR23329748
SRR23329748.942	1407	56.50	45.88	SRR23329748
SRR23329748.944	1411	54.50	68.25	SRR23329748
SRR23329748.945	1423	50.25	56.09	SRR23329748
SRR23329748.946	1458	53.70	69.59	SRR23329748
SRR23329748.947	1473	51.26	92.98	SRR23329748
SRR23329748.949	1407	56.65	39.26	SRR23329748
SRR23329748.950	1444	62.19	33.69	SRR23329748
SRR23329748.951	1475	53.97	45.33	SRR23329748
SRR23329748.952	1469	52.62	30.55	SRR23329748
SRR23329748.953	1454	50.48	75.53	SRR23329748
SRR23329748.954	1481	49.56	92.72	SRR23329748
SRR23329748.955	1441	50.52	27.69	SRR23329748
SRR23329748.956	1488	49.33	93.00	SRR23329748
SRR23329748.957	1482	44.13	93.00	SRR23329748
SRR23329748.958	1488	49.33	50.07	SRR23329748
SRR23329748.959	1488	49.26	35.73	SRR23329748
SRR23329748.960	1444	53.19	41.59	SRR23329748
SRR23329748.961	1484	49.19	22.94	SRR23329748
SRR23329748.962	1445	58.89	22.97	SRR23329748
SRR23329748.963	1441	56.21	22.00	SRR23329748
SRR23329748.964	1444	55.61	28.93	SRR23329748
SRR23329748.965	1447	57.71	33.41	SRR23329748
SRR23329748.966	1487	49.36	41.57	SRR23329748
SRR23329748.967	1447	57.57	92.34	SRR23329748
SRR23329748.968	1460	53.56	29.52	SRR23329748
SRR23329748.969	1476	53.86	92.95	SRR23329748
SRR23329748.970	1475	54.17	93.00	SRR23329748
SRR23329748.971	1447	55.15	93.00	SRR23329748
SRR23329748.972	1488	49.33	93.00	SRR23329748
SRR23329748.973	1449	57.69	89.52	SRR23329748
SRR23329748.974	1488	49.33	93.00	SRR23329748
SRR23329748.975	1458	51.03	44.52	SRR23329748
SRR23329748.976	1383	54.88	93.00	SRR23329748
SRR23329748.977	1449	55.35	93.00	SRR23329748
SRR23329748.979	1446	55.60	90.72	SRR23329748
SRR23329748.980	1407	55.65	93.00	SRR23329748
SRR23329748.981	1474	54.21	50.08	SRR23329748
SRR23329748.982	1474	53.87	25.12	SRR23329748
SRR23329748.983	1453	54.09	92.98	SRR23329748
SRR23329748.984	1467	49.49	93.00	SRR23329748
SRR23329748.985	1407	56.65	74.81	SRR23329748
SRR23329748.986	1414	52.90	92.85	SRR23329748
SRR23329748.987	1413	50.53	88.60	SRR23329748
SRR23329748.988	1411	54.64	35.29	SRR23329748
SRR23329748.990	1412	56.80	70.47	SRR23329748
SRR23329748.991	1475	51.39	93.00	SRR23329748
SRR23329748.992	1417	56.32	22.22	SRR23329748
SRR23329748.993	1406	56.26	92.98	SRR23329748
SRR23329748.994	1418	55.92	23.69	SRR23329748
SRR23329748.995	1481	54.15	21.59	SRR23329748
SRR23329748.996	1408	56.68	93.00	SRR23329748
SRR23329748.997	1467	49.42	93.00	SRR23329748
SRR23329748.998	1412	55.74	82.31	SRR23329748
SRR23329748.999	1427	55.99	35.63	SRR23329748
SRR23329748.1001	1393	55.99	22.21	SRR23329748
SRR23329748.1002	1475	54.17	34.70	SRR23329748
SRR23329748.1004	1476	51.22	24.41	SRR23329748
SRR23329748.1005	1411	56.63	21.73	SRR23329748
SRR23329748.1006	1477	53.89	29.09	SRR23329748
SRR23329748.1008	1407	55.65	83.00	SRR23329748
SRR23329748.1009	1407	56.57	93.00	SRR23329748
SRR23329748.1010	1457	56.01	45.01	SRR23329748
SRR23329748.1011	1456	57.07	21.56	SRR23329748
SRR23329748.1012	1407	55.65	31.03	SRR23329748
SRR23329748.1013	1389	56.59	93.00	SRR23329748
SRR23329748.1014	1444	58.86	47.97	SRR23329748
SRR23329748.1015	1458	57.27	39.82	SRR23329748
SRR23329748.1017	1488	49.33	93.00	SRR23329748
SRR23329748.1018	1457	51.75	24.69	SRR23329748
SRR23329748.1019	1475	53.97	93.00	SRR23329748
SRR23329748.1021	1436	49.37	89.22	SRR23329748
SRR23329748.1022	1392	56.39	35.25	SRR23329748
SRR23329748.1023	1437	58.52	93.00	SRR23329748
SRR23329748.1024	1410	54.75	36.46	SRR23329748
SRR23329748.1025	1407	56.36	89.29	SRR23329748
SRR23329748.1026	1481	49.43	46.62	SRR23329748
SRR23329748.1027	1411	54.64	70.48	SRR23329748
SRR23329748.1028	1411	54.43	90.86	SRR23329748
SRR23329748.1029	1474	53.87	30.10	SRR23329748
SRR23329748.1030	1407	56.65	31.40	SRR23329748
SRR23329748.1031	1423	50.04	59.93	SRR23329748
SRR23329748.1032	1475	53.90	22.32	SRR23329748
SRR23329748.1033	1412	54.67	44.92	SRR23329748
SRR23329748.1034	1413	55.56	92.13	SRR23329748
SRR23329748.1035	1478	53.79	93.00	SRR23329748
SRR23329748.1036	1427	44.99	21.87	SRR23329748
SRR23329748.1037	1489	53.86	22.80	SRR23329748
SRR23329748.1038	1482	55.40	32.98	SRR23329748
SRR23329748.1039	1513	42.96	93.00	SRR23329748
SRR23329748.1040	1446	58.78	36.19	SRR23329748
SRR23329748.1041	1447	57.98	24.25	SRR23329748
SRR23329748.1042	1469	51.26	22.47	SRR23329748
SRR23329748.1043	1407	55.86	66.99	SRR23329748
SRR23329748.1044	1443	50.10	28.73	SRR23329748
SRR23329748.1045	1458	53.77	50.57	SRR23329748
SRR23329748.1046	1412	55.81	54.50	SRR23329748
SRR23329748.1047	1475	54.10	41.56	SRR23329748
SRR23329748.1048	1479	49.36	30.26	SRR23329748
SRR23329748.1049	1476	54.27	36.23	SRR23329748
SRR23329748.1050	1413	55.56	64.50	SRR23329748
SRR23329748.1051	1406	57.11	20.21	SRR23329748
SRR23329748.1052	1407	55.65	92.86	SRR23329748
SRR23329748.1053	1408	55.82	55.87	SRR23329748
SRR23329748.1054	1460	53.42	63.12	SRR23329748
SRR23329748.1055	1431	57.65	92.13	SRR23329748
SRR23329748.1056	1411	56.34	45.68	SRR23329748
SRR23329748.1057	1475	53.90	85.66	SRR23329748
SRR23329748.1058	1445	57.16	25.45	SRR23329748
SRR23329748.1059	1475	54.24	92.98	SRR23329748
SRR23329748.1060	1405	56.16	27.64	SRR23329748
SRR23329748.1061	1474	54.21	70.46	SRR23329748
SRR23329748.1062	1488	49.33	48.94	SRR23329748
SRR23329748.1063	1408	55.04	25.33	SRR23329748
SRR23329748.1064	1488	49.26	30.84	SRR23329748
SRR23329748.1065	1475	53.90	64.68	SRR23329748
SRR23329748.1066	1408	55.82	92.88	SRR23329748
SRR23329748.1067	1412	56.80	62.35	SRR23329748
SRR23329748.1068	1445	53.15	48.58	SRR23329748
SRR23329748.1069	1471	52.48	36.66	SRR23329748
SRR23329748.1070	1416	55.51	22.91	SRR23329748
SRR23329748.1071	1457	53.47	31.44	SRR23329748
SRR23329748.1072	1412	56.80	56.33	SRR23329748
SRR23329748.1073	1385	55.45	93.00	SRR23329748
SRR23329748.1074	1392	52.30	93.00	SRR23329748
SRR23329748.1075	1407	56.65	29.73	SRR23329748
SRR23329748.1076	1475	53.97	55.46	SRR23329748
SRR23329748.1077	1411	54.50	93.00	SRR23329748
SRR23329748.1078	1416	54.10	30.26	SRR23329748
SRR23329748.1079	1480	49.53	69.32	SRR23329748
SRR23329748.1080	1481	59.76	45.66	SRR23329748
SRR23329748.1081	1449	57.76	91.55	SRR23329748
SRR23329748.1082	1499	54.24	23.10	SRR23329748
SRR23329748.1083	1477	54.03	25.47	SRR23329748
SRR23329748.1084	1406	55.19	72.44	SRR23329748
SRR23329748.1085	1412	54.60	93.00	SRR23329748
SRR23329748.1086	1412	56.80	65.46	SRR23329748
SRR23329748.1087	1453	54.44	80.37	SRR23329748
SRR23329748.1088	1423	50.18	93.00	SRR23329748
SRR23329748.1089	1398	55.65	24.29	SRR23329748
SRR23329748.1090	1470	52.65	93.00	SRR23329748
SRR23329748.1091	1481	49.43	73.55	SRR23329748
SRR23329748.1092	1446	55.60	62.04	SRR23329748
SRR23329748.1093	1453	56.99	57.60	SRR23329748
SRR23329748.1094	1475	53.83	76.59	SRR23329748
SRR23329748.1095	1467	57.06	93.00	SRR23329748
SRR23329748.1096	1491	49.30	22.66	SRR23329748
SRR23329748.1097	1437	58.52	93.00	SRR23329748
SRR23329748.1098	1442	50.55	92.99	SRR23329748
SRR23329748.1099	1460	56.03	76.45	SRR23329748
SRR23329748.1100	1475	54.10	90.75	SRR23329748
SRR23329748.1101	1470	52.59	74.61	SRR23329748
SRR23329748.1102	1412	56.73	68.34	SRR23329748
SRR23329748.1103	1471	52.48	93.00	SRR23329748
SRR23329748.1104	1479	58.89	92.92	SRR23329748
SRR23329748.1105	1467	57.33	36.76	SRR23329748
SRR23329748.1106	1470	52.72	61.70	SRR23329748
SRR23329748.1107	1460	52.53	38.15	SRR23329748
SRR23329748.1108	1385	55.16	26.64	SRR23329748
SRR23329748.1109	1412	56.80	37.50	SRR23329748
SRR23329748.1110	1414	56.15	24.21	SRR23329748
SRR23329748.1111	1471	52.55	92.44	SRR23329748
SRR23329748.1113	1468	49.46	24.71	SRR23329748
SRR23329748.1115	1406	55.19	93.00	SRR23329748
SRR23329748.1116	1452	50.62	53.78	SRR23329748
SRR23329748.1117	1454	51.79	78.31	SRR23329748
SRR23329748.1118	1467	49.42	89.23	SRR23329748
SRR23329748.1119	1389	56.59	41.83	SRR23329748
SRR23329748.1120	1407	55.65	88.05	SRR23329748
SRR23329748.1121	1481	49.49	66.28	SRR23329748
SRR23329748.1123	1474	54.21	32.82	SRR23329748
SRR23329748.1124	1475	54.24	53.25	SRR23329748
SRR23329748.1125	1467	57.40	93.00	SRR23329748
SRR23329748.1126	1411	56.77	38.46	SRR23329748
SRR23329748.1127	1407	55.86	93.00	SRR23329748
SRR23329748.1128	1491	53.86	21.75	SRR23329748
SRR23329748.1129	1444	60.25	24.00	SRR23329748
SRR23329748.1130	1467	57.40	92.96	SRR23329748
SRR23329748.1131	1475	53.90	42.33	SRR23329748
SRR23329748.1132	1407	55.72	21.91	SRR23329748
SRR23329748.1133	1437	58.52	50.20	SRR23329748
SRR23329748.1134	1403	56.02	46.83	SRR23329748
SRR23329748.1135	1473	51.26	35.60	SRR23329748
SRR23329748.1136	1470	52.65	93.00	SRR23329748
SRR23329748.1137	1458	51.03	92.99	SRR23329748
SRR23329748.1138	1408	55.68	93.00	SRR23329748
SRR23329748.1139	1467	49.42	93.00	SRR23329748
SRR23329748.1140	1447	55.22	93.00	SRR23329748
SRR23329748.1141	1406	55.69	59.20	SRR23329748
SRR23329748.1142	1414	56.79	28.14	SRR23329748
SRR23329748.1143	1444	58.38	42.99	SRR23329748
SRR23329748.1144	1420	56.83	24.15	SRR23329748
SRR23329748.1145	1475	53.97	93.00	SRR23329748
SRR23329748.1146	1454	51.79	77.50	SRR23329748
SRR23329748.1147	1407	55.58	51.14	SRR23329748
SRR23329748.1148	1475	54.10	67.68	SRR23329748
SRR23329748.1149	1447	55.22	51.38	SRR23329748
SRR23329748.1150	1456	58.93	48.56	SRR23329748
SRR23329748.1151	1407	55.93	93.00	SRR23329748
SRR23329748.1152	1481	49.49	93.00	SRR23329748
SRR23329748.1153	1472	51.36	22.09	SRR23329748
SRR23329748.1154	1491	49.56	21.34	SRR23329748
SRR23329748.1155	1407	56.43	54.15	SRR23329748
SRR23329748.1156	1414	53.04	93.00	SRR23329748
SRR23329748.1157	1452	56.06	93.00	SRR23329748
SRR23329748.1158	1438	57.72	23.28	SRR23329748
SRR23329748.1159	1412	56.80	67.62	SRR23329748
SRR23329748.1160	1445	58.55	23.73	SRR23329748
SRR23329748.1161	1408	55.82	85.61	SRR23329748
SRR23329748.1162	1416	50.49	87.87	SRR23329748
SRR23329748.1163	1411	54.78	25.70	SRR23329748
SRR23329748.1164	1454	51.86	54.00	SRR23329748
SRR23329748.1165	1488	49.33	92.70	SRR23329748
SRR23329748.1166	1474	54.21	32.22	SRR23329748
SRR23329748.1167	1488	49.33	66.69	SRR23329748
SRR23329748.1168	1489	53.93	33.13	SRR23329748
SRR23329748.1169	1413	55.63	43.42	SRR23329748
SRR23329748.1170	1445	57.85	56.73	SRR23329748
SRR23329748.1171	1496	49.73	20.10	SRR23329748
SRR23329748.1172	1404	56.70	48.11	SRR23329748
SRR23329748.1173	1411	56.77	37.02	SRR23329748
SRR23329748.1174	1408	55.75	93.00	SRR23329748
SRR23329748.1175	1488	49.33	90.77	SRR23329748
SRR23329748.1176	1423	53.13	39.31	SRR23329748
SRR23329748.1177	1446	55.60	93.00	SRR23329748
SRR23329748.1178	1411	55.71	28.53	SRR23329748
SRR23329748.1179	1407	56.57	93.00	SRR23329748
SRR23329748.1180	1387	54.58	41.14	SRR23329748
SRR23329748.1181	1449	57.69	66.37	SRR23329748
SRR23329748.1182	1407	56.08	42.60	SRR23329748
SRR23329748.1183	1422	50.56	27.62	SRR23329748
SRR23329748.1184	1412	56.80	61.90	SRR23329748
SRR23329748.1185	1443	58.84	44.43	SRR23329748
SRR23329748.1186	1440	58.54	24.00	SRR23329748
SRR23329748.1187	1411	56.77	34.82	SRR23329748
SRR23329748.1188	1454	51.79	92.34	SRR23329748
SRR23329748.1189	1413	55.56	93.00	SRR23329748
SRR23329748.1190	1461	57.08	61.64	SRR23329748
SRR23329748.1191	1407	55.65	51.37	SRR23329748
SRR23329748.1193	1470	52.59	51.65	SRR23329748
SRR23329748.1194	1488	49.33	44.60	SRR23329748
SRR23329748.1195	1446	55.60	54.59	SRR23329748
SRR23329748.1196	1411	56.34	32.97	SRR23329748
SRR23329748.1197	1447	55.84	81.92	SRR23329748
SRR23329748.1198	1458	58.57	47.56	SRR23329748
SRR23329748.1199	1454	51.79	93.00	SRR23329748
SRR23329748.1200	1407	55.44	49.29	SRR23329748
SRR23329748.1201	1407	55.93	34.33	SRR23329748
SRR23329748.1202	1445	58.89	30.18	SRR23329748
SRR23329748.1204	1437	58.52	35.50	SRR23329748
SRR23329748.1205	1387	54.58	92.41	SRR23329748
SRR23329748.1206	1410	56.74	21.47	SRR23329748
SRR23329748.1207	1467	49.35	93.00	SRR23329748
SRR23329748.1208	1446	56.85	62.60	SRR23329748
SRR23329748.1209	1446	56.85	27.81	SRR23329748
SRR23329748.1210	1411	54.43	44.77	SRR23329748
SRR23329748.1211	1488	52.15	91.14	SRR23329748
SRR23329748.1212	1407	55.65	91.75	SRR23329748
SRR23329748.1213	1407	56.57	39.48	SRR23329748
SRR23329748.1215	1484	55.39	32.02	SRR23329748
SRR23329748.1216	1407	56.01	93.00	SRR23329748
SRR23329748.1217	1475	54.03	92.04	SRR23329748
SRR23329748.1218	1479	51.59	27.80	SRR23329748
SRR23329748.1220	1477	53.96	32.97	SRR23329748
SRR23329748.1221	1383	54.88	93.00	SRR23329748
SRR23329748.1222	1405	56.23	21.39	SRR23329748
SRR23329748.1223	1447	55.56	92.98	SRR23329748
SRR23329748.1224	1414	53.04	43.52	SRR23329748
SRR23329748.1225	1445	58.55	93.00	SRR23329748
SRR23329748.1226	1466	49.39	36.66	SRR23329748
SRR23329748.1227	1467	49.35	39.04	SRR23329748
SRR23329748.1228	1481	49.43	86.07	SRR23329748
SRR23329748.1229	1411	54.15	48.38	SRR23329748
SRR23329748.1231	1481	49.43	70.68	SRR23329748
SRR23329748.1232	1460	52.60	93.00	SRR23329748
SRR23329748.1233	1467	57.53	92.89	SRR23329748
SRR23329748.1234	1467	49.28	93.00	SRR23329748
SRR23329748.1235	1412	55.74	29.00	SRR23329748
SRR23329748.1236	1467	49.42	93.00	SRR23329748
SRR23329748.1237	1474	53.87	93.00	SRR23329748
SRR23329748.1238	1406	56.69	32.40	SRR23329748
SRR23329748.1239	1406	55.90	91.09	SRR23329748
SRR23329748.1240	1469	57.52	26.07	SRR23329748
SRR23329748.1241	1409	59.12	54.47	SRR23329748
SRR23329748.1243	1474	53.93	30.65	SRR23329748
SRR23329748.1244	1462	54.79	26.76	SRR23329748
SRR23329748.1245	1467	49.35	34.14	SRR23329748
SRR23329748.1246	1414	54.60	29.29	SRR23329748
SRR23329748.1247	1443	55.02	93.00	SRR23329748
SRR23329748.1248	1406	56.05	31.90	SRR23329748
SRR23329748.1249	1443	55.02	93.00	SRR23329748
SRR23329748.1250	1412	56.80	77.01	SRR23329748
SRR23329748.1251	1446	57.88	30.22	SRR23329748
SRR23329748.1252	1467	49.42	52.03	SRR23329748
SRR23329748.1254	1421	56.79	93.00	SRR23329748
SRR23329748.1255	1385	56.46	50.53	SRR23329748
SRR23329748.1256	1462	56.50	20.05	SRR23329748
SRR23329748.1257	1461	53.25	71.84	SRR23329748
SRR23329748.1258	1448	56.22	34.31	SRR23329748
SRR23329748.1259	1441	59.82	41.78	SRR23329748
SRR23329748.1260	1405	55.59	29.42	SRR23329748
SRR23329748.1261	1413	53.08	34.96	SRR23329748
SRR23329748.1262	1407	56.65	81.19	SRR23329748
SRR23329748.1263	1411	55.63	56.42	SRR23329748
SRR23329748.1264	1445	60.42	35.28	SRR23329748
SRR23329748.1265	1408	55.68	38.44	SRR23329748
SRR23329748.1267	1412	55.74	45.89	SRR23329748
SRR23329748.1268	1426	56.03	35.21	SRR23329748
SRR23329748.1269	1412	56.80	92.99	SRR23329748
SRR23329748.1270	1412	56.80	50.89	SRR23329748
SRR23329748.1271	1384	54.70	23.85	SRR23329748
SRR23329748.1272	1475	53.97	52.03	SRR23329748
SRR23329748.1273	1467	49.49	93.00	SRR23329748
SRR23329748.1274	1488	49.33	60.04	SRR23329748
SRR23329748.1275	1488	49.33	71.52	SRR23329748
SRR23329748.1276	1410	55.11	21.21	SRR23329748
SRR23329748.1277	1481	49.49	93.00	SRR23329748
SRR23329748.1278	1407	55.58	92.98	SRR23329748
SRR23329748.1279	1407	55.65	80.97	SRR23329748
SRR23329748.1280	1484	55.59	93.00	SRR23329748
SRR23329748.1281	1407	55.72	45.48	SRR23329748
SRR23329748.1282	1431	57.58	54.36	SRR23329748
SRR23329748.1283	1488	49.33	60.59	SRR23329748
SRR23329748.1284	1412	54.60	93.00	SRR23329748
SRR23329748.1285	1461	55.99	30.43	SRR23329748
SRR23329748.1286	1451	59.34	33.05	SRR23329748
SRR23329748.1287	1717	46.88	26.86	SRR23329748
SRR23329748.1288	1428	56.02	24.17	SRR23329748
SRR23329748.1289	1460	54.93	36.01	SRR23329748
SRR23329748.1291	1486	52.09	24.18	SRR23329748
SRR23329748.1292	1385	55.52	25.61	SRR23329748
SRR23329748.1293	1457	53.40	27.80	SRR23329748
SRR23329748.1294	1488	49.33	29.06	SRR23329748
SRR23329748.1295	1475	53.97	46.08	SRR23329748
SRR23329748.1296	1436	57.80	53.85	SRR23329748
SRR23329748.1297	1397	52.33	36.90	SRR23329748
SRR23329748.1298	1488	49.26	93.00	SRR23329748
SRR23329748.1300	1475	53.90	79.39	SRR23329748
SRR23329748.1301	1385	55.67	35.06	SRR23329748
SRR23329748.1302	1407	55.65	49.47	SRR23329748
SRR23329748.1303	1464	49.32	23.26	SRR23329748
SRR23329748.1304	1407	56.08	93.00	SRR23329748
SRR23329748.1305	1469	52.42	37.52	SRR23329748
SRR23329748.1307	1403	56.59	25.50	SRR23329748
SRR23329748.1308	1473	51.19	55.68	SRR23329748
SRR23329748.1309	1459	53.53	34.51	SRR23329748
SRR23329748.1311	1463	53.52	27.43	SRR23329748
SRR23329748.1312	1446	55.60	93.00	SRR23329748
SRR23329748.1313	1447	57.64	71.57	SRR23329748
SRR23329748.1314	1475	54.10	73.45	SRR23329748
SRR23329748.1315	1460	56.16	72.60	SRR23329748
SRR23329748.1316	1475	53.90	93.00	SRR23329748
SRR23329748.1317	1385	56.61	29.04	SRR23329748
SRR23329748.1318	1475	53.97	91.11	SRR23329748
SRR23329748.1320	1411	51.81	93.00	SRR23329748
SRR23329748.1321	1411	54.50	33.96	SRR23329748
SRR23329748.1322	1445	50.10	84.87	SRR23329748
SRR23329748.1323	1471	52.55	29.73	SRR23329748
SRR23329748.1324	1448	55.87	44.98	SRR23329748
SRR23329748.1325	1405	56.44	37.67	SRR23329748
SRR23329748.1326	1484	55.53	84.04	SRR23329748
SRR23329748.1327	1389	56.59	34.49	SRR23329748
SRR23329748.1329	1551	52.42	27.80	SRR23329748
SRR23329748.1330	1467	49.35	92.98	SRR23329748
SRR23329748.1331	1458	57.27	93.00	SRR23329748
SRR23329748.1334	1453	55.47	93.00	SRR23329748
SRR23329748.1335	1451	59.34	50.90	SRR23329748
SRR23329748.1336	1407	55.58	32.91	SRR23329748
SRR23329748.1337	1400	55.36	20.38	SRR23329748
SRR23329748.1338	1448	55.52	37.44	SRR23329748
SRR23329748.1340	1488	49.33	76.00	SRR23329748
SRR23329748.1341	1406	55.69	28.42	SRR23329748
SRR23329748.1342	1472	51.43	23.81	SRR23329748
SRR23329748.1343	1407	55.86	80.53	SRR23329748
SRR23329748.1344	1478	48.31	65.97	SRR23329748
SRR23329748.1345	1447	55.08	32.95	SRR23329748
SRR23329748.1346	1385	56.46	63.21	SRR23329748
SRR23329748.1347	1424	55.55	93.00	SRR23329748
SRR23329748.1348	1405	56.58	27.96	SRR23329748
SRR23329748.1349	1406	56.54	93.00	SRR23329748
SRR23329748.1350	1416	55.79	24.14	SRR23329748
SRR23329748.1351	1472	51.15	25.72	SRR23329748
SRR23329748.1352	1485	54.14	34.10	SRR23329748
SRR23329748.1353	1492	49.33	20.39	SRR23329748
SRR23329748.1354	1484	55.32	92.97	SRR23329748
SRR23329748.1355	1406	55.69	93.00	SRR23329748
SRR23329748.1356	1484	55.39	92.96	SRR23329748
SRR23329748.1357	1488	49.33	73.67	SRR23329748
SRR23329748.1360	1458	53.22	69.55	SRR23329748
SRR23329748.1361	1411	54.43	42.48	SRR23329748
SRR23329748.1362	1412	55.74	21.06	SRR23329748
SRR23329748.1363	1387	54.58	64.26	SRR23329748
SRR23329748.1365	1413	50.53	32.06	SRR23329748
SRR23329748.1366	1484	55.46	90.71	SRR23329748
SRR23329748.1367	1444	58.10	85.55	SRR23329748
SRR23329748.1368	1475	54.31	27.04	SRR23329748
SRR23329748.1369	1470	54.01	24.32	SRR23329748
SRR23329748.1370	1440	57.29	93.00	SRR23329748
SRR23329748.1371	1467	49.35	84.55	SRR23329748
SRR23329748.1374	1388	54.61	34.40	SRR23329748
SRR23329748.1375	1407	55.93	37.02	SRR23329748
SRR23329748.1376	1474	53.80	32.04	SRR23329748
SRR23329748.1378	1407	55.65	93.00	SRR23329748
SRR23329748.1379	1420	50.56	28.15	SRR23329748
SRR23329748.1380	1409	56.07	27.88	SRR23329748
SRR23329748.1381	1407	55.86	63.31	SRR23329748
SRR23329748.1382	1407	55.58	76.34	SRR23329748
SRR23329748.1383	1407	56.43	89.72	SRR23329748
SRR23329748.1384	1488	49.26	36.64	SRR23329748
SRR23329748.1385	1484	55.05	42.71	SRR23329748
SRR23329748.1386	1456	58.93	44.51	SRR23329748
SRR23329748.1387	1411	54.36	62.22	SRR23329748
SRR23329748.1388	1490	49.33	49.47	SRR23329748
SRR23329748.1389	1411	56.41	33.92	SRR23329748
SRR23329748.1390	1413	55.48	93.00	SRR23329748
SRR23329748.1391	1474	49.39	20.56	SRR23329748
SRR23329748.1392	1407	56.43	93.00	SRR23329748
SRR23329748.1393	1407	56.43	91.13	SRR23329748
SRR23329748.1394	1407	55.93	92.96	SRR23329748
SRR23329748.1395	1408	55.82	47.49	SRR23329748
SRR23329748.1397	1410	55.89	31.28	SRR23329748
SRR23329748.1398	1449	56.52	93.00	SRR23329748
SRR23329748.1399	1487	57.30	20.67	SRR23329748
SRR23329748.1400	1488	49.33	93.00	SRR23329748
SRR23329748.1401	1446	55.60	75.24	SRR23329748
SRR23329748.1402	1484	55.39	38.68	SRR23329748
SRR23329748.1403	1473	51.26	92.84	SRR23329748
SRR23329748.1404	1481	49.43	82.88	SRR23329748
SRR23329748.1405	1407	55.58	49.48	SRR23329748
SRR23329748.1406	1450	56.14	35.99	SRR23329748
SRR23329748.1407	1447	58.05	93.00	SRR23329748
SRR23329748.1408	1409	55.78	65.48	SRR23329748
SRR23329748.1409	1452	56.06	81.67	SRR23329748
SRR23329748.1410	1473	51.26	59.67	SRR23329748
SRR23329748.1411	1441	58.29	23.04	SRR23329748
SRR23329748.1412	1445	58.27	92.78	SRR23329748
SRR23329748.1413	1445	57.85	66.59	SRR23329748
SRR23329748.1414	1446	56.57	49.01	SRR23329748
SRR23329748.1415	1474	54.07	34.63	SRR23329748
SRR23329748.1417	1407	56.01	52.01	SRR23329748
SRR23329748.1418	1407	56.43	25.10	SRR23329748
SRR23329748.1419	1431	57.65	92.30	SRR23329748
SRR23329748.1420	1385	55.67	50.92	SRR23329748
SRR23329748.1421	1486	53.23	92.99	SRR23329748
SRR23329748.1422	1389	55.87	39.02	SRR23329748
SRR23329748.1423	1388	55.91	24.61	SRR23329748
SRR23329748.1424	1445	60.21	35.42	SRR23329748
SRR23329748.1425	1481	49.56	69.73	SRR23329748
SRR23329748.1426	1409	54.72	26.13	SRR23329748
SRR23329748.1427	1412	55.81	77.73	SRR23329748
SRR23329748.1428	1407	56.15	48.75	SRR23329748
SRR23329748.1429	1407	55.86	93.00	SRR23329748
SRR23329748.1430	1444	55.61	28.14	SRR23329748
SRR23329748.1431	1476	53.93	27.66	SRR23329748
SRR23329748.1432	1447	52.52	93.00	SRR23329748
SRR23329748.1433	1407	56.65	91.59	SRR23329748
SRR23329748.1435	1449	57.76	45.48	SRR23329748
SRR23329748.1436	1424	56.74	55.04	SRR23329748
SRR23329748.1438	1383	54.88	93.00	SRR23329748
SRR23329748.1439	1416	55.79	23.97	SRR23329748
SRR23329748.1440	1407	56.43	62.12	SRR23329748
SRR23329748.1441	1407	55.93	87.84	SRR23329748
SRR23329748.1442	1457	55.59	29.59	SRR23329748
SRR23329748.1443	1407	56.08	93.00	SRR23329748
SRR23329748.1444	1440	59.79	35.30	SRR23329748
SRR23329748.1445	1454	50.48	82.42	SRR23329748
SRR23329748.1446	1485	49.23	28.06	SRR23329748
SRR23329748.1447	1459	53.12	31.37	SRR23329748
SRR23329748.1448	1407	56.57	92.95	SRR23329748
SRR23329748.1449	1474	53.93	26.42	SRR23329748
SRR23329748.1450	1388	55.69	28.95	SRR23329748
SRR23329748.1451	1446	56.02	78.28	SRR23329748
SRR23329748.1452	1407	55.72	42.02	SRR23329748
SRR23329748.1454	1409	55.93	24.00	SRR23329748
SRR23329748.1455	1969	55.21	45.59	SRR23329748
SRR23329748.1456	1385	55.45	89.58	SRR23329748
SRR23329748.1457	1447	57.50	75.05	SRR23329748
SRR23329748.1458	1475	53.97	69.65	SRR23329748
SRR23329748.1460	1445	55.57	37.21	SRR23329748
SRR23329748.1461	1407	56.01	37.48	SRR23329748
SRR23329748.1463	1446	55.60	93.00	SRR23329748
SRR23329748.1464	1405	56.37	23.71	SRR23329748
SRR23329748.1465	1450	56.41	21.59	SRR23329748
SRR23329748.1466	1472	50.68	26.18	SRR23329748
SRR23329748.1467	1475	54.17	84.95	SRR23329748
SRR23329748.1468	1485	55.76	88.87	SRR23329748
SRR23329748.1470	1489	53.86	38.42	SRR23329748
SRR23329748.1471	1407	55.65	50.73	SRR23329748
SRR23329748.1472	1429	57.45	24.00	SRR23329748
SRR23329748.1473	1412	56.80	32.95	SRR23329748
SRR23329748.1474	1404	55.20	27.18	SRR23329748
SRR23329748.1475	1457	50.31	92.98	SRR23329748
SRR23329748.1476	1407	56.36	47.02	SRR23329748
SRR23329748.1477	1407	56.57	91.88	SRR23329748
SRR23329748.1478	1407	55.65	82.96	SRR23329748
SRR23329748.1479	1406	57.25	48.04	SRR23329748
SRR23329748.1480	1407	56.50	37.60	SRR23329748
SRR23329748.1481	1407	56.01	93.00	SRR23329748
SRR23329748.1482	1473	51.19	93.00	SRR23329748
SRR23329748.1483	1474	51.42	22.75	SRR23329748
SRR23329748.1484	1445	56.40	43.42	SRR23329748
SRR23329748.1485	1473	51.26	51.68	SRR23329748
SRR23329748.1486	1475	53.97	93.00	SRR23329748
SRR23329748.1487	1408	55.68	93.00	SRR23329748
SRR23329748.1488	1437	58.52	92.84	SRR23329748
SRR23329748.1489	1439	53.44	41.56	SRR23329748
SRR23329748.1490	1460	52.47	93.00	SRR23329748
SRR23329748.1491	1389	56.59	93.00	SRR23329748
SRR23329748.1492	1388	56.05	92.99	SRR23329748
SRR23329748.1493	1436	52.30	35.10	SRR23329748
SRR23329748.1494	1467	49.63	64.09	SRR23329748
SRR23329748.1495	1453	54.09	92.93	SRR23329748
SRR23329748.1496	1488	49.33	47.73	SRR23329748
SRR23329748.1497	1407	56.01	67.26	SRR23329748
SRR23329748.1498	1407	55.93	92.93	SRR23329748
SRR23329748.1499	1475	54.24	44.69	SRR23329748
SRR23329748.1500	1476	51.49	35.22	SRR23329748
SRR23329748.1501	1493	49.36	22.43	SRR23329748
SRR23329748.1504	1424	52.60	44.54	SRR23329748
SRR23329748.1505	1443	52.11	42.12	SRR23329748
SRR23329748.1507	2680	56.60	34.25	SRR23329748
SRR23329748.1509	1475	54.24	92.98	SRR23329748
SRR23329748.1510	1412	56.80	93.00	SRR23329748
SRR23329748.1511	1405	56.51	29.06	SRR23329748
SRR23329748.1512	1412	55.59	46.92	SRR23329748
SRR23329748.1513	1407	56.65	92.17	SRR23329748
SRR23329748.1514	1485	49.29	25.02	SRR23329748
SRR23329748.1515	1439	58.44	25.29	SRR23329748
SRR23329748.1516	1430	55.52	21.16	SRR23329748
SRR23329748.1517	1413	55.63	27.48	SRR23329748
SRR23329748.1518	1407	56.01	39.70	SRR23329748
SRR23329748.1519	1406	55.97	40.28	SRR23329748
SRR23329748.1520	1473	51.39	74.61	SRR23329748
SRR23329748.1521	1409	55.93	23.54	SRR23329748
SRR23329748.1522	1407	55.58	93.00	SRR23329748
SRR23329748.1523	1407	55.58	93.00	SRR23329748
SRR23329748.1524	1418	47.18	93.00	SRR23329748
SRR23329748.1525	1453	58.16	92.91	SRR23329748
SRR23329748.1526	1459	57.23	43.63	SRR23329748
SRR23329748.1527	1465	49.35	26.17	SRR23329748
SRR23329748.1528	1406	55.19	93.00	SRR23329748
SRR23329748.1529	1461	53.59	30.62	SRR23329748
SRR23329748.1530	1446	50.48	33.56	SRR23329748
SRR23329748.1531	1478	52.03	35.66	SRR23329748
SRR23329748.1532	1407	56.57	46.48	SRR23329748
SRR23329748.1533	1474	53.87	37.58	SRR23329748
SRR23329748.1534	1411	55.85	38.04	SRR23329748
SRR23329748.1535	1467	57.46	92.94	SRR23329748
SRR23329748.1536	1475	53.97	34.70	SRR23329748
SRR23329748.1537	1410	55.74	39.40	SRR23329748
SRR23329748.1538	1475	53.97	93.00	SRR23329748
SRR23329748.1540	1384	54.41	28.59	SRR23329748
SRR23329748.1541	1475	54.10	40.68	SRR23329748
SRR23329748.1542	1407	56.43	92.85	SRR23329748
SRR23329748.1544	1412	55.67	20.64	SRR23329748
SRR23329748.1545	1395	55.41	22.23	SRR23329748
SRR23329748.1546	1441	50.45	25.72	SRR23329748
SRR23329748.1547	1445	53.22	20.74	SRR23329748
SRR23329748.1548	1380	54.42	26.65	SRR23329748
SRR23329748.1549	1386	55.63	25.68	SRR23329748
SRR23329748.1550	1385	55.38	92.70	SRR23329748
SRR23329748.1551	1526	53.34	92.87	SRR23329748
SRR23329748.1552	1408	55.75	74.43	SRR23329748
SRR23329748.1553	1409	55.86	43.94	SRR23329748
SRR23329748.1554	1407	55.72	93.00	SRR23329748
SRR23329748.1555	1471	59.28	86.56	SRR23329748
SRR23329748.1556	1459	49.35	31.74	SRR23329748
SRR23329748.1557	1463	57.28	31.91	SRR23329748
SRR23329748.1558	1445	58.27	40.16	SRR23329748
SRR23329748.1559	1449	57.76	72.56	SRR23329748
SRR23329748.1561	1412	55.74	71.82	SRR23329748
SRR23329748.1562	1478	53.99	24.00	SRR23329748
SRR23329748.1563	1440	51.53	93.00	SRR23329748
SRR23329748.1564	1407	55.72	93.00	SRR23329748
SRR23329748.1566	1389	56.52	79.58	SRR23329748
SRR23329748.1567	1412	55.81	92.55	SRR23329748
SRR23329748.1568	1461	52.70	67.51	SRR23329748
SRR23329748.1569	1481	49.43	93.00	SRR23329748
SRR23329748.1570	1411	56.27	70.22	SRR23329748
SRR23329748.1571	1412	56.66	93.00	SRR23329748
SRR23329748.1572	1469	52.42	24.48	SRR23329748
SRR23329748.1573	1407	56.08	93.00	SRR23329748
SRR23329748.1574	1413	55.56	49.50	SRR23329748
SRR23329748.1575	1409	55.78	36.41	SRR23329748
SRR23329748.1576	1475	54.24	93.00	SRR23329748
SRR23329748.1577	1488	49.33	44.68	SRR23329748
SRR23329748.1578	1445	56.40	92.37	SRR23329748
SRR23329748.1579	1445	57.09	67.82	SRR23329748
SRR23329748.1580	1411	54.50	63.21	SRR23329748
SRR23329748.1581	1407	56.08	37.48	SRR23329748
SRR23329748.1582	1448	56.56	67.60	SRR23329748
SRR23329748.1583	1450	57.24	84.27	SRR23329748
SRR23329748.1584	1452	57.99	21.37	SRR23329748
SRR23329748.1585	1712	47.08	32.31	SRR23329748
SRR23329748.1586	1467	49.69	54.66	SRR23329748
SRR23329748.1587	630	44.44	92.73	SRR23329748
SRR23329748.1588	1406	55.19	47.15	SRR23329748
SRR23329748.1589	1470	52.45	36.20	SRR23329748
SRR23329748.1590	1452	55.58	26.90	SRR23329748
SRR23329748.1591	1411	54.64	47.75	SRR23329748
SRR23329748.1592	1472	58.70	23.67	SRR23329748
SRR23329748.1593	1404	55.98	24.53	SRR23329748
SRR23329748.1594	1487	49.36	57.67	SRR23329748
SRR23329748.1595	1460	53.56	28.32	SRR23329748
SRR23329748.1596	1408	55.75	93.00	SRR23329748
SRR23329748.1597	1412	56.80	93.00	SRR23329748
SRR23329748.1598	1422	50.07	32.21	SRR23329748
SRR23329748.1599	1442	54.16	93.00	SRR23329748
SRR23329748.1600	1407	55.15	65.36	SRR23329748
SRR23329748.1601	1421	56.72	49.09	SRR23329748
SRR23329748.1602	1416	55.72	22.38	SRR23329748
SRR23329748.1603	1473	51.26	37.87	SRR23329748
SRR23329748.1604	1484	55.59	91.46	SRR23329748
SRR23329748.1605	1409	56.28	28.62	SRR23329748
SRR23329748.1606	1675	46.51	69.52	SRR23329748
SRR23329748.1607	1479	49.36	32.51	SRR23329748
SRR23329748.1608	1449	56.25	22.32	SRR23329748
SRR23329748.1609	1474	53.87	22.84	SRR23329748
SRR23329748.1610	1554	55.92	56.24	SRR23329748
SRR23329748.1611	1968	55.18	71.81	SRR23329748
SRR23329748.1612	1484	55.39	49.91	SRR23329748
SRR23329748.1613	1470	49.52	25.20	SRR23329748
SRR23329748.1614	1420	56.34	60.59	SRR23329748
SRR23329748.1615	1475	54.10	93.00	SRR23329748
SRR23329748.1616	1460	56.16	59.16	SRR23329748
SRR23329748.1617	1416	55.72	27.65	SRR23329748
SRR23329748.1619	1475	53.97	39.19	SRR23329748
SRR23329748.1620	1408	55.97	32.80	SRR23329748
SRR23329748.1621	1407	55.86	44.55	SRR23329748
SRR23329748.1622	1554	55.92	67.62	SRR23329748
SRR23329748.1623	1443	58.97	27.92	SRR23329748
SRR23329748.1624	1491	49.30	34.17	SRR23329748
SRR23329748.1625	1387	54.58	93.00	SRR23329748
SRR23329748.1626	1474	53.93	33.67	SRR23329748
SRR23329748.1627	1412	56.73	31.74	SRR23329748
SRR23329748.1628	1389	56.52	48.60	SRR23329748
SRR23329748.1629	1410	54.54	37.49	SRR23329748
SRR23329748.1630	1488	49.33	60.85	SRR23329748
SRR23329748.1631	1467	57.46	93.00	SRR23329748
SRR23329748.1632	1484	55.46	33.12	SRR23329748
SRR23329748.1633	1456	53.64	38.71	SRR23329748
SRR23329748.1634	1516	44.20	23.40	SRR23329748
SRR23329748.1635	1445	57.85	93.00	SRR23329748
SRR23329748.1636	1386	55.99	93.00	SRR23329748
SRR23329748.1637	1488	49.33	93.00	SRR23329748
SRR23329748.1638	1453	55.82	83.99	SRR23329748
SRR23329748.1639	1492	54.22	23.19	SRR23329748
SRR23329748.1640	1408	55.82	92.65	SRR23329748
SRR23329748.1641	1411	55.63	92.88	SRR23329748
SRR23329748.1642	1385	55.45	93.00	SRR23329748
SRR23329748.1643	1475	53.97	93.00	SRR23329748
SRR23329748.1644	1407	55.72	34.37	SRR23329748
SRR23329748.1645	1467	49.49	93.00	SRR23329748
SRR23329748.1646	1404	56.48	29.06	SRR23329748
SRR23329748.1647	1408	55.75	35.01	SRR23329748
SRR23329748.1648	1420	56.13	21.18	SRR23329748
SRR23329748.1650	1436	50.28	69.48	SRR23329748
SRR23329748.1651	1453	57.05	77.42	SRR23329748
SRR23329748.1652	1412	56.80	59.57	SRR23329748
SRR23329748.1653	1486	54.17	93.00	SRR23329748
SRR23329748.1654	1480	49.46	24.66	SRR23329748
SRR23329748.1655	1461	53.59	31.70	SRR23329748
SRR23329748.1656	1458	57.61	50.56	SRR23329748
SRR23329748.1657	1476	53.66	22.51	SRR23329748
SRR23329748.1658	1447	55.22	35.86	SRR23329748
SRR23329748.1659	1410	55.60	35.46	SRR23329748
SRR23329748.1660	1407	56.57	93.00	SRR23329748
SRR23329748.1661	1467	57.60	41.25	SRR23329748
SRR23329748.1662	1446	58.51	93.00	SRR23329748
SRR23329748.1663	1446	55.19	33.28	SRR23329748
SRR23329748.1664	1439	59.35	23.94	SRR23329748
SRR23329748.1665	1487	54.20	36.13	SRR23329748
SRR23329748.1666	1407	56.65	54.40	SRR23329748
SRR23329748.1667	1438	56.95	32.94	SRR23329748
SRR23329748.1668	1475	54.24	67.53	SRR23329748
SRR23329748.1670	1407	55.86	93.00	SRR23329748
SRR23329748.1671	1447	54.94	55.52	SRR23329748
SRR23329748.1672	1383	54.95	37.27	SRR23329748
SRR23329748.1673	1475	53.97	93.00	SRR23329748
SRR23329748.1674	1443	55.51	25.36	SRR23329748
SRR23329748.1675	1406	56.61	35.48	SRR23329748
SRR23329748.1676	1475	53.90	31.20	SRR23329748
SRR23329748.1677	1484	55.59	45.52	SRR23329748
SRR23329748.1678	1405	55.94	26.86	SRR23329748
SRR23329748.1679	1411	56.70	23.35	SRR23329748
SRR23329748.1680	1401	50.46	27.98	SRR23329748
SRR23329748.1681	1478	55.55	24.44	SRR23329748
SRR23329748.1682	1490	49.40	31.22	SRR23329748
SRR23329748.1683	1412	55.81	92.94	SRR23329748
SRR23329748.1684	1441	58.08	29.70	SRR23329748
SRR23329748.1685	1447	54.73	22.76	SRR23329748
SRR23329748.1686	1406	55.62	27.38	SRR23329748
SRR23329748.1687	1475	54.03	93.00	SRR23329748
SRR23329748.1688	1421	54.26	51.55	SRR23329748
SRR23329748.1689	1407	55.65	46.33	SRR23329748
SRR23329748.1690	1468	54.56	22.84	SRR23329748
SRR23329748.1691	1418	47.18	60.02	SRR23329748
SRR23329748.1692	1407	56.08	48.98	SRR23329748
SRR23329748.1693	1444	56.23	42.60	SRR23329748
SRR23329748.1694	1469	49.29	36.21	SRR23329748
SRR23329748.1695	1476	53.93	38.03	SRR23329748
SRR23329748.1696	1486	53.30	92.81	SRR23329748
SRR23329748.1697	1408	56.68	32.07	SRR23329748
SRR23329748.1698	1454	51.93	29.69	SRR23329748
SRR23329748.1699	1426	45.02	81.24	SRR23329748
SRR23329748.1700	1470	59.80	47.94	SRR23329748
SRR23329748.1701	1447	57.50	92.99	SRR23329748
SRR23329748.1702	1427	55.43	66.44	SRR23329748
SRR23329748.1703	1460	52.88	72.93	SRR23329748
SRR23329748.1704	1411	54.64	93.00	SRR23329748
SRR23329748.1705	1412	56.66	53.46	SRR23329748
SRR23329748.1706	1469	56.23	32.11	SRR23329748
SRR23329748.1707	1408	55.82	37.45	SRR23329748
SRR23329748.1708	1407	56.65	83.62	SRR23329748
SRR23329748.1710	1479	58.89	30.63	SRR23329748
SRR23329748.1712	1482	54.18	24.76	SRR23329748
SRR23329748.1713	1407	55.44	93.00	SRR23329748
SRR23329748.1714	1443	56.06	28.18	SRR23329748
SRR23329748.1715	1432	53.63	93.00	SRR23329748
SRR23329748.1716	1405	55.52	24.18	SRR23329748
SRR23329748.1717	1473	51.32	32.93	SRR23329748
SRR23329748.1718	1407	56.65	48.06	SRR23329748
SRR23329748.1719	1475	54.24	34.67	SRR23329748
SRR23329748.1720	1445	58.55	90.73	SRR23329748
SRR23329748.1721	1458	58.09	93.00	SRR23329748
SRR23329748.1722	1446	55.60	40.47	SRR23329748
SRR23329748.1723	1407	56.15	93.00	SRR23329748
SRR23329748.1725	1460	53.42	79.42	SRR23329748
SRR23329748.1726	1407	56.08	92.76	SRR23329748
SRR23329748.1728	1407	56.08	93.00	SRR23329748
SRR23329748.1729	1475	54.24	84.32	SRR23329748
SRR23329748.1730	1467	51.26	27.06	SRR23329748
SRR23329748.1731	1488	49.33	84.05	SRR23329748
SRR23329748.1732	1407	56.65	42.90	SRR23329748
SRR23329748.1733	1412	54.60	67.02	SRR23329748
SRR23329748.1734	1415	56.82	33.65	SRR23329748
SRR23329748.1735	1471	52.69	92.94	SRR23329748
SRR23329748.1736	1383	55.03	43.31	SRR23329748
SRR23329748.1737	1407	56.57	44.75	SRR23329748
SRR23329748.1739	1481	49.43	93.00	SRR23329748
SRR23329748.1740	1406	55.97	35.47	SRR23329748
SRR23329748.1741	1388	55.69	32.73	SRR23329748
SRR23329748.1742	1475	55.32	23.39	SRR23329748
SRR23329748.1743	1482	55.26	33.30	SRR23329748
SRR23329748.1744	1425	52.98	20.09	SRR23329748
SRR23329748.1745	1448	57.94	29.99	SRR23329748
SRR23329748.1746	1442	52.15	34.25	SRR23329748
SRR23329748.1747	1458	51.85	28.97	SRR23329748
SRR23329748.1748	1411	54.78	53.47	SRR23329748
SRR23329748.1749	1407	55.65	53.48	SRR23329748
SRR23329748.1751	1403	56.02	93.00	SRR23329748
SRR23329748.1752	1485	49.29	26.83	SRR23329748
SRR23329748.1753	1480	57.43	92.98	SRR23329748
SRR23329748.1754	1446	55.67	80.67	SRR23329748
SRR23329748.1755	1444	56.37	93.00	SRR23329748
SRR23329748.1756	1407	56.15	93.00	SRR23329748
SRR23329748.1757	1408	56.61	40.14	SRR23329748
SRR23329748.1758	1407	56.57	93.00	SRR23329748
SRR23329748.1759	1489	53.93	93.00	SRR23329748
SRR23329748.1760	1473	51.26	48.59	SRR23329748
SRR23329748.1761	1456	53.50	22.08	SRR23329748
SRR23329748.1762	1453	55.47	37.58	SRR23329748
SRR23329748.1763	1419	55.60	73.44	SRR23329748
SRR23329748.1764	1407	56.65	93.00	SRR23329748
SRR23329748.1765	1449	51.55	26.65	SRR23329748
SRR23329748.1766	1472	53.87	28.96	SRR23329748
SRR23329748.1767	1454	57.02	31.25	SRR23329748
SRR23329748.1768	1488	49.40	92.71	SRR23329748
SRR23329748.1770	1467	57.46	26.26	SRR23329748
SRR23329748.1771	1402	55.49	31.70	SRR23329748
SRR23329748.1772	1475	53.97	60.50	SRR23329748
SRR23329748.1773	1440	58.82	24.40	SRR23329748
SRR23329748.1774	1471	52.41	83.71	SRR23329748
SRR23329748.1775	1444	58.10	92.98	SRR23329748
SRR23329748.1776	1412	55.81	93.00	SRR23329748
SRR23329748.1777	1446	57.68	29.74	SRR23329748
SRR23329748.1778	1437	58.52	93.00	SRR23329748
SRR23329748.1779	1412	56.80	93.00	SRR23329748
SRR23329748.1780	1394	55.74	21.07	SRR23329748
SRR23329748.1781	1491	49.43	28.62	SRR23329748
SRR23329748.1782	1458	57.41	92.44	SRR23329748
SRR23329748.1783	1410	54.75	34.72	SRR23329748
SRR23329748.1784	1407	56.65	87.17	SRR23329748
SRR23329748.1785	1406	56.54	34.39	SRR23329748
SRR23329748.1787	1488	49.40	93.00	SRR23329748
SRR23329748.1788	1473	51.26	34.68	SRR23329748
SRR23329748.1789	1407	56.65	93.00	SRR23329748
SRR23329748.1791	1413	56.83	24.41	SRR23329748
SRR23329748.1792	1490	49.33	27.41	SRR23329748
SRR23329748.1793	1446	55.60	93.00	SRR23329748
SRR23329748.1794	1414	53.04	58.69	SRR23329748
SRR23329748.1795	1460	53.42	40.53	SRR23329748
SRR23329748.1796	1467	57.46	73.51	SRR23329748
SRR23329748.1798	1446	55.60	33.84	SRR23329748
SRR23329748.1799	1438	59.74	42.34	SRR23329748
SRR23329748.1800	1445	56.40	93.00	SRR23329748
SRR23329748.1801	1407	56.65	85.26	SRR23329748
SRR23329748.1802	1427	56.76	28.95	SRR23329748
SRR23329748.1804	1484	57.14	34.53	SRR23329748
SRR23329748.1805	1420	52.04	55.29	SRR23329748
SRR23329748.1806	1480	49.26	21.89	SRR23329748
SRR23329748.1807	1467	49.49	93.00	SRR23329748
SRR23329748.1808	1447	57.98	43.48	SRR23329748
SRR23329748.1809	1478	48.31	66.04	SRR23329748
SRR23329748.1810	1474	53.93	28.04	SRR23329748
SRR23329748.1811	1473	54.04	40.73	SRR23329748
SRR23329748.1812	1407	56.65	92.12	SRR23329748
SRR23329748.1813	1406	55.69	31.57	SRR23329748
SRR23329748.1814	1443	58.77	88.54	SRR23329748
SRR23329748.1815	1486	54.10	93.00	SRR23329748
SRR23329748.1816	1439	58.37	31.97	SRR23329748
SRR23329748.1817	1467	49.42	92.43	SRR23329748
SRR23329748.1818	1475	54.24	75.48	SRR23329748
SRR23329748.1819	1383	54.88	92.92	SRR23329748
SRR23329748.1821	1407	56.15	20.37	SRR23329748
SRR23329748.1822	1453	55.95	35.84	SRR23329748
SRR23329748.1823	1449	51.48	24.67	SRR23329748
SRR23329748.1824	1477	53.89	28.79	SRR23329748
SRR23329748.1825	1408	55.75	92.96	SRR23329748
SRR23329748.1826	1411	54.43	81.20	SRR23329748
SRR23329748.1827	1460	53.63	66.43	SRR23329748
SRR23329748.1828	1408	56.61	38.47	SRR23329748
SRR23329748.1829	1473	51.26	93.00	SRR23329748
SRR23329748.1830	1446	55.60	93.00	SRR23329748
SRR23329748.1831	1389	56.66	93.00	SRR23329748
SRR23329748.1832	1405	54.38	25.10	SRR23329748
SRR23329748.1833	1407	56.43	93.00	SRR23329748
SRR23329748.1834	1423	50.04	93.00	SRR23329748
SRR23329748.1836	1389	56.59	75.33	SRR23329748
SRR23329748.1837	1388	56.56	29.45	SRR23329748
SRR23329748.1838	1459	52.98	51.31	SRR23329748
SRR23329748.1839	1409	54.72	83.19	SRR23329748
SRR23329748.1840	1444	59.07	68.58	SRR23329748
SRR23329748.1841	1483	54.35	28.01	SRR23329748
SRR23329748.1842	1445	58.48	28.08	SRR23329748
SRR23329748.1843	1409	54.72	93.00	SRR23329748
SRR23329748.1844	1481	49.49	42.11	SRR23329748
SRR23329748.1845	1411	54.50	56.19	SRR23329748
SRR23329748.1846	1406	56.54	92.85	SRR23329748
SRR23329748.1847	1380	56.30	21.85	SRR23329748
SRR23329748.1848	1489	49.36	42.06	SRR23329748
SRR23329748.1849	1412	56.87	77.22	SRR23329748
SRR23329748.1850	1463	57.55	28.26	SRR23329748
SRR23329748.1851	1407	54.87	39.43	SRR23329748
SRR23329748.1852	1475	54.24	54.67	SRR23329748
SRR23329748.1853	1411	54.71	71.92	SRR23329748
SRR23329748.1854	1424	52.60	45.43	SRR23329748
SRR23329748.1855	1454	51.79	47.74	SRR23329748
SRR23329748.1856	1385	55.67	93.00	SRR23329748
SRR23329748.1857	1480	53.92	20.02	SRR23329748
SRR23329748.1858	1459	53.32	24.54	SRR23329748
SRR23329748.1859	1439	56.98	35.23	SRR23329748
SRR23329748.1860	1487	49.29	62.94	SRR23329748
SRR23329748.1861	1478	52.03	52.08	SRR23329748
SRR23329748.1863	1459	53.39	93.00	SRR23329748
SRR23329748.1864	1447	55.22	58.60	SRR23329748
SRR23329748.1865	1437	58.52	81.10	SRR23329748
SRR23329748.1866	1472	51.15	30.35	SRR23329748
SRR23329748.1867	1412	56.80	28.80	SRR23329748
SRR23329748.1868	1408	55.75	88.55	SRR23329748
SRR23329748.1869	1407	54.87	56.48	SRR23329748
SRR23329748.1870	1406	55.33	93.00	SRR23329748
SRR23329748.1871	1407	55.58	90.98	SRR23329748
SRR23329748.1872	1446	50.14	35.50	SRR23329748
SRR23329748.1873	1411	55.85	28.55	SRR23329748
SRR23329748.1874	1414	56.58	24.41	SRR23329748
SRR23329748.1875	1442	50.55	93.00	SRR23329748
SRR23329748.1876	1467	57.19	22.17	SRR23329748
SRR23329748.1877	1407	55.93	92.63	SRR23329748
SRR23329748.1878	1484	55.93	49.88	SRR23329748
SRR23329748.1879	1458	57.75	37.91	SRR23329748
SRR23329748.1880	1445	50.10	92.55	SRR23329748
SRR23329748.1881	1453	55.75	70.91	SRR23329748
SRR23329748.1882	1164	46.48	76.35	SRR23329748
SRR23329748.1883	1437	56.92	87.72	SRR23329748
SRR23329748.1884	1488	49.26	93.00	SRR23329748
SRR23329748.1885	1475	53.97	32.91	SRR23329748
SRR23329748.1886	1424	55.69	92.99	SRR23329748
SRR23329748.1887	1413	55.56	71.64	SRR23329748
SRR23329748.1888	1446	55.60	92.71	SRR23329748
SRR23329748.1889	1414	53.04	58.92	SRR23329748
SRR23329748.1891	1383	55.97	23.67	SRR23329748
SRR23329748.1892	1389	56.44	93.00	SRR23329748
SRR23329748.1893	1475	54.24	84.94	SRR23329748
SRR23329748.1895	1425	45.05	35.54	SRR23329748
SRR23329748.1896	1411	54.78	93.00	SRR23329748
SRR23329748.1897	1442	50.49	87.24	SRR23329748
SRR23329748.1898	1406	55.19	73.35	SRR23329748
SRR23329748.1900	1485	52.12	28.39	SRR23329748
SRR23329748.1901	1484	55.53	93.00	SRR23329748
SRR23329748.1902	1443	56.20	35.54	SRR23329748
SRR23329748.1903	1423	50.25	93.00	SRR23329748
SRR23329748.1904	1467	49.42	92.86	SRR23329748
SRR23329748.1905	1454	51.79	86.39	SRR23329748
SRR23329748.1907	1449	53.14	31.17	SRR23329748
SRR23329748.1908	1406	56.61	45.50	SRR23329748
SRR23329748.1909	1409	39.18	75.92	SRR23329748
SRR23329748.1910	1445	57.92	54.79	SRR23329748
SRR23329748.1911	1475	53.97	92.64	SRR23329748
SRR23329748.1912	1407	55.65	92.43	SRR23329748
SRR23329748.1913	1474	54.14	33.61	SRR23329748
SRR23329748.1914	1407	56.01	68.47	SRR23329748
SRR23329748.1915	1453	55.75	78.25	SRR23329748
SRR23329748.1916	1445	57.16	30.91	SRR23329748
SRR23329748.1917	1436	50.49	21.65	SRR23329748
SRR23329748.1918	1459	52.84	28.83	SRR23329748
SRR23329748.1920	1407	55.93	75.36	SRR23329748
SRR23329748.1921	1447	54.80	29.39	SRR23329748
SRR23329748.1922	1447	55.98	36.08	SRR23329748
SRR23329748.1923	1406	55.97	29.41	SRR23329748
SRR23329748.1924	1489	53.86	24.05	SRR23329748
SRR23329748.1925	1475	54.24	93.00	SRR23329748
SRR23329748.1926	1481	49.43	93.00	SRR23329748
SRR23329748.1927	1434	55.51	91.09	SRR23329748
SRR23329748.1928	1407	55.65	29.42	SRR23329748
SRR23329748.1929	1407	55.58	71.38	SRR23329748
SRR23329748.1930	1444	58.10	93.00	SRR23329748
SRR23329748.1931	1489	49.36	31.60	SRR23329748
SRR23329748.1932	1475	54.03	53.93	SRR23329748
SRR23329748.1933	1412	56.80	93.00	SRR23329748
SRR23329748.1934	1446	55.60	44.34	SRR23329748
SRR23329748.1935	1442	59.85	32.99	SRR23329748
SRR23329748.1936	1449	56.38	77.69	SRR23329748
SRR23329748.1937	1447	57.50	45.40	SRR23329748
SRR23329748.1938	1445	60.42	84.16	SRR23329748
SRR23329748.1939	1418	57.40	92.39	SRR23329748
SRR23329748.1940	1407	56.08	91.73	SRR23329748
SRR23329748.1941	1475	53.97	92.93	SRR23329748
SRR23329748.1942	1460	55.82	93.00	SRR23329748
SRR23329748.1943	1437	58.52	92.87	SRR23329748
SRR23329748.1944	1443	53.08	23.65	SRR23329748
SRR23329748.1945	1454	51.79	60.71	SRR23329748
SRR23329748.1946	1421	54.26	48.03	SRR23329748
SRR23329748.1947	1386	55.48	31.36	SRR23329748
SRR23329748.1948	1409	56.14	34.64	SRR23329748
SRR23329748.1949	1989	43.94	93.00	SRR23329748
SRR23329748.1950	1459	52.84	93.00	SRR23329748
SRR23329748.1951	1454	51.72	55.54	SRR23329748
SRR23329748.1952	1476	54.13	39.07	SRR23329748
SRR23329748.1953	1420	56.41	35.95	SRR23329748
SRR23329748.1954	1412	55.81	93.00	SRR23329748
SRR23329748.1955	1488	49.33	44.32	SRR23329748
SRR23329748.1956	1513	42.96	45.78	SRR23329748
SRR23329748.1957	1407	39.30	37.00	SRR23329748
SRR23329748.1958	1445	56.33	30.61	SRR23329748
SRR23329748.1959	1488	49.33	93.00	SRR23329748
SRR23329748.1960	1411	54.57	92.99	SRR23329748
SRR23329748.1961	1488	49.33	93.00	SRR23329748
SRR23329748.1962	1442	54.16	72.35	SRR23329748
SRR23329748.1963	1481	49.49	73.65	SRR23329748
SRR23329748.1965	1459	57.57	20.92	SRR23329748
SRR23329748.1966	1439	56.50	93.00	SRR23329748
SRR23329748.1968	1478	48.31	48.69	SRR23329748
SRR23329748.1969	1473	51.26	50.53	SRR23329748
SRR23329748.1970	1488	49.33	35.48	SRR23329748
SRR23329748.1971	1408	55.82	93.00	SRR23329748
SRR23329748.1972	1453	51.75	35.92	SRR23329748
SRR23329748.1973	1444	58.80	93.00	SRR23329748
SRR23329748.1975	1411	55.63	93.00	SRR23329748
SRR23329748.1976	1446	55.60	93.00	SRR23329748
SRR23329748.1977	1430	50.77	20.07	SRR23329748
SRR23329748.1978	1473	51.26	77.44	SRR23329748
SRR23329748.1979	1488	49.26	93.00	SRR23329748
SRR23329748.1980	1458	58.16	93.00	SRR23329748
SRR23329748.1981	1440	57.99	92.55	SRR23329748
SRR23329748.1982	1475	54.24	57.13	SRR23329748
SRR23329748.1983	1476	48.44	22.70	SRR23329748
SRR23329748.1984	1475	53.97	92.95	SRR23329748
SRR23329748.1985	1407	55.65	93.00	SRR23329748
SRR23329748.1986	1412	56.80	82.84	SRR23329748
SRR23329748.1987	1475	54.24	42.33	SRR23329748
SRR23329748.1988	1407	55.93	92.78	SRR23329748
SRR23329748.1989	1436	52.99	20.44	SRR23329748
SRR23329748.1990	1407	56.01	40.70	SRR23329748
SRR23329748.1992	1475	53.97	93.00	SRR23329748
SRR23329748.1993	1441	59.82	25.53	SRR23329748
SRR23329748.1994	1465	55.09	27.86	SRR23329748
SRR23329748.1995	1407	55.72	91.39	SRR23329748
SRR23329748.1996	1407	56.36	53.32	SRR23329748
SRR23329748.1997	1407	55.72	93.00	SRR23329748
SRR23329748.1998	1488	49.26	93.00	SRR23329748
SRR23329748.1999	1407	55.93	93.00	SRR23329748
SRR23329748.2000	1453	55.75	91.29	SRR23329748
SRR23329748.2001	1425	56.14	92.99	SRR23329748
SRR23329748.2002	1467	57.12	93.00	SRR23329748
SRR23329748.2003	1425	55.58	58.51	SRR23329748
SRR23329748.2004	1473	51.32	93.00	SRR23329748
SRR23329748.2005	1966	55.24	27.57	SRR23329748
SRR23329748.2006	1460	53.56	93.00	SRR23329748
SRR23329748.2007	1407	55.86	93.00	SRR23329748
SRR23329748.2009	1408	55.75	87.13	SRR23329748
SRR23329748.2010	1474	54.07	93.00	SRR23329748
SRR23329748.2011	1526	53.34	49.52	SRR23329748
SRR23329748.2012	1474	53.93	74.27	SRR23329748
SRR23329748.2013	1477	48.27	57.99	SRR23329748
SRR23329748.2014	1484	54.31	48.30	SRR23329748
SRR23329748.2015	1419	55.67	93.00	SRR23329748
SRR23329748.2016	1481	52.94	21.35	SRR23329748
SRR23329748.2018	1491	53.99	27.34	SRR23329748
SRR23329748.2019	1407	55.86	40.40	SRR23329748
SRR23329748.2020	1481	49.43	84.96	SRR23329748
SRR23329748.2021	1458	53.70	77.89	SRR23329748
SRR23329748.2022	1461	53.25	93.00	SRR23329748
SRR23329748.2024	1423	53.13	41.90	SRR23329748
SRR23329748.2025	1475	53.90	57.76	SRR23329748
SRR23329748.2026	1446	55.53	92.56	SRR23329748
SRR23329748.2027	1478	52.03	42.95	SRR23329748
SRR23329748.2028	1407	55.58	92.43	SRR23329748
SRR23329748.2029	1447	52.52	39.43	SRR23329748
SRR23329748.2030	1428	50.14	30.96	SRR23329748
SRR23329748.2031	1467	57.40	40.98	SRR23329748
SRR23329748.2032	1408	56.61	37.46	SRR23329748
SRR23329748.2033	1407	55.93	53.00	SRR23329748
SRR23329748.2034	1407	56.57	62.95	SRR23329748
SRR23329748.2035	1481	49.56	93.00	SRR23329748
SRR23329748.2036	1467	49.49	69.47	SRR23329748
SRR23329748.2038	1407	56.65	93.00	SRR23329748
SRR23329748.2039	1403	57.09	33.77	SRR23329748
SRR23329748.2040	1412	55.81	93.00	SRR23329748
SRR23329748.2042	1473	58.45	20.28	SRR23329748
SRR23329748.2043	1438	56.47	93.00	SRR23329748
SRR23329748.2044	1473	51.26	93.00	SRR23329748
SRR23329748.2045	1438	58.55	28.44	SRR23329748
SRR23329748.2046	1407	56.57	93.00	SRR23329748
SRR23329748.2048	1407	56.65	73.03	SRR23329748
SRR23329748.2050	1459	53.53	42.54	SRR23329748
SRR23329748.2051	1450	57.52	25.46	SRR23329748
SRR23329748.2052	1473	51.26	93.00	SRR23329748
SRR23329748.2053	1488	49.33	70.33	SRR23329748
SRR23329748.2054	1458	57.27	59.49	SRR23329748
SRR23329748.2055	1412	54.53	27.33	SRR23329748
SRR23329748.2056	1488	49.26	88.35	SRR23329748
SRR23329748.2057	1474	54.21	54.89	SRR23329748
SRR23329748.2058	1487	51.71	33.44	SRR23329748
SRR23329748.2059	1437	58.46	93.00	SRR23329748
SRR23329748.2060	1452	57.02	33.05	SRR23329748
SRR23329748.2062	1474	53.93	33.55	SRR23329748
SRR23329748.2063	1487	52.05	35.58	SRR23329748
SRR23329748.2064	1488	49.33	35.17	SRR23329748
SRR23329748.2065	1407	55.65	74.40	SRR23329748
SRR23329748.2066	1453	54.44	33.97	SRR23329748
SRR23329748.2067	1407	56.15	93.00	SRR23329748
SRR23329748.2068	1407	56.57	93.00	SRR23329748
SRR23329748.2069	1485	55.82	93.00	SRR23329748
SRR23329748.2070	1482	54.66	92.97	SRR23329748
SRR23329748.2071	1422	56.75	49.93	SRR23329748
SRR23329748.2072	1407	56.57	25.26	SRR23329748
SRR23329748.2073	1464	49.39	23.21	SRR23329748
SRR23329748.2074	1417	56.81	23.18	SRR23329748
SRR23329748.2077	1407	56.01	91.31	SRR23329748
SRR23329748.2078	1488	49.33	33.74	SRR23329748
SRR23329748.2079	1448	56.15	28.12	SRR23329748
SRR23329748.2080	1451	59.34	32.37	SRR23329748
SRR23329748.2081	1411	55.78	19.92	SRR23329748
SRR23329748.2082	1447	55.70	24.63	SRR23329748
SRR23329748.2083	1418	47.18	93.00	SRR23329748
SRR23329748.2084	1475	53.97	59.69	SRR23329748
SRR23329748.2086	1449	57.69	68.41	SRR23329748
SRR23329748.2087	1408	55.82	93.00	SRR23329748
SRR23329748.2088	1413	55.48	23.70	SRR23329748
SRR23329748.2089	1406	55.69	28.95	SRR23329748
SRR23329748.2090	1407	55.86	93.00	SRR23329748
SRR23329748.2091	1451	54.79	28.05	SRR23329748
SRR23329748.2093	1443	55.02	92.06	SRR23329748
SRR23329748.2094	1472	51.29	29.16	SRR23329748
SRR23329748.2095	1407	56.65	92.76	SRR23329748
SRR23329748.2096	1236	46.44	93.00	SRR23329748
SRR23329748.2097	1449	57.69	41.60	SRR23329748
SRR23329748.2098	1467	49.42	93.00	SRR23329748
SRR23329748.2099	1432	45.11	24.38	SRR23329748
SRR23329748.2100	1432	53.63	93.00	SRR23329748
SRR23329748.2101	1481	49.43	92.90	SRR23329748
SRR23329748.2102	1410	55.67	21.74	SRR23329748
SRR23329748.2104	1473	51.26	91.71	SRR23329748
SRR23329748.2105	1483	53.74	20.06	SRR23329748
SRR23329748.2106	1452	50.55	91.95	SRR23329748
SRR23329748.2107	1438	58.76	35.31	SRR23329748
SRR23329748.2108	1446	56.85	81.30	SRR23329748
SRR23329748.2109	1456	58.93	93.00	SRR23329748
SRR23329748.2110	1411	54.00	60.17	SRR23329748
SRR23329748.2111	1407	55.93	54.69	SRR23329748
SRR23329748.2112	1405	55.87	24.86	SRR23329748
SRR23329748.2113	1408	55.97	27.64	SRR23329748
SRR23329748.2114	1459	52.84	93.00	SRR23329748
SRR23329748.2116	1481	49.43	46.70	SRR23329748
SRR23329748.2117	1486	54.17	35.76	SRR23329748
SRR23329748.2118	1406	56.54	34.71	SRR23329748
SRR23329748.2119	1488	49.33	47.73	SRR23329748
SRR23329748.2120	1407	56.08	93.00	SRR23329748
SRR23329748.2121	1475	53.83	44.27	SRR23329748
SRR23329748.2122	1444	56.86	70.62	SRR23329748
SRR23329748.2123	1490	52.21	19.97	SRR23329748
SRR23329748.2124	1411	55.85	22.11	SRR23329748
SRR23329748.2125	1411	54.64	93.00	SRR23329748
SRR23329748.2126	1454	51.79	93.00	SRR23329748
SRR23329748.2127	1467	49.35	93.00	SRR23329748
SRR23329748.2128	1446	55.60	93.00	SRR23329748
SRR23329748.2129	1475	54.24	34.68	SRR23329748
SRR23329748.2130	1484	55.39	77.60	SRR23329748
SRR23329748.2131	1445	53.15	29.54	SRR23329748
SRR23329748.2132	1456	56.94	25.72	SRR23329748
SRR23329748.2133	1412	56.80	77.19	SRR23329748
SRR23329748.2135	1495	54.05	25.15	SRR23329748
SRR23329748.2136	1494	51.20	39.74	SRR23329748
SRR23329748.2137	1412	44.26	22.78	SRR23329748
SRR23329748.2138	1448	58.84	25.77	SRR23329748
SRR23329748.2140	1463	53.59	27.49	SRR23329748
SRR23329748.2141	1445	58.55	55.93	SRR23329748
SRR23329748.2142	1407	56.43	92.29	SRR23329748
SRR23329748.2143	1475	54.24	48.46	SRR23329748
SRR23329748.2145	1421	56.79	93.00	SRR23329748
SRR23329748.2146	1469	49.35	37.45	SRR23329748
SRR23329748.2147	1483	55.36	36.37	SRR23329748
SRR23329748.2148	1456	58.86	71.60	SRR23329748
SRR23329748.2149	1409	54.72	64.31	SRR23329748
SRR23329748.2151	1449	56.45	92.55	SRR23329748
SRR23329748.2152	1446	55.60	58.77	SRR23329748
SRR23329748.2153	1409	54.36	23.14	SRR23329748
SRR23329748.2154	1475	54.17	92.88	SRR23329748
SRR23329748.2155	1409	39.32	70.39	SRR23329748
SRR23329748.2156	1476	54.00	31.51	SRR23329748
SRR23329748.2157	1484	53.98	31.59	SRR23329748
SRR23329748.2158	1478	48.31	92.99	SRR23329748
SRR23329748.2160	1437	56.85	46.66	SRR23329748
SRR23329748.2161	1411	56.84	36.13	SRR23329748
SRR23329748.2163	1444	56.37	87.23	SRR23329748
SRR23329748.2164	1415	56.82	34.89	SRR23329748
SRR23329748.2165	1484	55.46	90.33	SRR23329748
SRR23329748.2166	1446	56.29	92.82	SRR23329748
SRR23329748.2167	1419	55.67	34.30	SRR23329748
SRR23329748.2168	1408	56.68	32.91	SRR23329748
SRR23329748.2169	1407	55.58	70.44	SRR23329748
SRR23329748.2170	1479	58.89	59.70	SRR23329748
SRR23329748.2171	1467	55.49	26.72	SRR23329748
SRR23329748.2172	1387	55.01	23.02	SRR23329748
SRR23329748.2173	1436	49.37	93.00	SRR23329748
SRR23329748.2174	1475	53.90	92.91	SRR23329748
SRR23329748.2175	1451	50.38	79.22	SRR23329748
SRR23329748.2176	1407	56.65	93.00	SRR23329748
SRR23329748.2177	1485	54.28	23.80	SRR23329748
SRR23329748.2178	1457	56.01	50.46	SRR23329748
SRR23329748.2179	1407	56.65	42.31	SRR23329748
SRR23329748.2180	1474	54.27	71.58	SRR23329748
SRR23329748.2181	1446	55.60	59.60	SRR23329748
SRR23329748.2182	1413	55.06	21.50	SRR23329748
SRR23329748.2183	1413	56.83	21.80	SRR23329748
SRR23329748.2184	1475	54.17	40.64	SRR23329748
SRR23329748.2185	1475	53.97	88.27	SRR23329748
SRR23329748.2186	1412	55.81	90.99	SRR23329748
SRR23329748.2187	1467	49.35	31.10	SRR23329748
SRR23329748.2188	1447	56.46	43.60	SRR23329748
SRR23329748.2189	1445	55.85	79.40	SRR23329748
SRR23329748.2190	1488	49.26	93.00	SRR23329748
SRR23329748.2191	1437	55.11	26.09	SRR23329748
SRR23329748.2192	1467	57.40	42.78	SRR23329748
SRR23329748.2194	1407	56.65	84.36	SRR23329748
SRR23329748.2195	1412	56.73	92.95	SRR23329748
SRR23329748.2196	1388	55.62	92.81	SRR23329748
SRR23329748.2197	1474	53.80	30.92	SRR23329748
SRR23329748.2198	1475	53.97	29.84	SRR23329748
SRR23329748.2199	1447	55.84	53.07	SRR23329748
SRR23329748.2200	1488	49.33	93.00	SRR23329748
SRR23329748.2201	1449	57.69	92.54	SRR23329748
SRR23329748.2202	1412	55.59	93.00	SRR23329748
SRR23329748.2203	1413	54.64	64.04	SRR23329748
SRR23329748.2204	1489	49.29	22.97	SRR23329748
SRR23329748.2205	1417	56.10	20.62	SRR23329748
SRR23329748.2206	1449	55.62	27.77	SRR23329748
SRR23329748.2207	1483	49.43	93.00	SRR23329748
SRR23329748.2208	1447	57.57	78.71	SRR23329748
SRR23329748.2209	1412	56.80	41.59	SRR23329748
SRR23329748.2210	1413	56.83	31.99	SRR23329748
SRR23329748.2211	1488	49.33	92.99	SRR23329748
SRR23329748.2212	1437	56.78	38.57	SRR23329748
SRR23329748.2213	1481	49.43	93.00	SRR23329748
SRR23329748.2214	1523	49.57	20.86	SRR23329748
SRR23329748.2215	1412	55.81	55.04	SRR23329748
SRR23329748.2216	1470	52.65	93.00	SRR23329748
SRR23329748.2217	1412	56.80	33.99	SRR23329748
SRR23329748.2218	1411	54.50	63.53	SRR23329748
SRR23329748.2219	1477	54.23	20.50	SRR23329748
SRR23329748.2220	1408	55.97	35.18	SRR23329748
SRR23329748.2221	1412	56.80	50.50	SRR23329748
SRR23329748.2222	1407	56.15	92.43	SRR23329748
SRR23329748.2223	1481	49.36	93.00	SRR23329748
SRR23329748.2224	1473	51.26	93.00	SRR23329748
SRR23329748.2225	1429	50.24	30.23	SRR23329748
SRR23329748.2226	1467	49.49	66.51	SRR23329748
SRR23329748.2227	1475	49.42	27.10	SRR23329748
SRR23329748.2228	1412	56.87	93.00	SRR23329748
SRR23329748.2229	1488	49.33	93.00	SRR23329748
SRR23329748.2230	1407	55.65	93.00	SRR23329748
SRR23329748.2231	1411	55.63	73.25	SRR23329748
SRR23329748.2233	1407	56.57	33.69	SRR23329748
SRR23329748.2234	1473	56.28	93.00	SRR23329748
SRR23329748.2235	1438	58.76	50.43	SRR23329748
SRR23329748.2236	1449	56.25	93.00	SRR23329748
SRR23329748.2237	1412	56.80	93.00	SRR23329748
SRR23329748.2238	1475	54.17	38.95	SRR23329748
SRR23329748.2239	1415	56.82	26.99	SRR23329748
SRR23329748.2240	1431	57.65	38.54	SRR23329748
SRR23329748.2241	1501	49.57	23.80	SRR23329748
SRR23329748.2242	1444	58.93	79.71	SRR23329748
SRR23329748.2245	1411	54.64	54.20	SRR23329748
SRR23329748.2247	1413	56.76	31.93	SRR23329748
SRR23329748.2248	1449	55.35	93.00	SRR23329748
SRR23329748.2249	1460	53.56	93.00	SRR23329748
SRR23329748.2250	1513	42.96	92.98	SRR23329748
SRR23329748.2251	1407	56.57	92.08	SRR23329748
SRR23329748.2253	1487	49.23	75.78	SRR23329748
SRR23329748.2254	1447	57.50	54.56	SRR23329748
SRR23329748.2255	1406	55.90	31.17	SRR23329748
SRR23329748.2256	1488	49.33	92.65	SRR23329748
SRR23329748.2257	1447	55.84	65.47	SRR23329748
SRR23329748.2258	1464	55.05	21.76	SRR23329748
SRR23329748.2259	1413	50.53	93.00	SRR23329748
SRR23329748.2260	1414	55.45	21.50	SRR23329748
SRR23329748.2262	1446	57.88	93.00	SRR23329748
SRR23329748.2263	1411	56.56	23.50	SRR23329748
SRR23329748.2264	1484	55.93	38.46	SRR23329748
SRR23329748.2265	1393	56.57	21.45	SRR23329748
SRR23329748.2266	1405	55.87	22.19	SRR23329748
SRR23329748.2267	1477	54.16	30.08	SRR23329748
SRR23329748.2268	1444	58.86	45.21	SRR23329748
SRR23329748.2269	1489	49.36	40.71	SRR23329748
SRR23329748.2270	1401	44.04	46.84	SRR23329748
SRR23329748.2271	1439	50.94	80.26	SRR23329748
SRR23329748.2272	1467	49.42	93.00	SRR23329748
SRR23329748.2273	1387	54.58	76.11	SRR23329748
SRR23329748.2274	1484	55.05	92.32	SRR23329748
SRR23329748.2275	1449	56.25	93.00	SRR23329748
SRR23329748.2276	1460	52.81	30.32	SRR23329748
SRR23329748.2277	1472	55.57	41.37	SRR23329748
SRR23329748.2278	1467	49.28	93.00	SRR23329748
SRR23329748.2279	1488	49.33	93.00	SRR23329748
SRR23329748.2280	1443	57.31	27.39	SRR23329748
SRR23329748.2281	1423	50.25	92.99	SRR23329748
SRR23329748.2282	1444	56.86	93.00	SRR23329748
SRR23329748.2283	1437	59.50	20.11	SRR23329748
SRR23329748.2284	1408	55.75	92.85	SRR23329748
SRR23329748.2286	1446	55.60	92.97	SRR23329748
SRR23329748.2287	1467	49.49	93.00	SRR23329748
SRR23329748.2288	1488	49.26	47.31	SRR23329748
SRR23329748.2289	1403	57.02	38.45	SRR23329748
SRR23329748.2290	1385	55.67	91.91	SRR23329748
SRR23329748.2291	1446	57.61	77.85	SRR23329748
SRR23329748.2292	1407	56.65	43.39	SRR23329748
SRR23329748.2293	1442	56.17	32.30	SRR23329748
SRR23329748.2294	1408	55.68	51.04	SRR23329748
SRR23329748.2295	1452	59.30	33.07	SRR23329748
SRR23329748.2296	1444	60.32	48.41	SRR23329748
SRR23329748.2297	1444	58.80	79.56	SRR23329748
SRR23329748.2298	1444	58.80	38.59	SRR23329748
SRR23329748.2299	1411	54.43	63.07	SRR23329748
SRR23329748.2300	1407	55.58	70.67	SRR23329748
SRR23329748.2301	1403	56.02	36.41	SRR23329748
SRR23329748.2302	1405	56.09	32.78	SRR23329748
SRR23329748.2303	1413	57.75	88.47	SRR23329748
SRR23329748.2304	1449	57.69	88.91	SRR23329748
SRR23329748.2305	1414	47.81	46.17	SRR23329748
SRR23329748.2306	1436	49.37	93.00	SRR23329748
SRR23329748.2307	1489	53.93	92.85	SRR23329748
SRR23329748.2308	1474	54.07	39.63	SRR23329748
SRR23329748.2309	1412	56.80	93.00	SRR23329748
SRR23329748.2310	1383	55.03	85.72	SRR23329748
SRR23329748.2311	1462	52.94	56.43	SRR23329748
SRR23329748.2312	1418	56.63	22.26	SRR23329748
SRR23329748.2313	1480	54.19	26.96	SRR23329748
SRR23329748.2314	1407	55.86	67.47	SRR23329748
SRR23329748.2315	1466	49.45	33.87	SRR23329748
SRR23329748.2316	1445	53.15	34.20	SRR23329748
SRR23329748.2317	1445	57.85	93.00	SRR23329748
SRR23329748.2319	1407	56.36	59.15	SRR23329748
SRR23329748.2320	1407	55.86	22.69	SRR23329748
SRR23329748.2321	1470	52.59	36.92	SRR23329748
SRR23329748.2322	1488	49.33	88.64	SRR23329748
SRR23329748.2323	1488	49.33	93.00	SRR23329748
SRR23329748.2324	1423	50.25	93.00	SRR23329748
SRR23329748.2325	1411	55.85	53.37	SRR23329748
SRR23329748.2326	1407	55.65	93.00	SRR23329748
SRR23329748.2327	1383	54.88	85.80	SRR23329748
SRR23329748.2328	1411	54.71	92.93	SRR23329748
SRR23329748.2330	1412	56.80	37.54	SRR23329748
SRR23329748.2331	1481	49.49	60.59	SRR23329748
SRR23329748.2332	1408	55.75	92.81	SRR23329748
SRR23329748.2333	1407	56.65	26.92	SRR23329748
SRR23329748.2334	1417	52.86	29.35	SRR23329748
SRR23329748.2335	1467	57.19	93.00	SRR23329748
SRR23329748.2336	1473	54.04	92.48	SRR23329748
SRR23329748.2337	1413	50.53	48.48	SRR23329748
SRR23329748.2338	1488	49.33	93.00	SRR23329748
SRR23329748.2339	1457	53.26	22.38	SRR23329748
SRR23329748.2340	1411	55.49	31.81	SRR23329748
SRR23329748.2341	1407	55.65	45.48	SRR23329748
SRR23329748.2342	1450	59.31	37.41	SRR23329748
SRR23329748.2343	1449	56.18	59.07	SRR23329748
SRR23329748.2344	1407	55.65	80.36	SRR23329748
SRR23329748.2345	1452	51.72	25.17	SRR23329748
SRR23329748.2347	1406	55.90	31.84	SRR23329748
SRR23329748.2348	1408	55.75	92.88	SRR23329748
SRR23329748.2349	1489	53.93	56.40	SRR23329748
SRR23329748.2350	1449	57.63	58.66	SRR23329748
SRR23329748.2351	1471	55.06	39.52	SRR23329748
SRR23329748.2352	1412	54.75	30.18	SRR23329748
SRR23329748.2353	1407	56.65	89.05	SRR23329748
SRR23329748.2354	1411	54.50	43.53	SRR23329748
SRR23329748.2355	1458	53.64	43.63	SRR23329748
SRR23329748.2356	1463	55.98	22.75	SRR23329748
SRR23329748.2357	1407	55.65	34.08	SRR23329748
SRR23329748.2358	1453	51.82	28.96	SRR23329748
SRR23329748.2359	1411	56.34	91.92	SRR23329748
SRR23329748.2360	1407	55.65	44.28	SRR23329748
SRR23329748.2361	1407	56.08	45.48	SRR23329748
SRR23329748.2362	1406	56.54	21.83	SRR23329748
SRR23329748.2363	1413	55.56	39.32	SRR23329748
SRR23329748.2364	1426	45.09	35.93	SRR23329748
SRR23329748.2365	1443	56.41	32.27	SRR23329748
SRR23329748.2366	1473	51.26	85.63	SRR23329748
SRR23329748.2367	1467	49.69	93.00	SRR23329748
SRR23329748.2368	1407	56.15	84.21	SRR23329748
SRR23329748.2369	1442	50.55	93.00	SRR23329748
SRR23329748.2370	1404	56.55	28.22	SRR23329748
SRR23329748.2371	1418	56.70	28.59	SRR23329748
SRR23329748.2372	1478	48.31	36.58	SRR23329748
SRR23329748.2373	1475	54.03	93.00	SRR23329748
SRR23329748.2374	1497	49.23	25.43	SRR23329748
SRR23329748.2375	1452	54.82	89.13	SRR23329748
SRR23329748.2376	1473	51.19	39.68	SRR23329748
SRR23329748.2377	1475	53.97	39.83	SRR23329748
SRR23329748.2379	1389	56.59	45.86	SRR23329748
SRR23329748.2380	1456	57.01	25.54	SRR23329748
SRR23329748.2381	1447	57.50	82.94	SRR23329748
SRR23329748.2382	1454	51.79	42.92	SRR23329748
SRR23329748.2383	1407	56.57	84.80	SRR23329748
SRR23329748.2384	1414	53.04	45.24	SRR23329748
SRR23329748.2385	1437	58.52	93.00	SRR23329748
SRR23329748.2386	1473	51.39	55.40	SRR23329748
SRR23329748.2387	1442	50.55	90.28	SRR23329748
SRR23329748.2388	1407	56.65	58.98	SRR23329748
SRR23329748.2389	1517	55.04	22.48	SRR23329748
SRR23329748.2390	1481	49.43	88.67	SRR23329748
SRR23329748.2391	1407	56.65	62.41	SRR23329748
SRR23329748.2392	1407	56.65	77.17	SRR23329748
SRR23329748.2393	1474	54.07	91.90	SRR23329748
SRR23329748.2394	1411	56.34	22.12	SRR23329748
SRR23329748.2395	1485	51.65	93.00	SRR23329748
SRR23329748.2396	1466	49.45	37.85	SRR23329748
SRR23329748.2397	1407	56.72	39.48	SRR23329748
SRR23329748.2398	1475	55.53	91.13	SRR23329748
SRR23329748.2399	1407	55.86	68.46	SRR23329748
SRR23329748.2400	1412	55.52	85.96	SRR23329748
SRR23329748.2401	1411	54.85	93.00	SRR23329748
SRR23329748.2402	1459	57.57	93.00	SRR23329748
SRR23329748.2403	1423	55.73	24.74	SRR23329748
SRR23329748.2404	1404	55.34	20.58	SRR23329748
SRR23329748.2405	1427	55.85	23.16	SRR23329748
SRR23329748.2406	1411	54.43	82.93	SRR23329748
SRR23329748.2407	1445	60.35	38.77	SRR23329748
SRR23329748.2408	1413	55.56	92.71	SRR23329748
SRR23329748.2409	1407	56.72	65.10	SRR23329748
SRR23329748.2410	1411	54.78	63.82	SRR23329748
SRR23329748.2412	1490	49.33	63.17	SRR23329748
SRR23329748.2413	1475	54.10	86.38	SRR23329748
SRR23329748.2414	1405	56.51	34.90	SRR23329748
SRR23329748.2415	1426	56.73	61.76	SRR23329748
SRR23329748.2416	1388	55.62	91.77	SRR23329748
SRR23329748.2417	1410	56.52	31.66	SRR23329748
SRR23329748.2418	1428	56.30	20.38	SRR23329748
SRR23329748.2419	1467	57.33	91.56	SRR23329748
SRR23329748.2420	1425	55.72	34.84	SRR23329748
SRR23329748.2421	1488	49.40	22.13	SRR23329748
SRR23329748.2422	1407	55.15	93.00	SRR23329748
SRR23329748.2424	1408	55.75	93.00	SRR23329748
SRR23329748.2425	1469	50.71	30.28	SRR23329748
SRR23329748.2426	1442	50.55	92.96	SRR23329748
SRR23329748.2427	1447	55.49	58.59	SRR23329748
SRR23329748.2428	1460	53.42	35.42	SRR23329748
SRR23329748.2429	1426	44.95	75.41	SRR23329748
SRR23329748.2430	1407	55.93	92.63	SRR23329748
SRR23329748.2431	1438	58.48	39.02	SRR23329748
SRR23329748.2433	1451	51.69	24.99	SRR23329748
SRR23329748.2434	1489	53.86	93.00	SRR23329748
SRR23329748.2436	1415	55.62	24.95	SRR23329748
SRR23329748.2437	1465	55.02	25.32	SRR23329748
SRR23329748.2438	1389	56.59	36.08	SRR23329748
SRR23329748.2439	1423	50.18	60.48	SRR23329748
SRR23329748.2440	1474	54.41	77.56	SRR23329748
SRR23329748.2441	1437	58.52	44.81	SRR23329748
SRR23329748.2442	1526	53.28	42.20	SRR23329748
SRR23329748.2443	1484	49.26	26.75	SRR23329748
SRR23329748.2444	1407	56.08	51.47	SRR23329748
SRR23329748.2446	1460	53.49	91.54	SRR23329748
SRR23329748.2447	1467	49.35	84.98	SRR23329748
SRR23329748.2448	1386	55.92	93.00	SRR23329748
SRR23329748.2449	1412	56.73	93.00	SRR23329748
SRR23329748.2450	1484	54.11	54.55	SRR23329748
SRR23329748.2451	1389	54.43	36.04	SRR23329748
SRR23329748.2452	1472	54.28	31.86	SRR23329748
SRR23329748.2453	1489	53.93	58.81	SRR23329748
SRR23329748.2454	1447	55.98	92.91	SRR23329748
SRR23329748.2457	1447	55.63	84.84	SRR23329748
SRR23329748.2458	1407	55.86	82.10	SRR23329748
SRR23329748.2459	1406	56.33	33.27	SRR23329748
SRR23329748.2460	1446	55.53	93.00	SRR23329748
SRR23329748.2461	1407	55.65	93.00	SRR23329748
SRR23329748.2462	1407	55.65	93.00	SRR23329748
SRR23329748.2464	1444	56.37	93.00	SRR23329748
SRR23329748.2465	1411	55.63	93.00	SRR23329748
SRR23329748.2466	1478	53.72	26.18	SRR23329748
SRR23329748.2467	1442	57.70	92.62	SRR23329748
SRR23329748.2469	1406	56.54	93.00	SRR23329748
SRR23329748.2470	1412	55.52	22.29	SRR23329748
SRR23329748.2471	1447	58.74	93.00	SRR23329748
SRR23329748.2472	1408	55.75	93.00	SRR23329748
SRR23329748.2473	1411	54.71	85.61	SRR23329748
SRR23329748.2474	1407	55.08	41.25	SRR23329748
SRR23329748.2476	1408	55.75	63.48	SRR23329748
SRR23329748.2477	1404	55.98	26.89	SRR23329748
SRR23329748.2478	1411	55.92	89.66	SRR23329748
SRR23329748.2479	1408	56.68	33.04	SRR23329748
SRR23329748.2480	1475	54.24	60.52	SRR23329748
SRR23329748.2481	1408	55.75	93.00	SRR23329748
SRR23329748.2482	1408	55.75	93.00	SRR23329748
SRR23329748.2483	1411	55.78	34.67	SRR23329748
SRR23329748.2484	1407	56.65	33.81	SRR23329748
SRR23329748.2485	1473	51.32	91.33	SRR23329748
SRR23329748.2486	1407	56.65	92.93	SRR23329748
SRR23329748.2487	1407	56.65	93.00	SRR23329748
SRR23329748.2488	1412	56.80	73.38	SRR23329748
SRR23329748.2489	1488	49.33	93.00	SRR23329748
SRR23329748.2491	1409	55.86	34.33	SRR23329748
SRR23329748.2492	1407	56.65	64.66	SRR23329748
SRR23329748.2493	1444	56.23	93.00	SRR23329748
SRR23329748.2495	1449	57.69	48.11	SRR23329748
SRR23329748.2496	1470	49.59	20.94	SRR23329748
SRR23329748.2497	1439	56.98	93.00	SRR23329748
SRR23329748.2498	1407	55.65	66.35	SRR23329748
SRR23329748.2499	1412	56.80	40.63	SRR23329748
SRR23329748.2500	1411	56.77	34.50	SRR23329748
SRR23329748.2501	1484	55.46	55.75	SRR23329748
SRR23329748.2502	1408	56.61	27.01	SRR23329748
SRR23329748.2503	1553	55.96	48.07	SRR23329748
SRR23329748.2504	1484	55.32	93.00	SRR23329748
SRR23329748.2505	1437	56.92	70.44	SRR23329748
SRR23329748.2506	1403	56.02	92.99	SRR23329748
SRR23329748.2507	1407	56.01	90.88	SRR23329748
SRR23329748.2508	1407	55.08	89.78	SRR23329748
SRR23329748.2509	1474	53.93	62.67	SRR23329748
SRR23329748.2510	1407	56.65	25.27	SRR23329748
SRR23329748.2511	1484	49.26	24.10	SRR23329748
SRR23329748.2512	1407	56.15	93.00	SRR23329748
SRR23329748.2513	1484	55.32	92.96	SRR23329748
SRR23329748.2514	1454	51.86	92.89	SRR23329748
SRR23329748.2515	1454	51.79	78.70	SRR23329748
SRR23329748.2516	1405	56.37	32.87	SRR23329748
SRR23329748.2518	1483	55.36	35.03	SRR23329748
SRR23329748.2519	1436	49.44	80.33	SRR23329748
SRR23329748.2520	1447	55.22	59.11	SRR23329748
SRR23329748.2521	1408	56.68	28.72	SRR23329748
SRR23329748.2522	1453	57.05	93.00	SRR23329748
SRR23329748.2523	1460	56.16	89.49	SRR23329748
SRR23329748.2524	1412	55.74	93.00	SRR23329748
SRR23329748.2525	1389	56.44	93.00	SRR23329748
SRR23329748.2526	1460	55.00	93.00	SRR23329748
SRR23329748.2527	1445	58.27	93.00	SRR23329748
SRR23329748.2528	1475	53.97	28.31	SRR23329748
SRR23329748.2529	1436	53.48	93.00	SRR23329748
SRR23329748.2530	1474	54.21	88.02	SRR23329748
SRR23329748.2531	1445	58.34	82.93	SRR23329748
SRR23329748.2532	1424	56.32	49.53	SRR23329748
SRR23329748.2533	1410	51.77	35.49	SRR23329748
SRR23329748.2534	1481	49.49	51.11	SRR23329748
SRR23329748.2535	1449	56.52	78.87	SRR23329748
SRR23329748.2536	1488	49.33	48.60	SRR23329748
SRR23329748.2537	1474	54.14	40.47	SRR23329748
SRR23329748.2539	1413	55.56	93.00	SRR23329748
SRR23329748.2540	1467	49.42	93.00	SRR23329748
SRR23329748.2541	1488	53.90	93.00	SRR23329748
SRR23329748.2542	1427	57.46	86.76	SRR23329748
SRR23329748.2543	1406	55.19	88.44	SRR23329748
SRR23329748.2544	1406	55.62	26.19	SRR23329748
SRR23329748.2545	1407	55.58	93.00	SRR23329748
SRR23329748.2546	1475	54.24	40.50	SRR23329748
SRR23329748.2548	1407	56.65	86.53	SRR23329748
SRR23329748.2549	1420	55.99	22.44	SRR23329748
SRR23329748.2550	1412	56.80	93.00	SRR23329748
SRR23329748.2551	1972	55.27	20.63	SRR23329748
SRR23329748.2552	1471	52.48	92.98	SRR23329748
SRR23329748.2553	1481	58.95	24.40	SRR23329748
SRR23329748.2554	1407	55.93	93.00	SRR23329748
SRR23329748.2555	1407	56.65	92.98	SRR23329748
SRR23329748.2556	1445	57.85	72.04	SRR23329748
SRR23329748.2557	1460	55.00	93.00	SRR23329748
SRR23329748.2558	1389	55.15	93.00	SRR23329748
SRR23329748.2559	1436	49.44	91.70	SRR23329748
SRR23329748.2560	1507	49.44	21.61	SRR23329748
SRR23329748.2561	1473	54.18	59.37	SRR23329748
SRR23329748.2562	1436	49.44	93.00	SRR23329748
SRR23329748.2563	1437	56.92	49.78	SRR23329748
SRR23329748.2564	1445	60.35	51.37	SRR23329748
SRR23329748.2565	1407	55.93	41.47	SRR23329748
SRR23329748.2566	1456	58.10	30.98	SRR23329748
SRR23329748.2567	1401	56.10	22.78	SRR23329748
SRR23329748.2568	1472	53.80	27.09	SRR23329748
SRR23329748.2570	1474	51.36	27.70	SRR23329748
SRR23329748.2571	1170	46.50	25.23	SRR23329748
SRR23329748.2572	1475	54.17	83.63	SRR23329748
SRR23329748.2573	1472	54.08	23.04	SRR23329748
SRR23329748.2574	1467	49.49	46.82	SRR23329748
SRR23329748.2575	1444	56.86	36.51	SRR23329748
SRR23329748.2577	1483	53.07	22.84	SRR23329748
SRR23329748.2578	1475	53.97	37.04	SRR23329748
SRR23329748.2579	1407	55.93	57.91	SRR23329748
SRR23329748.2580	1473	51.39	82.30	SRR23329748
SRR23329748.2581	1407	55.72	71.73	SRR23329748
SRR23329748.2582	1407	55.93	58.46	SRR23329748
SRR23329748.2583	1401	50.39	82.99	SRR23329748
SRR23329748.2584	1475	53.97	84.09	SRR23329748
SRR23329748.2586	1437	57.83	29.48	SRR23329748
SRR23329748.2587	1474	54.00	41.65	SRR23329748
SRR23329748.2589	1475	54.17	93.00	SRR23329748
SRR23329748.2590	1439	55.73	20.34	SRR23329748
SRR23329748.2591	1467	49.49	34.89	SRR23329748
SRR23329748.2592	1412	55.81	93.00	SRR23329748
SRR23329748.2593	1475	54.17	52.68	SRR23329748
SRR23329748.2594	1409	56.21	28.07	SRR23329748
SRR23329748.2595	1407	55.65	93.00	SRR23329748
SRR23329748.2596	1422	59.35	34.52	SRR23329748
SRR23329748.2597	1407	56.65	93.00	SRR23329748
SRR23329748.2598	1407	56.08	52.88	SRR23329748
SRR23329748.2599	1445	57.58	26.73	SRR23329748
SRR23329748.2601	1454	57.29	46.34	SRR23329748
SRR23329748.2602	1428	56.16	24.92	SRR23329748
SRR23329748.2603	1452	56.13	35.39	SRR23329748
SRR23329748.2604	1464	56.22	26.07	SRR23329748
SRR23329748.2605	1410	56.45	22.86	SRR23329748
SRR23329748.2606	1475	54.24	74.47	SRR23329748
SRR23329748.2608	1407	55.65	93.00	SRR23329748
SRR23329748.2609	1458	56.10	26.59	SRR23329748
SRR23329748.2610	1408	48.37	24.22	SRR23329748
SRR23329748.2611	1468	57.43	26.01	SRR23329748
SRR23329748.2612	1467	56.31	23.57	SRR23329748
SRR23329748.2613	1442	50.55	93.00	SRR23329748
SRR23329748.2614	1483	54.15	36.26	SRR23329748
SRR23329748.2615	1475	54.24	62.71	SRR23329748
SRR23329748.2616	1407	56.29	83.91	SRR23329748
SRR23329748.2617	1412	56.73	93.00	SRR23329748
SRR23329748.2618	1414	53.04	49.47	SRR23329748
SRR23329748.2619	1422	49.93	25.53	SRR23329748
SRR23329748.2620	1407	56.29	28.58	SRR23329748
SRR23329748.2621	1481	49.43	93.00	SRR23329748
SRR23329748.2622	1475	53.97	46.26	SRR23329748
SRR23329748.2623	1407	56.65	89.84	SRR23329748
SRR23329748.2624	1488	49.40	34.29	SRR23329748
SRR23329748.2625	1471	51.26	31.49	SRR23329748
SRR23329748.2626	1447	55.56	93.00	SRR23329748
SRR23329748.2627	1471	53.84	30.62	SRR23329748
SRR23329748.2628	1447	57.50	93.00	SRR23329748
SRR23329748.2629	1471	53.98	21.88	SRR23329748
SRR23329748.2630	1484	55.46	42.49	SRR23329748
SRR23329748.2631	1488	49.33	81.40	SRR23329748
SRR23329748.2632	1467	49.49	48.58	SRR23329748
SRR23329748.2633	1403	57.31	23.01	SRR23329748
SRR23329748.2635	1481	49.56	60.57	SRR23329748
SRR23329748.2636	1439	65.32	81.69	SRR23329748
SRR23329748.2637	1389	54.57	33.04	SRR23329748
SRR23329748.2638	1488	49.33	47.80	SRR23329748
SRR23329748.2639	1475	53.83	32.74	SRR23329748
SRR23329748.2640	1404	55.06	30.15	SRR23329748
SRR23329748.2641	1474	53.93	39.68	SRR23329748
SRR23329748.2643	1412	56.80	87.18	SRR23329748
SRR23329748.2644	1408	55.75	54.72	SRR23329748
SRR23329748.2645	1467	49.35	83.19	SRR23329748
SRR23329748.2646	1404	55.48	25.18	SRR23329748
SRR23329748.2647	1453	51.89	49.91	SRR23329748
SRR23329748.2648	1488	49.33	93.00	SRR23329748
SRR23329748.2649	1489	49.29	35.63	SRR23329748
SRR23329748.2650	1475	53.90	44.50	SRR23329748
SRR23329748.2652	1462	56.16	31.16	SRR23329748
SRR23329748.2653	1472	54.08	29.68	SRR23329748
SRR23329748.2654	1405	48.40	92.54	SRR23329748
SRR23329748.2655	1968	55.34	29.09	SRR23329748
SRR23329748.2656	1386	55.56	33.52	SRR23329748
SRR23329748.2657	1437	58.52	93.00	SRR23329748
SRR23329748.2658	1421	53.06	86.11	SRR23329748
SRR23329748.2660	1447	54.87	92.97	SRR23329748
SRR23329748.2662	1385	55.45	38.00	SRR23329748
SRR23329748.2663	1454	51.79	92.98	SRR23329748
SRR23329748.2664	1459	52.91	33.77	SRR23329748
SRR23329748.2665	1488	49.33	55.04	SRR23329748
SRR23329748.2667	1460	56.16	54.42	SRR23329748
SRR23329748.2668	1409	55.29	24.84	SRR23329748
SRR23329748.2669	1445	58.55	92.47	SRR23329748
SRR23329748.2670	1407	56.01	44.00	SRR23329748
SRR23329748.2671	1467	49.35	93.00	SRR23329748
SRR23329748.2672	1445	57.85	92.94	SRR23329748
SRR23329748.2673	1406	55.62	48.39	SRR23329748
SRR23329748.2674	1481	49.70	22.45	SRR23329748
SRR23329748.2675	1488	49.26	83.67	SRR23329748
SRR23329748.2676	1448	56.15	31.24	SRR23329748
SRR23329748.2677	1484	55.59	83.85	SRR23329748
SRR23329748.2678	1475	54.17	92.45	SRR23329748
SRR23329748.2679	1421	56.79	70.13	SRR23329748
SRR23329748.2681	1486	54.04	63.43	SRR23329748
SRR23329748.2682	1475	54.10	91.72	SRR23329748
SRR23329748.2684	1433	49.34	27.15	SRR23329748
SRR23329748.2685	1407	55.22	23.16	SRR23329748
SRR23329748.2686	1421	58.83	92.98	SRR23329748
SRR23329748.2687	1473	51.26	93.00	SRR23329748
SRR23329748.2688	1447	54.87	33.21	SRR23329748
SRR23329748.2689	1407	56.36	54.60	SRR23329748
SRR23329748.2690	1471	52.35	76.22	SRR23329748
SRR23329748.2691	1439	50.87	93.00	SRR23329748
SRR23329748.2692	1409	55.78	28.11	SRR23329748
SRR23329748.2693	1407	56.65	93.00	SRR23329748
SRR23329748.2695	1407	55.65	63.28	SRR23329748
SRR23329748.2696	1475	53.97	76.58	SRR23329748
SRR23329748.2697	1407	54.80	93.00	SRR23329748
SRR23329748.2698	1469	49.42	21.96	SRR23329748
SRR23329748.2699	1468	54.16	21.78	SRR23329748
SRR23329748.2700	1447	55.77	50.60	SRR23329748
SRR23329748.2701	1385	55.67	93.00	SRR23329748
SRR23329748.2702	1488	49.26	83.75	SRR23329748
SRR23329748.2703	1453	54.09	93.00	SRR23329748
SRR23329748.2704	1407	55.65	29.90	SRR23329748
SRR23329748.2705	1414	56.79	29.18	SRR23329748
SRR23329748.2706	1407	55.93	93.00	SRR23329748
SRR23329748.2707	1407	56.65	88.11	SRR23329748
SRR23329748.2708	1413	55.56	91.68	SRR23329748
SRR23329748.2709	1407	55.72	93.00	SRR23329748
SRR23329748.2710	1460	53.56	93.00	SRR23329748
SRR23329748.2711	1385	56.46	93.00	SRR23329748
SRR23329748.2712	1444	58.86	88.62	SRR23329748
SRR23329748.2713	1447	61.23	93.00	SRR23329748
SRR23329748.2714	1406	55.69	25.79	SRR23329748
SRR23329748.2715	1488	49.33	93.00	SRR23329748
SRR23329748.2716	1459	51.61	20.94	SRR23329748
SRR23329748.2717	1407	56.65	93.00	SRR23329748
SRR23329748.2718	730	55.89	93.00	SRR23329748
SRR23329748.2719	1407	56.57	93.00	SRR23329748
SRR23329748.2720	1407	56.65	54.27	SRR23329748
SRR23329748.2721	1467	56.99	21.12	SRR23329748
SRR23329748.2722	1475	53.97	90.59	SRR23329748
SRR23329748.2723	1475	53.97	92.97	SRR23329748
SRR23329748.2724	1526	53.41	72.79	SRR23329748
SRR23329748.2725	1458	56.10	26.85	SRR23329748
SRR23329748.2726	1473	51.26	77.41	SRR23329748
SRR23329748.2727	1418	56.63	24.06	SRR23329748
SRR23329748.2728	1388	55.62	93.00	SRR23329748
SRR23329748.2729	1439	56.50	38.44	SRR23329748
SRR23329748.2730	1444	58.73	23.06	SRR23329748
SRR23329748.2731	1404	56.05	26.72	SRR23329748
SRR23329748.2732	1457	57.58	25.37	SRR23329748
SRR23329748.2733	1407	56.65	59.23	SRR23329748
SRR23329748.2734	1476	49.53	24.87	SRR23329748
SRR23329748.2735	1434	50.21	24.87	SRR23329748
SRR23329748.2736	1409	54.58	32.86	SRR23329748
SRR23329748.2737	1472	49.39	27.04	SRR23329748
SRR23329748.2738	1407	56.65	29.36	SRR23329748
SRR23329748.2739	1407	56.08	88.16	SRR23329748
SRR23329748.2740	1484	54.99	93.00	SRR23329748
SRR23329748.2741	1385	56.46	93.00	SRR23329748
SRR23329748.2742	1407	56.15	84.22	SRR23329748
SRR23329748.2743	1437	49.48	40.63	SRR23329748
SRR23329748.2744	1488	49.26	43.77	SRR23329748
SRR23329748.2745	1488	49.33	91.92	SRR23329748
SRR23329748.2746	1445	56.40	39.78	SRR23329748
SRR23329748.2747	1399	56.04	22.24	SRR23329748
SRR23329748.2748	1488	53.90	45.69	SRR23329748
SRR23329748.2749	1411	54.64	58.47	SRR23329748
SRR23329748.2750	1456	58.86	71.51	SRR23329748
SRR23329748.2751	1471	57.38	25.39	SRR23329748
SRR23329748.2752	1407	56.65	93.00	SRR23329748
SRR23329748.2753	1407	56.65	92.85	SRR23329748
SRR23329748.2754	1407	56.65	90.36	SRR23329748
SRR23329748.2755	1483	49.56	26.25	SRR23329748
SRR23329748.2756	1453	51.82	34.39	SRR23329748
SRR23329748.2757	1407	55.65	29.92	SRR23329748
SRR23329748.2758	1438	58.55	25.83	SRR23329748
SRR23329748.2759	1454	51.79	93.00	SRR23329748
SRR23329748.2760	1457	52.64	22.24	SRR23329748
SRR23329748.2761	1483	49.56	36.91	SRR23329748
SRR23329748.2762	1411	54.50	54.46	SRR23329748
SRR23329748.2763	1429	55.77	81.56	SRR23329748
SRR23329748.2765	1453	57.88	24.55	SRR23329748
SRR23329748.2766	1412	56.80	92.93	SRR23329748
SRR23329748.2767	1451	53.96	30.71	SRR23329748
SRR23329748.2768	1435	58.47	30.57	SRR23329748
SRR23329748.2769	1407	55.86	92.34	SRR23329748
SRR23329748.2770	1488	49.33	92.61	SRR23329748
SRR23329748.2771	1446	58.78	66.59	SRR23329748
SRR23329748.2772	1447	58.05	93.00	SRR23329748
SRR23329748.2773	1480	49.32	31.14	SRR23329748
SRR23329748.2774	1460	55.00	89.53	SRR23329748
SRR23329748.2775	1452	56.96	33.69	SRR23329748
SRR23329748.2776	1446	55.67	72.64	SRR23329748
SRR23329748.2777	1414	53.04	93.00	SRR23329748
SRR23329748.2778	1385	56.10	20.59	SRR23329748
SRR23329748.2780	1475	53.97	58.46	SRR23329748
SRR23329748.2781	1426	56.73	93.00	SRR23329748
SRR23329748.2782	1467	49.35	91.69	SRR23329748
SRR23329748.2783	1475	54.24	34.10	SRR23329748
SRR23329748.2784	1412	56.80	31.95	SRR23329748
SRR23329748.2785	1417	57.37	32.59	SRR23329748
SRR23329748.2786	1554	55.98	91.92	SRR23329748
SRR23329748.2787	1467	49.49	91.96	SRR23329748
SRR23329748.2788	1451	58.03	37.95	SRR23329748
SRR23329748.2789	1485	55.42	44.28	SRR23329748
SRR23329748.2791	1454	51.51	87.27	SRR23329748
SRR23329748.2792	1407	56.08	34.48	SRR23329748
SRR23329748.2793	1459	52.98	76.11	SRR23329748
SRR23329748.2794	1474	54.21	38.20	SRR23329748
SRR23329748.2795	1484	56.94	39.34	SRR23329748
SRR23329748.2796	1412	56.80	93.00	SRR23329748
SRR23329748.2797	1407	56.79	87.89	SRR23329748
SRR23329748.2799	1407	56.29	31.76	SRR23329748
SRR23329748.2800	1473	51.39	68.39	SRR23329748
SRR23329748.2801	1475	53.90	93.00	SRR23329748
SRR23329748.2802	1407	56.57	77.36	SRR23329748
SRR23329748.2803	1407	56.43	93.00	SRR23329748
SRR23329748.2804	1488	49.33	31.16	SRR23329748
SRR23329748.2806	1416	54.73	25.03	SRR23329748
SRR23329748.2807	1438	57.16	22.15	SRR23329748
SRR23329748.2808	1408	56.61	33.22	SRR23329748
SRR23329748.2809	1396	52.29	47.36	SRR23329748
SRR23329748.2810	1407	56.65	69.68	SRR23329748
SRR23329748.2811	1412	55.74	40.42	SRR23329748
SRR23329748.2812	1454	51.79	93.00	SRR23329748
SRR23329748.2813	1406	56.61	29.55	SRR23329748
SRR23329748.2814	1473	51.32	93.00	SRR23329748
SRR23329748.2815	1451	59.41	53.58	SRR23329748
SRR23329748.2816	1416	55.93	20.62	SRR23329748
SRR23329748.2817	1457	55.04	92.77	SRR23329748
SRR23329748.2818	1475	53.90	92.94	SRR23329748
SRR23329748.2819	1452	57.78	25.78	SRR23329748
SRR23329748.2820	1467	49.49	38.43	SRR23329748
SRR23329748.2821	1453	54.09	87.27	SRR23329748
SRR23329748.2822	1458	56.86	79.44	SRR23329748
SRR23329748.2823	1468	56.27	59.67	SRR23329748
SRR23329748.2824	1476	54.27	33.83	SRR23329748
SRR23329748.2825	1411	54.36	61.18	SRR23329748
SRR23329748.2826	1453	54.09	55.48	SRR23329748
SRR23329748.2827	1417	56.88	24.25	SRR23329748
SRR23329748.2828	1410	55.67	23.66	SRR23329748
SRR23329748.2829	1475	54.31	62.68	SRR23329748
SRR23329748.2830	1401	58.96	20.74	SRR23329748
SRR23329748.2831	1408	55.82	92.99	SRR23329748
SRR23329748.2832	1481	49.43	72.36	SRR23329748
SRR23329748.2833	1407	56.50	93.00	SRR23329748
SRR23329748.2834	1467	49.49	93.00	SRR23329748
SRR23329748.2835	1410	51.84	34.48	SRR23329748
SRR23329748.2836	1407	55.93	48.90	SRR23329748
SRR23329748.2837	1489	53.93	91.34	SRR23329748
SRR23329748.2838	1437	56.85	25.94	SRR23329748
SRR23329748.2839	1424	50.28	32.88	SRR23329748
SRR23329748.2840	1459	57.57	66.07	SRR23329748
SRR23329748.2841	1411	54.78	64.48	SRR23329748
SRR23329748.2842	1488	49.33	93.00	SRR23329748
SRR23329748.2843	1382	54.85	35.41	SRR23329748
SRR23329748.2844	1413	55.48	45.46	SRR23329748
SRR23329748.2845	1488	49.26	76.30	SRR23329748
SRR23329748.2846	1475	51.46	30.54	SRR23329748
SRR23329748.2847	1384	54.84	30.58	SRR23329748
SRR23329748.2848	1475	54.17	70.63	SRR23329748
SRR23329748.2849	1411	54.50	42.47	SRR23329748
SRR23329748.2850	1409	58.91	33.75	SRR23329748
SRR23329748.2851	1444	56.79	92.85	SRR23329748
SRR23329748.2852	1466	49.45	37.57	SRR23329748
SRR23329748.2853	1460	53.42	41.62	SRR23329748
SRR23329748.2854	1467	49.35	34.62	SRR23329748
SRR23329748.2855	1480	51.15	20.85	SRR23329748
SRR23329748.2856	1475	54.10	93.00	SRR23329748
SRR23329748.2857	1417	56.88	21.10	SRR23329748
SRR23329748.2858	1483	55.29	30.41	SRR23329748
SRR23329748.2859	1472	51.22	42.62	SRR23329748
SRR23329748.2861	1478	54.26	20.69	SRR23329748
SRR23329748.2862	1467	56.92	78.51	SRR23329748
SRR23329748.2863	1456	52.40	31.37	SRR23329748
SRR23329748.2864	1437	56.78	93.00	SRR23329748
SRR23329748.2865	1495	49.36	29.65	SRR23329748
SRR23329748.2866	1440	52.08	31.52	SRR23329748
SRR23329748.2867	1468	49.32	37.64	SRR23329748
SRR23329748.2868	1407	55.65	80.10	SRR23329748
SRR23329748.2869	1407	55.79	87.16	SRR23329748
SRR23329748.2870	1456	58.17	34.50	SRR23329748
SRR23329748.2872	1407	55.93	80.25	SRR23329748
SRR23329748.2873	1446	56.43	34.49	SRR23329748
SRR23329748.2874	1475	54.24	62.68	SRR23329748
SRR23329748.2875	1473	51.26	43.67	SRR23329748
SRR23329748.2876	1407	55.51	41.47	SRR23329748
SRR23329748.2877	1467	49.35	93.00	SRR23329748
SRR23329748.2878	1453	56.02	57.97	SRR23329748
SRR23329748.2879	1408	55.40	32.85	SRR23329748
SRR23329748.2880	1484	55.46	59.28	SRR23329748
SRR23329748.2881	1464	55.12	73.60	SRR23329748
SRR23329748.2882	1452	56.20	36.54	SRR23329748
SRR23329748.2883	1470	52.65	64.94	SRR23329748
SRR23329748.2884	1409	55.50	33.61	SRR23329748
SRR23329748.2885	1407	56.15	58.15	SRR23329748
SRR23329748.2886	1481	49.43	45.44	SRR23329748
SRR23329748.2887	1436	57.80	60.41	SRR23329748
SRR23329748.2888	1488	49.33	44.00	SRR23329748
SRR23329748.2889	1407	55.93	93.00	SRR23329748
SRR23329748.2890	1474	54.14	42.65	SRR23329748
SRR23329748.2891	1467	57.33	93.00	SRR23329748
SRR23329748.2892	1407	55.58	63.49	SRR23329748
SRR23329748.2893	1407	56.43	83.32	SRR23329748
SRR23329748.2895	1481	49.43	93.00	SRR23329748
SRR23329748.2896	1407	55.72	90.96	SRR23329748
SRR23329748.2897	1437	58.52	86.64	SRR23329748
SRR23329748.2898	1411	55.92	36.48	SRR23329748
SRR23329748.2899	1403	56.02	93.00	SRR23329748
SRR23329748.2901	1405	55.23	45.77	SRR23329748
SRR23329748.2902	1412	56.02	29.58	SRR23329748
SRR23329748.2903	1467	49.49	93.00	SRR23329748
SRR23329748.2904	1409	56.64	29.64	SRR23329748
SRR23329748.2905	1554	55.92	59.87	SRR23329748
SRR23329748.2906	1413	50.53	92.99	SRR23329748
SRR23329748.2907	1407	55.72	93.00	SRR23329748
SRR23329748.2908	1475	53.90	92.65	SRR23329748
SRR23329748.2909	1383	54.88	50.92	SRR23329748
SRR23329748.2910	1411	54.71	29.15	SRR23329748
SRR23329748.2911	1407	56.08	93.00	SRR23329748
SRR23329748.2912	1408	56.11	45.99	SRR23329748
SRR23329748.2913	1413	50.53	61.04	SRR23329748
SRR23329748.2914	1464	49.39	22.38	SRR23329748
SRR23329748.2915	1401	50.32	92.29	SRR23329748
SRR23329748.2916	1407	55.58	93.00	SRR23329748
SRR23329748.2917	1459	52.78	27.62	SRR23329748
SRR23329748.2919	1407	56.57	74.07	SRR23329748
SRR23329748.2920	1442	52.15	93.00	SRR23329748
SRR23329748.2921	1478	51.96	61.44	SRR23329748
SRR23329748.2922	1414	54.53	26.15	SRR23329748
SRR23329748.2923	1425	55.86	93.00	SRR23329748
SRR23329748.2924	1467	49.35	93.00	SRR23329748
SRR23329748.2925	1388	56.05	55.08	SRR23329748
SRR23329748.2926	1407	56.65	52.43	SRR23329748
SRR23329748.2927	1407	55.72	93.00	SRR23329748
SRR23329748.2928	1385	55.45	93.00	SRR23329748
SRR23329748.2929	1417	55.61	24.50	SRR23329748
SRR23329748.2930	1389	55.08	92.92	SRR23329748
SRR23329748.2931	1476	54.07	37.15	SRR23329748
SRR23329748.2932	1423	56.01	26.64	SRR23329748
SRR23329748.2933	1412	55.81	93.00	SRR23329748
SRR23329748.2934	1407	56.65	36.69	SRR23329748
SRR23329748.2935	1419	57.72	31.04	SRR23329748
SRR23329748.2936	1437	56.92	93.00	SRR23329748
SRR23329748.2937	1488	49.33	92.99	SRR23329748
SRR23329748.2938	1468	49.52	35.44	SRR23329748
SRR23329748.2939	1451	59.34	33.55	SRR23329748
SRR23329748.2940	1407	55.65	67.83	SRR23329748
SRR23329748.2941	1467	57.40	93.00	SRR23329748
SRR23329748.2942	1475	53.90	80.32	SRR23329748
SRR23329748.2943	1412	56.80	93.00	SRR23329748
SRR23329748.2944	1475	54.17	76.10	SRR23329748
SRR23329748.2945	1407	55.65	48.39	SRR23329748
SRR23329748.2946	1407	56.08	34.43	SRR23329748
SRR23329748.2947	1526	53.41	77.96	SRR23329748
SRR23329748.2948	1456	57.62	24.64	SRR23329748
SRR23329748.2949	1385	55.96	33.87	SRR23329748
SRR23329748.2950	1415	56.89	21.76	SRR23329748
SRR23329748.2951	1454	51.79	79.31	SRR23329748
SRR23329748.2952	1475	53.97	93.00	SRR23329748
SRR23329748.2953	1445	58.34	90.90	SRR23329748
SRR23329748.2954	1431	58.63	90.68	SRR23329748
SRR23329748.2955	1413	56.83	34.35	SRR23329748
SRR23329748.2956	1470	49.39	23.26	SRR23329748
SRR23329748.2957	1407	56.01	27.25	SRR23329748
SRR23329748.2958	1407	55.93	93.00	SRR23329748
SRR23329748.2959	1490	52.15	30.81	SRR23329748
SRR23329748.2960	1411	56.34	78.11	SRR23329748
SRR23329748.2961	1424	53.37	42.52	SRR23329748
SRR23329748.2962	1437	58.52	93.00	SRR23329748
SRR23329748.2963	1431	57.65	53.55	SRR23329748
SRR23329748.2964	1407	56.15	83.58	SRR23329748
SRR23329748.2965	1412	55.59	43.52	SRR23329748
SRR23329748.2966	1516	54.95	65.24	SRR23329748
SRR23329748.2967	1446	55.60	90.94	SRR23329748
SRR23329748.2968	1469	52.62	34.34	SRR23329748
SRR23329748.2969	1436	53.48	30.98	SRR23329748
SRR23329748.2970	1411	55.99	24.74	SRR23329748
SRR23329748.2971	1412	56.87	35.76	SRR23329748
SRR23329748.2972	1445	56.40	93.00	SRR23329748
SRR23329748.2973	1407	56.65	42.19	SRR23329748
SRR23329748.2974	1481	49.36	49.69	SRR23329748
SRR23329748.2975	1407	56.01	60.17	SRR23329748
SRR23329748.2976	1450	57.24	93.00	SRR23329748
SRR23329748.2977	1446	56.85	92.98	SRR23329748
SRR23329748.2978	1411	54.43	62.48	SRR23329748
SRR23329748.2979	1412	56.80	93.00	SRR23329748
SRR23329748.2980	1484	55.39	84.23	SRR23329748
SRR23329748.2981	1407	56.57	34.08	SRR23329748
SRR23329748.2983	1488	49.26	38.60	SRR23329748
SRR23329748.2985	1489	49.36	34.22	SRR23329748
SRR23329748.2986	1407	56.01	46.40	SRR23329748
SRR23329748.2987	1411	55.63	54.40	SRR23329748
SRR23329748.2988	1407	55.72	93.00	SRR23329748
SRR23329748.2989	1447	55.22	67.59	SRR23329748
SRR23329748.2990	1446	55.53	39.66	SRR23329748
SRR23329748.2991	1443	55.93	34.03	SRR23329748
SRR23329748.2992	1488	49.33	51.71	SRR23329748
SRR23329748.2993	1436	49.37	63.61	SRR23329748
SRR23329748.2994	1401	56.39	46.81	SRR23329748
SRR23329748.2995	1488	49.33	46.43	SRR23329748
SRR23329748.2996	1467	49.63	93.00	SRR23329748
SRR23329748.2997	1411	56.34	93.00	SRR23329748
SRR23329748.2998	1489	53.93	79.53	SRR23329748
SRR23329748.2999	1451	56.93	25.68	SRR23329748
SRR23329748.3000	1410	55.60	42.12	SRR23329748
SRR23329748.3001	1475	53.97	42.37	SRR23329748
SRR23329748.3002	1475	53.90	92.32	SRR23329748
SRR23329748.3003	1467	49.49	93.00	SRR23329748
SRR23329748.3004	1448	56.22	54.61	SRR23329748
SRR23329748.3005	1484	55.80	30.92	SRR23329748
SRR23329748.3006	1514	44.19	93.00	SRR23329748
SRR23329748.3007	1406	56.61	36.48	SRR23329748
SRR23329748.3008	1411	59.25	37.54	SRR23329748
SRR23329748.3009	1473	51.26	93.00	SRR23329748
SRR23329748.3010	1411	52.59	21.11	SRR23329748
SRR23329748.3011	1452	57.16	63.33	SRR23329748
SRR23329748.3012	1442	57.84	92.89	SRR23329748
SRR23329748.3013	1715	46.88	23.85	SRR23329748
SRR23329748.3014	1517	42.98	26.51	SRR23329748
SRR23329748.3015	1467	57.53	93.00	SRR23329748
SRR23329748.3016	1437	58.52	72.43	SRR23329748
SRR23329748.3017	1475	53.97	56.68	SRR23329748
SRR23329748.3018	1387	56.02	50.30	SRR23329748
SRR23329748.3019	1478	52.03	39.69	SRR23329748
SRR23329748.3020	1446	57.68	93.00	SRR23329748
SRR23329748.3021	1407	55.72	93.00	SRR23329748
SRR23329748.3022	1441	56.97	23.00	SRR23329748
SRR23329748.3023	1397	52.25	92.37	SRR23329748
SRR23329748.3024	1408	55.61	43.32	SRR23329748
SRR23329748.3025	1682	46.37	22.12	SRR23329748
SRR23329748.3026	1407	56.65	93.00	SRR23329748
SRR23329748.3027	1474	54.41	20.50	SRR23329748
SRR23329748.3028	1447	55.84	92.99	SRR23329748
SRR23329748.3029	1473	51.26	26.61	SRR23329748
SRR23329748.3030	1454	51.79	61.65	SRR23329748
SRR23329748.3031	1475	54.24	84.99	SRR23329748
SRR23329748.3032	1408	55.68	49.46	SRR23329748
SRR23329748.3033	1447	56.19	93.00	SRR23329748
SRR23329748.3034	1437	58.52	93.00	SRR23329748
SRR23329748.3035	1422	58.79	38.53	SRR23329748
SRR23329748.3036	1407	56.65	91.52	SRR23329748
SRR23329748.3037	2006	53.79	37.55	SRR23329748
SRR23329748.3038	1441	57.25	64.71	SRR23329748
SRR23329748.3039	1407	55.65	92.92	SRR23329748
SRR23329748.3040	1467	56.92	93.00	SRR23329748
SRR23329748.3041	1447	57.91	93.00	SRR23329748
SRR23329748.3042	1478	52.03	31.65	SRR23329748
SRR23329748.3043	1405	56.65	29.65	SRR23329748
SRR23329748.3044	1475	54.24	42.55	SRR23329748
SRR23329748.3045	1488	49.33	91.14	SRR23329748
SRR23329748.3046	1462	53.63	34.74	SRR23329748
SRR23329748.3048	1454	51.79	30.29	SRR23329748
SRR23329748.3049	1408	55.97	31.76	SRR23329748
SRR23329748.3050	1407	55.65	93.00	SRR23329748
SRR23329748.3051	861	56.21	37.51	SRR23329748
SRR23329748.3053	1409	39.32	93.00	SRR23329748
SRR23329748.3054	1481	49.43	36.68	SRR23329748
SRR23329748.3055	1403	55.02	24.51	SRR23329748
SRR23329748.3056	1438	58.41	38.38	SRR23329748
SRR23329748.3057	1412	56.73	39.46	SRR23329748
SRR23329748.3058	1476	54.00	42.06	SRR23329748
SRR23329748.3060	1407	56.43	90.23	SRR23329748
SRR23329748.3061	1476	54.00	28.59	SRR23329748
SRR23329748.3062	1415	55.97	20.43	SRR23329748
SRR23329748.3063	1420	56.34	92.96	SRR23329748
SRR23329748.3064	1407	55.79	69.98	SRR23329748
SRR23329748.3065	1412	56.73	91.47	SRR23329748
SRR23329748.3066	1453	58.09	93.00	SRR23329748
SRR23329748.3067	1407	56.65	81.04	SRR23329748
SRR23329748.3068	1413	55.56	74.61	SRR23329748
SRR23329748.3069	1412	56.80	43.27	SRR23329748
SRR23329748.3070	1458	56.93	26.76	SRR23329748
SRR23329748.3072	1407	55.72	93.00	SRR23329748
SRR23329748.3073	1406	55.62	45.98	SRR23329748
SRR23329748.3074	1470	52.65	92.97	SRR23329748
SRR23329748.3075	1470	52.79	23.62	SRR23329748
SRR23329748.3077	1407	56.57	75.14	SRR23329748
SRR23329748.3078	1390	56.62	27.47	SRR23329748
SRR23329748.3079	1442	54.16	59.34	SRR23329748
SRR23329748.3080	1448	56.28	23.73	SRR23329748
SRR23329748.3081	1415	56.82	20.14	SRR23329748
SRR23329748.3082	1407	55.93	61.99	SRR23329748
SRR23329748.3083	1423	56.99	33.13	SRR23329748
SRR23329748.3084	1164	46.48	93.00	SRR23329748
SRR23329748.3085	1408	55.54	33.25	SRR23329748
SRR23329748.3086	1461	56.13	48.96	SRR23329748
SRR23329748.3087	1407	56.65	83.91	SRR23329748
SRR23329748.3088	1420	56.41	44.06	SRR23329748
SRR23329748.3089	1407	55.86	33.63	SRR23329748
SRR23329748.3090	1488	49.33	78.51	SRR23329748
SRR23329748.3091	1474	53.80	20.95	SRR23329748
SRR23329748.3092	1416	56.85	21.44	SRR23329748
SRR23329748.3093	1452	57.02	32.48	SRR23329748
SRR23329748.3094	1437	59.78	30.98	SRR23329748
SRR23329748.3096	1475	54.03	36.64	SRR23329748
SRR23329748.3097	1440	57.01	73.77	SRR23329748
SRR23329748.3098	1407	56.65	29.66	SRR23329748
SRR23329748.3099	1426	55.75	21.08	SRR23329748
SRR23329748.3100	1403	48.54	20.96	SRR23329748
SRR23329748.3101	1407	56.57	92.54	SRR23329748
SRR23329748.3102	1445	57.85	43.82	SRR23329748
SRR23329748.3103	1401	56.39	23.14	SRR23329748
SRR23329748.3104	1408	55.82	59.62	SRR23329748
SRR23329748.3105	1407	56.65	43.58	SRR23329748
SRR23329748.3106	1451	59.34	90.73	SRR23329748
SRR23329748.3107	1473	51.39	68.67	SRR23329748
SRR23329748.3109	1445	58.89	34.19	SRR23329748
SRR23329748.3110	1443	54.12	92.96	SRR23329748
SRR23329748.3112	1466	57.44	50.60	SRR23329748
SRR23329748.3113	1475	54.24	93.00	SRR23329748
SRR23329748.3114	1444	58.80	22.95	SRR23329748
SRR23329748.3115	1467	57.46	92.98	SRR23329748
SRR23329748.3116	1968	55.18	40.16	SRR23329748
SRR23329748.3118	1473	55.60	41.78	SRR23329748
SRR23329748.3119	1421	54.26	93.00	SRR23329748
SRR23329748.3120	1446	58.58	58.13	SRR23329748
SRR23329748.3121	1460	53.42	62.99	SRR23329748
SRR23329748.3122	1487	52.79	21.70	SRR23329748
SRR23329748.3123	1436	57.66	33.29	SRR23329748
SRR23329748.3124	1413	55.56	93.00	SRR23329748
SRR23329748.3125	1406	56.40	44.60	SRR23329748
SRR23329748.3126	1407	56.08	93.00	SRR23329748
SRR23329748.3127	1416	50.56	85.67	SRR23329748
SRR23329748.3128	1444	56.37	46.57	SRR23329748
SRR23329748.3129	1467	49.42	93.00	SRR23329748
SRR23329748.3130	1476	54.20	27.17	SRR23329748
SRR23329748.3132	1409	55.78	33.46	SRR23329748
SRR23329748.3133	1407	55.93	86.44	SRR23329748
SRR23329748.3134	1469	52.62	27.59	SRR23329748
SRR23329748.3135	1473	53.97	23.20	SRR23329748
SRR23329748.3136	1456	55.98	32.25	SRR23329748
SRR23329748.3137	1446	56.85	71.33	SRR23329748
SRR23329748.3138	1488	49.33	92.97	SRR23329748
SRR23329748.3139	1407	55.86	39.21	SRR23329748
SRR23329748.3140	1485	53.27	31.10	SRR23329748
SRR23329748.3141	1442	54.09	93.00	SRR23329748
SRR23329748.3142	1465	49.69	31.52	SRR23329748
SRR23329748.3143	1413	55.56	82.08	SRR23329748
SRR23329748.3145	1471	52.35	35.68	SRR23329748
SRR23329748.3146	1410	51.77	33.54	SRR23329748
SRR23329748.3147	1420	58.24	44.53	SRR23329748
SRR23329748.3148	1488	49.19	92.91	SRR23329748
SRR23329748.3149	1460	53.42	93.00	SRR23329748
SRR23329748.3150	1475	53.97	50.68	SRR23329748
SRR23329748.3151	1431	57.51	38.15	SRR23329748
SRR23329748.3153	1473	54.11	30.07	SRR23329748
SRR23329748.3154	1407	55.72	61.48	SRR23329748
SRR23329748.3155	1475	54.17	93.00	SRR23329748
SRR23329748.3156	1473	51.26	91.82	SRR23329748
SRR23329748.3157	1407	55.08	41.60	SRR23329748
SRR23329748.3158	1482	49.53	48.12	SRR23329748
SRR23329748.3159	1420	56.20	33.97	SRR23329748
SRR23329748.3160	1446	57.54	45.10	SRR23329748
SRR23329748.3161	1488	49.33	34.55	SRR23329748
SRR23329748.3162	1391	56.58	26.93	SRR23329748
SRR23329748.3163	1384	55.42	33.76	SRR23329748
SRR23329748.3164	1437	58.52	93.00	SRR23329748
SRR23329748.3165	1420	56.41	57.41	SRR23329748
SRR23329748.3166	1473	51.26	50.46	SRR23329748
SRR23329748.3168	1407	55.58	92.98	SRR23329748
SRR23329748.3169	1412	56.80	67.74	SRR23329748
SRR23329748.3170	1503	54.69	20.59	SRR23329748
SRR23329748.3171	1411	55.92	93.00	SRR23329748
SRR23329748.3172	1414	52.90	93.00	SRR23329748
SRR23329748.3173	1484	55.46	92.53	SRR23329748
SRR23329748.3174	1413	50.53	56.51	SRR23329748
SRR23329748.3175	1467	49.35	92.98	SRR23329748
SRR23329748.3176	1411	55.92	92.81	SRR23329748
SRR23329748.3177	1475	54.24	93.00	SRR23329748
SRR23329748.3179	1407	56.65	79.39	SRR23329748
SRR23329748.3180	1470	57.21	34.66	SRR23329748
SRR23329748.3181	1475	54.10	44.33	SRR23329748
SRR23329748.3182	1442	52.15	93.00	SRR23329748
SRR23329748.3183	1407	56.65	59.94	SRR23329748
SRR23329748.3184	1445	58.27	69.23	SRR23329748
SRR23329748.3185	1445	53.15	47.15	SRR23329748
SRR23329748.3186	1411	54.71	64.90	SRR23329748
SRR23329748.3187	1475	54.17	81.35	SRR23329748
SRR23329748.3188	1407	56.65	65.63	SRR23329748
SRR23329748.3189	1475	54.24	61.64	SRR23329748
SRR23329748.3190	1483	52.73	20.22	SRR23329748
SRR23329748.3191	1416	50.56	33.47	SRR23329748
SRR23329748.3192	1481	49.56	93.00	SRR23329748
SRR23329748.3193	1454	51.51	81.16	SRR23329748
SRR23329748.3194	1478	48.31	93.00	SRR23329748
SRR23329748.3195	1455	58.90	88.42	SRR23329748
SRR23329748.3196	1475	54.24	49.98	SRR23329748
SRR23329748.3197	1459	54.28	69.58	SRR23329748
SRR23329748.3198	1412	55.74	93.00	SRR23329748
SRR23329748.3199	1420	55.63	28.71	SRR23329748
SRR23329748.3200	1408	55.89	24.88	SRR23329748
SRR23329748.3201	1460	53.49	92.99	SRR23329748
SRR23329748.3202	1467	57.33	66.20	SRR23329748
SRR23329748.3203	1446	55.53	55.35	SRR23329748
SRR23329748.3204	1484	55.53	87.24	SRR23329748
SRR23329748.3205	1407	56.43	49.89	SRR23329748
SRR23329748.3206	1482	54.59	33.10	SRR23329748
SRR23329748.3207	1407	55.44	43.38	SRR23329748
SRR23329748.3208	1407	56.65	62.42	SRR23329748
SRR23329748.3210	1428	53.08	62.55	SRR23329748
SRR23329748.3211	1470	53.81	23.95	SRR23329748
SRR23329748.3212	1448	55.25	34.99	SRR23329748
SRR23329748.3213	1486	54.04	93.00	SRR23329748
SRR23329748.3214	1470	52.65	93.00	SRR23329748
SRR23329748.3215	1446	58.85	29.14	SRR23329748
SRR23329748.3216	1420	56.06	89.02	SRR23329748
SRR23329748.3217	1406	56.61	33.96	SRR23329748
SRR23329748.3218	1407	56.01	93.00	SRR23329748
SRR23329748.3219	1413	56.83	33.32	SRR23329748
SRR23329748.3220	1481	49.36	93.00	SRR23329748
SRR23329748.3221	1412	55.67	20.92	SRR23329748
SRR23329748.3222	1406	56.54	93.00	SRR23329748
SRR23329748.3223	1483	49.16	26.75	SRR23329748
SRR23329748.3224	1389	55.87	38.20	SRR23329748
SRR23329748.3225	1474	54.07	28.33	SRR23329748
SRR23329748.3226	1447	52.18	21.46	SRR23329748
SRR23329748.3227	1481	49.49	72.45	SRR23329748
SRR23329748.3228	1458	58.23	61.58	SRR23329748
SRR23329748.3229	1407	55.93	64.76	SRR23329748
SRR23329748.3230	1489	54.00	26.45	SRR23329748
SRR23329748.3231	1374	59.90	41.31	SRR23329748
SRR23329748.3232	1409	56.71	31.44	SRR23329748
SRR23329748.3233	1487	55.28	35.50	SRR23329748
SRR23329748.3234	1447	55.15	55.95	SRR23329748
SRR23329748.3235	1476	53.93	28.89	SRR23329748
SRR23329748.3236	1466	49.32	33.31	SRR23329748
SRR23329748.3237	1407	56.65	91.61	SRR23329748
SRR23329748.3238	1430	53.50	29.34	SRR23329748
SRR23329748.3239	1485	53.20	21.54	SRR23329748
SRR23329748.3240	1389	56.59	87.13	SRR23329748
SRR23329748.3241	1490	53.89	41.59	SRR23329748
SRR23329748.3242	1491	49.30	35.16	SRR23329748
SRR23329748.3243	1409	56.00	21.38	SRR23329748
SRR23329748.3244	1488	49.33	71.80	SRR23329748
SRR23329748.3245	1410	55.60	31.99	SRR23329748
SRR23329748.3247	1445	53.15	68.47	SRR23329748
SRR23329748.3248	1407	56.65	93.00	SRR23329748
SRR23329748.3249	1466	57.30	29.99	SRR23329748
SRR23329748.3250	1436	49.44	51.32	SRR23329748
SRR23329748.3251	1467	49.35	78.51	SRR23329748
SRR23329748.3253	1487	53.73	23.52	SRR23329748
SRR23329748.3254	1444	56.30	60.58	SRR23329748
SRR23329748.3255	1407	55.93	88.30	SRR23329748
SRR23329748.3256	1475	54.10	40.64	SRR23329748
SRR23329748.3257	1411	51.81	53.31	SRR23329748
SRR23329748.3258	1472	54.08	30.98	SRR23329748
SRR23329748.3259	1475	51.39	43.49	SRR23329748
SRR23329748.3260	1444	55.54	27.24	SRR23329748
SRR23329748.3261	1460	53.49	92.31	SRR23329748
SRR23329748.3262	1489	53.86	31.47	SRR23329748
SRR23329748.3263	1484	54.99	92.82	SRR23329748
SRR23329748.3264	1458	56.93	90.46	SRR23329748
SRR23329748.3265	1389	56.52	43.01	SRR23329748
SRR23329748.3266	1416	54.31	22.01	SRR23329748
SRR23329748.3267	1444	58.10	47.60	SRR23329748
SRR23329748.3268	1467	49.49	55.53	SRR23329748
SRR23329748.3269	1407	55.65	71.67	SRR23329748
SRR23329748.3270	1385	55.60	25.04	SRR23329748
SRR23329748.3271	1444	56.09	83.11	SRR23329748
SRR23329748.3273	1554	55.92	93.00	SRR23329748
SRR23329748.3274	1411	55.92	78.95	SRR23329748
SRR23329748.3275	1475	54.10	93.00	SRR23329748
SRR23329748.3276	1484	55.32	93.00	SRR23329748
SRR23329748.3277	1411	54.43	43.93	SRR23329748
SRR23329748.3278	1440	54.10	52.56	SRR23329748
SRR23329748.3279	1449	56.18	39.60	SRR23329748
SRR23329748.3280	1489	53.93	85.37	SRR23329748
SRR23329748.3281	1439	53.44	60.59	SRR23329748
SRR23329748.3282	1384	56.14	31.64	SRR23329748
SRR23329748.3283	1473	51.26	34.65	SRR23329748
SRR23329748.3284	1466	55.18	30.56	SRR23329748
SRR23329748.3286	1475	54.03	93.00	SRR23329748
SRR23329748.3287	1467	49.63	93.00	SRR23329748
SRR23329748.3288	1447	57.50	64.67	SRR23329748
SRR23329748.3289	1486	53.30	73.33	SRR23329748
SRR23329748.3290	1449	55.97	91.05	SRR23329748
SRR23329748.3291	1475	54.24	80.27	SRR23329748
SRR23329748.3292	1447	57.43	70.31	SRR23329748
SRR23329748.3293	1412	56.80	62.56	SRR23329748
SRR23329748.3294	1405	56.65	21.10	SRR23329748
SRR23329748.3295	1446	58.78	37.27	SRR23329748
SRR23329748.3296	1424	56.74	93.00	SRR23329748
SRR23329748.3297	1473	51.19	54.28	SRR23329748
SRR23329748.3298	1479	53.96	25.80	SRR23329748
SRR23329748.3299	1461	52.64	92.99	SRR23329748
SRR23329748.3300	1481	49.49	80.01	SRR23329748
SRR23329748.3301	1474	53.93	34.29	SRR23329748
SRR23329748.3302	1481	49.43	92.79	SRR23329748
SRR23329748.3303	1524	53.28	32.38	SRR23329748
SRR23329748.3304	1410	56.24	41.80	SRR23329748
SRR23329748.3305	1495	53.31	20.53	SRR23329748
SRR23329748.3306	1410	56.03	30.05	SRR23329748
SRR23329748.3307	1475	53.83	52.60	SRR23329748
SRR23329748.3308	1409	55.86	23.64	SRR23329748
SRR23329748.3309	1412	56.80	33.39	SRR23329748
SRR23329748.3310	1445	56.82	90.27	SRR23329748
SRR23329748.3311	1407	55.65	40.43	SRR23329748
SRR23329748.3312	1405	48.33	70.75	SRR23329748
SRR23329748.3313	1412	56.80	93.00	SRR23329748
SRR23329748.3314	1407	55.93	79.30	SRR23329748
SRR23329748.3315	1482	53.91	21.15	SRR23329748
SRR23329748.3316	1405	56.51	25.81	SRR23329748
SRR23329748.3318	1434	50.21	22.37	SRR23329748
SRR23329748.3319	1488	49.26	32.92	SRR23329748
SRR23329748.3320	1460	52.47	32.59	SRR23329748
SRR23329748.3321	1452	58.88	21.64	SRR23329748
SRR23329748.3322	1447	57.57	41.62	SRR23329748
SRR23329748.3323	1442	57.35	76.40	SRR23329748
SRR23329748.3324	1475	53.90	92.86	SRR23329748
SRR23329748.3325	1481	49.43	93.00	SRR23329748
SRR23329748.3326	1412	55.81	90.39	SRR23329748
SRR23329748.3327	1454	51.79	93.00	SRR23329748
SRR23329748.3328	1408	56.61	29.56	SRR23329748
SRR23329748.3329	1398	56.65	20.84	SRR23329748
SRR23329748.3330	1409	53.51	44.46	SRR23329748
SRR23329748.3331	1407	55.15	93.00	SRR23329748
SRR23329748.3332	1470	52.65	45.45	SRR23329748
SRR23329748.3333	1396	52.29	84.73	SRR23329748
SRR23329748.3334	1411	54.50	73.16	SRR23329748
SRR23329748.3335	1475	53.90	93.00	SRR23329748
SRR23329748.3336	1454	51.72	93.00	SRR23329748
SRR23329748.3337	1389	55.15	74.35	SRR23329748
SRR23329748.3338	1438	55.77	24.09	SRR23329748
SRR23329748.3339	1475	53.97	42.95	SRR23329748
SRR23329748.3341	1445	57.85	93.00	SRR23329748
SRR23329748.3342	1443	57.80	31.07	SRR23329748
SRR23329748.3343	1425	56.14	93.00	SRR23329748
SRR23329748.3344	1488	49.33	93.00	SRR23329748
SRR23329748.3345	1409	55.86	22.82	SRR23329748
SRR23329748.3347	1407	56.57	93.00	SRR23329748
SRR23329748.3348	1445	57.85	48.60	SRR23329748
SRR23329748.3349	1389	56.66	21.20	SRR23329748
SRR23329748.3350	1448	55.59	28.31	SRR23329748
SRR23329748.3351	1449	59.28	28.48	SRR23329748
SRR23329748.3352	1389	56.59	67.31	SRR23329748
SRR23329748.3353	1470	57.55	24.30	SRR23329748
SRR23329748.3354	1486	54.04	93.00	SRR23329748
SRR23329748.3355	1437	58.52	93.00	SRR23329748
SRR23329748.3356	1475	54.17	54.69	SRR23329748
SRR23329748.3357	1444	56.37	34.95	SRR23329748
SRR23329748.3359	1407	56.65	93.00	SRR23329748
SRR23329748.3360	1407	56.50	61.89	SRR23329748
SRR23329748.3361	1481	49.56	50.70	SRR23329748
SRR23329748.3362	1481	49.56	93.00	SRR23329748
SRR23329748.3363	1405	48.40	93.00	SRR23329748
SRR23329748.3364	1407	55.65	64.71	SRR23329748
SRR23329748.3365	1407	56.01	93.00	SRR23329748
SRR23329748.3366	1481	49.43	93.00	SRR23329748
SRR23329748.3367	1411	54.50	74.38	SRR23329748
SRR23329748.3368	1441	59.82	93.00	SRR23329748
SRR23329748.3369	1460	56.16	64.39	SRR23329748
SRR23329748.3370	1396	52.29	93.00	SRR23329748
SRR23329748.3371	1474	51.36	39.85	SRR23329748
SRR23329748.3372	1420	56.41	93.00	SRR23329748
SRR23329748.3373	1429	57.66	44.09	SRR23329748
SRR23329748.3374	1470	52.65	93.00	SRR23329748
SRR23329748.3375	1385	55.45	92.53	SRR23329748
SRR23329748.3376	1407	56.72	93.00	SRR23329748
SRR23329748.3377	1420	54.30	37.11	SRR23329748
SRR23329748.3378	1407	56.65	31.53	SRR23329748
SRR23329748.3379	1408	55.68	25.64	SRR23329748
SRR23329748.3380	1406	57.18	74.87	SRR23329748
SRR23329748.3381	1445	57.85	92.98	SRR23329748
SRR23329748.3382	1471	52.48	33.51	SRR23329748
SRR23329748.3383	1447	55.22	82.44	SRR23329748
SRR23329748.3384	1443	58.84	28.62	SRR23329748
SRR23329748.3386	1488	49.33	92.78	SRR23329748
SRR23329748.3387	1434	49.37	30.48	SRR23329748
SRR23329748.3388	1411	54.57	93.00	SRR23329748
SRR23329748.3389	1415	55.83	32.70	SRR23329748
SRR23329748.3390	1408	56.75	29.80	SRR23329748
SRR23329748.3391	1385	55.45	87.50	SRR23329748
SRR23329748.3392	1407	56.65	93.00	SRR23329748
SRR23329748.3393	1486	55.32	34.26	SRR23329748
SRR23329748.3394	1465	53.52	29.70	SRR23329748
SRR23329748.3395	1476	54.20	44.91	SRR23329748
SRR23329748.3396	1411	56.27	93.00	SRR23329748
SRR23329748.3397	1475	53.97	93.00	SRR23329748
SRR23329748.3398	1488	49.33	84.87	SRR23329748
SRR23329748.3399	1464	52.80	24.17	SRR23329748
SRR23329748.3401	1446	55.46	93.00	SRR23329748
SRR23329748.3402	1407	55.86	47.15	SRR23329748
SRR23329748.3403	1435	55.54	32.73	SRR23329748
SRR23329748.3404	1488	49.33	88.66	SRR23329748
SRR23329748.3405	1475	51.39	93.00	SRR23329748
SRR23329748.3406	1407	55.93	92.52	SRR23329748
SRR23329748.3407	1445	56.40	56.06	SRR23329748
SRR23329748.3408	1403	56.02	92.63	SRR23329748
SRR23329748.3409	1403	56.02	83.01	SRR23329748
SRR23329748.3410	1449	57.69	43.61	SRR23329748
SRR23329748.3411	1467	49.49	39.61	SRR23329748
SRR23329748.3412	1441	58.50	21.37	SRR23329748
SRR23329748.3413	1475	54.24	81.76	SRR23329748
SRR23329748.3414	1476	51.36	32.01	SRR23329748
SRR23329748.3415	1446	55.60	53.64	SRR23329748
SRR23329748.3416	1412	55.81	34.75	SRR23329748
SRR23329748.3418	1475	54.10	30.61	SRR23329748
SRR23329748.3419	1427	56.06	23.16	SRR23329748
SRR23329748.3420	1411	54.71	93.00	SRR23329748
SRR23329748.3421	1467	49.49	60.17	SRR23329748
SRR23329748.3422	1445	58.20	22.90	SRR23329748
SRR23329748.3423	1408	56.32	33.86	SRR23329748
SRR23329748.3424	1467	49.49	92.99	SRR23329748
SRR23329748.3425	1453	57.05	34.62	SRR23329748
SRR23329748.3426	1492	49.53	25.18	SRR23329748
SRR23329748.3427	1409	55.71	23.56	SRR23329748
SRR23329748.3428	1401	56.82	26.70	SRR23329748
SRR23329748.3429	1459	57.23	34.21	SRR23329748
SRR23329748.3430	1415	56.11	22.43	SRR23329748
SRR23329748.3432	1407	56.43	40.16	SRR23329748
SRR23329748.3433	1475	54.17	93.00	SRR23329748
SRR23329748.3434	1410	53.40	46.73	SRR23329748
SRR23329748.3435	1406	56.05	30.83	SRR23329748
SRR23329748.3436	1454	51.79	93.00	SRR23329748
SRR23329748.3437	1459	55.04	35.13	SRR23329748
SRR23329748.3438	1407	56.65	92.63	SRR23329748
SRR23329748.3439	1408	56.18	28.06	SRR23329748
SRR23329748.3440	1412	55.74	87.86	SRR23329748
SRR23329748.3441	1475	51.39	80.96	SRR23329748
SRR23329748.3442	1383	54.88	92.90	SRR23329748
SRR23329748.3443	1442	57.98	45.18	SRR23329748
SRR23329748.3444	1485	55.02	31.68	SRR23329748
SRR23329748.3445	1488	49.33	92.94	SRR23329748
SRR23329748.3446	1467	49.63	40.83	SRR23329748
SRR23329748.3447	1404	55.77	74.75	SRR23329748
SRR23329748.3448	1411	55.92	93.00	SRR23329748
SRR23329748.3449	1489	53.79	84.00	SRR23329748
SRR23329748.3450	1407	56.65	58.34	SRR23329748
SRR23329748.3451	1421	56.79	53.64	SRR23329748
SRR23329748.3452	1402	55.85	22.73	SRR23329748
SRR23329748.3453	1488	49.19	62.72	SRR23329748
SRR23329748.3454	1453	57.05	53.25	SRR23329748
SRR23329748.3455	1451	59.34	87.27	SRR23329748
SRR23329748.3456	1456	58.93	74.38	SRR23329748
SRR23329748.3457	1467	49.42	64.66	SRR23329748
SRR23329748.3458	1453	57.33	93.00	SRR23329748
SRR23329748.3459	1411	54.78	35.07	SRR23329748
SRR23329748.3460	1438	54.87	25.17	SRR23329748
SRR23329748.3461	1478	48.24	76.43	SRR23329748
SRR23329748.3462	1453	57.05	91.62	SRR23329748
SRR23329748.3463	1428	53.08	93.00	SRR23329748
SRR23329748.3464	1473	55.67	47.23	SRR23329748
SRR23329748.3465	1384	54.91	35.07	SRR23329748
SRR23329748.3466	1458	53.77	92.66	SRR23329748
SRR23329748.3467	1400	52.29	25.53	SRR23329748
SRR23329748.3469	1459	53.87	39.11	SRR23329748
SRR23329748.3470	1488	49.33	38.24	SRR23329748
SRR23329748.3471	1408	55.75	55.03	SRR23329748
SRR23329748.3472	2010	53.88	27.54	SRR23329748
SRR23329748.3473	1476	55.56	29.55	SRR23329748
SRR23329748.3474	1407	56.08	92.91	SRR23329748
SRR23329748.3476	1481	49.43	33.28	SRR23329748
SRR23329748.3477	1412	55.74	93.00	SRR23329748
SRR23329748.3478	1527	53.31	35.79	SRR23329748
SRR23329748.3479	1407	55.93	93.00	SRR23329748
SRR23329748.3480	1481	49.43	92.99	SRR23329748
SRR23329748.3481	1446	55.60	77.48	SRR23329748
SRR23329748.3482	1455	51.82	37.43	SRR23329748
SRR23329748.3483	1475	54.10	92.82	SRR23329748
SRR23329748.3484	1471	52.69	30.37	SRR23329748
SRR23329748.3485	1453	51.82	30.51	SRR23329748
SRR23329748.3486	1488	49.33	73.46	SRR23329748
SRR23329748.3487	1475	53.97	82.44	SRR23329748
SRR23329748.3488	1411	56.77	27.22	SRR23329748
SRR23329748.3489	1407	55.58	87.02	SRR23329748
SRR23329748.3490	1442	50.55	35.67	SRR23329748
SRR23329748.3491	1475	54.24	71.51	SRR23329748
SRR23329748.3492	1407	55.93	42.43	SRR23329748
SRR23329748.3494	1402	48.22	33.53	SRR23329748
SRR23329748.3495	1404	55.77	28.06	SRR23329748
SRR23329748.3496	1439	56.08	62.13	SRR23329748
SRR23329748.3497	1412	56.80	42.20	SRR23329748
SRR23329748.3498	1409	59.19	85.17	SRR23329748
SRR23329748.3499	1472	51.22	35.41	SRR23329748
SRR23329748.3500	1407	56.57	48.29	SRR23329748
SRR23329748.3501	1407	55.58	93.00	SRR23329748
SRR23329748.3502	1413	55.56	93.00	SRR23329748
SRR23329748.3503	1388	55.12	36.20	SRR23329748
SRR23329748.3506	1407	55.93	35.26	SRR23329748
SRR23329748.3507	1407	55.93	45.87	SRR23329748
SRR23329748.3508	1389	56.59	92.81	SRR23329748
SRR23329748.3509	1467	49.49	93.00	SRR23329748
SRR23329748.3510	1467	57.33	79.42	SRR23329748
SRR23329748.3512	1467	57.40	35.02	SRR23329748
SRR23329748.3513	1451	50.38	75.54	SRR23329748
SRR23329748.3514	1390	58.78	31.64	SRR23329748
SRR23329748.3515	1473	51.32	36.68	SRR23329748
SRR23329748.3516	1449	57.69	69.48	SRR23329748
SRR23329748.3518	1388	56.05	91.86	SRR23329748
SRR23329748.3519	1406	56.26	92.63	SRR23329748
SRR23329748.3520	1489	49.56	20.81	SRR23329748
SRR23329748.3521	1446	55.53	44.92	SRR23329748
SRR23329748.3522	1444	58.86	92.44	SRR23329748
SRR23329748.3523	1475	54.10	93.00	SRR23329748
SRR23329748.3524	1481	59.76	78.54	SRR23329748
SRR23329748.3525	1445	57.79	93.00	SRR23329748
SRR23329748.3526	1460	53.56	93.00	SRR23329748
SRR23329748.3527	1407	55.65	67.47	SRR23329748
SRR23329748.3528	1407	55.86	93.00	SRR23329748
SRR23329748.3529	1458	56.86	93.00	SRR23329748
SRR23329748.3530	1412	56.73	60.49	SRR23329748
SRR23329748.3531	1448	57.73	24.67	SRR23329748
SRR23329748.3532	1458	60.36	20.37	SRR23329748
SRR23329748.3533	1407	55.86	93.00	SRR23329748
SRR23329748.3534	1417	55.54	26.56	SRR23329748
SRR23329748.3535	1467	49.49	92.99	SRR23329748
SRR23329748.3536	1407	55.86	92.95	SRR23329748
SRR23329748.3537	1460	52.47	50.84	SRR23329748
SRR23329748.3538	1475	53.97	93.00	SRR23329748
SRR23329748.3539	1459	52.91	92.83	SRR23329748
SRR23329748.3540	1450	57.24	30.25	SRR23329748
SRR23329748.3543	1431	57.51	54.15	SRR23329748
SRR23329748.3544	1475	53.97	92.92	SRR23329748
SRR23329748.3545	1401	54.46	20.12	SRR23329748
SRR23329748.3546	1447	55.22	93.00	SRR23329748
SRR23329748.3547	1410	55.67	27.30	SRR23329748
SRR23329748.3548	1447	55.56	93.00	SRR23329748
SRR23329748.3549	1486	53.30	45.61	SRR23329748
SRR23329748.3550	1446	56.15	45.42	SRR23329748
SRR23329748.3551	1407	55.65	59.04	SRR23329748
SRR23329748.3552	1485	55.76	93.00	SRR23329748
SRR23329748.3553	1406	55.83	39.15	SRR23329748
SRR23329748.3554	1448	56.08	37.77	SRR23329748
SRR23329748.3555	1481	49.43	92.97	SRR23329748
SRR23329748.3556	1407	56.65	37.34	SRR23329748
SRR23329748.3557	1446	55.39	92.73	SRR23329748
SRR23329748.3558	1388	55.62	43.08	SRR23329748
SRR23329748.3560	1492	53.95	26.31	SRR23329748
SRR23329748.3561	1488	49.33	65.47	SRR23329748
SRR23329748.3562	1408	56.61	34.67	SRR23329748
SRR23329748.3563	1413	57.40	20.94	SRR23329748
SRR23329748.3564	1420	57.75	65.73	SRR23329748
SRR23329748.3565	1409	56.56	21.90	SRR23329748
SRR23329748.3566	1408	56.46	32.55	SRR23329748
SRR23329748.3567	1475	53.90	50.82	SRR23329748
SRR23329748.3568	1419	55.67	48.55	SRR23329748
SRR23329748.3569	1475	54.24	43.46	SRR23329748
SRR23329748.3570	1488	49.33	93.00	SRR23329748
SRR23329748.3571	1407	56.65	60.12	SRR23329748
SRR23329748.3572	1382	55.64	28.37	SRR23329748
SRR23329748.3574	1478	48.31	35.69	SRR23329748
SRR23329748.3575	1406	55.19	40.81	SRR23329748
SRR23329748.3576	1407	55.65	45.41	SRR23329748
SRR23329748.3577	1488	49.33	67.69	SRR23329748
SRR23329748.3578	1407	56.65	59.60	SRR23329748
SRR23329748.3579	1420	57.75	57.32	SRR23329748
SRR23329748.3580	1401	55.60	24.45	SRR23329748
SRR23329748.3581	1449	56.52	79.40	SRR23329748
SRR23329748.3582	1449	55.35	92.99	SRR23329748
SRR23329748.3583	1434	56.62	21.96	SRR23329748
SRR23329748.3584	1449	57.76	36.99	SRR23329748
SRR23329748.3585	765	40.52	93.00	SRR23329748
SRR23329748.3586	1385	55.45	48.97	SRR23329748
SRR23329748.3587	1471	49.35	35.47	SRR23329748
SRR23329748.3588	1477	52.88	92.93	SRR23329748
SRR23329748.3589	1437	58.46	46.20	SRR23329748
SRR23329748.3590	1404	56.48	30.09	SRR23329748
SRR23329748.3591	1424	55.41	20.78	SRR23329748
SRR23329748.3592	1488	49.33	65.72	SRR23329748
SRR23329748.3593	1475	54.17	62.01	SRR23329748
SRR23329748.3594	1458	52.54	45.30	SRR23329748
SRR23329748.3595	1449	57.69	93.00	SRR23329748
SRR23329748.3596	1410	56.17	70.42	SRR23329748
SRR23329748.3597	1442	52.08	90.14	SRR23329748
SRR23329748.3599	1411	56.48	30.53	SRR23329748
SRR23329748.3600	1525	53.31	33.70	SRR23329748
SRR23329748.3601	1475	53.90	83.87	SRR23329748
SRR23329748.3602	1403	56.02	43.03	SRR23329748
SRR23329748.3603	1454	51.79	93.00	SRR23329748
SRR23329748.3604	1460	53.56	83.74	SRR23329748
SRR23329748.3605	1479	55.58	20.42	SRR23329748
SRR23329748.3606	1442	52.15	83.41	SRR23329748
SRR23329748.3607	1464	49.25	28.46	SRR23329748
SRR23329748.3608	1470	49.52	28.71	SRR23329748
SRR23329748.3609	1411	55.92	91.37	SRR23329748
SRR23329748.3610	1484	55.53	93.00	SRR23329748
SRR23329748.3611	1407	55.58	93.00	SRR23329748
SRR23329748.3615	1423	56.08	21.63	SRR23329748
SRR23329748.3616	1423	53.97	28.59	SRR23329748
SRR23329748.3617	1425	56.49	84.82	SRR23329748
SRR23329748.3618	1411	54.71	83.03	SRR23329748
SRR23329748.3619	1474	54.07	52.22	SRR23329748
SRR23329748.3620	1484	55.93	93.00	SRR23329748
SRR23329748.3621	1470	51.29	26.95	SRR23329748
SRR23329748.3622	1407	55.86	93.00	SRR23329748
SRR23329748.3624	1406	54.34	22.99	SRR23329748
SRR23329748.3625	1441	59.61	34.73	SRR23329748
SRR23329748.3626	1480	48.31	31.65	SRR23329748
SRR23329748.3627	1467	49.42	33.93	SRR23329748
SRR23329748.3628	1444	57.83	55.77	SRR23329748
SRR23329748.3629	1431	57.65	93.00	SRR23329748
SRR23329748.3630	1475	53.97	55.35	SRR23329748
SRR23329748.3631	1382	54.92	35.40	SRR23329748
SRR23329748.3633	1412	55.74	92.10	SRR23329748
SRR23329748.3634	1164	46.48	33.49	SRR23329748
SRR23329748.3635	1407	55.65	38.12	SRR23329748
SRR23329748.3636	1467	49.49	65.65	SRR23329748
SRR23329748.3637	1431	53.67	28.93	SRR23329748
SRR23329748.3638	1475	53.90	84.91	SRR23329748
SRR23329748.3639	1440	56.94	24.70	SRR23329748
SRR23329748.3640	1411	55.63	55.31	SRR23329748
SRR23329748.3641	1475	53.90	70.47	SRR23329748
SRR23329748.3642	1407	55.51	74.87	SRR23329748
SRR23329748.3643	1407	56.65	93.00	SRR23329748
SRR23329748.3644	1448	55.25	30.26	SRR23329748
SRR23329748.3645	1411	54.57	93.00	SRR23329748
SRR23329748.3646	1482	44.13	81.48	SRR23329748
SRR23329748.3647	1459	57.57	32.59	SRR23329748
SRR23329748.3648	1412	55.81	68.93	SRR23329748
SRR23329748.3649	1478	53.72	93.00	SRR23329748
SRR23329748.3650	1444	58.52	29.88	SRR23329748
SRR23329748.3651	1436	56.96	32.98	SRR23329748
SRR23329748.3652	1453	57.05	76.46	SRR23329748
SRR23329748.3653	1477	52.88	92.45	SRR23329748
SRR23329748.3654	1472	54.01	27.40	SRR23329748
SRR23329748.3655	1471	52.48	93.00	SRR23329748
SRR23329748.3656	1489	53.86	35.64	SRR23329748
SRR23329748.3657	1473	53.90	37.71	SRR23329748
SRR23329748.3658	1412	55.74	93.00	SRR23329748
SRR23329748.3659	1407	56.08	30.63	SRR23329748
SRR23329748.3660	1466	49.45	30.45	SRR23329748
SRR23329748.3661	1424	57.51	93.00	SRR23329748
SRR23329748.3662	1475	53.97	92.89	SRR23329748
SRR23329748.3663	1484	55.59	92.99	SRR23329748
SRR23329748.3664	1475	53.97	51.69	SRR23329748
SRR23329748.3665	1446	55.60	93.00	SRR23329748
SRR23329748.3666	1474	54.00	32.18	SRR23329748
SRR23329748.3667	1409	39.32	36.86	SRR23329748
SRR23329748.3668	1405	56.65	22.80	SRR23329748
SRR23329748.3669	1413	50.53	39.80	SRR23329748
SRR23329748.3670	1488	49.19	27.43	SRR23329748
SRR23329748.3671	1414	55.52	35.80	SRR23329748
SRR23329748.3672	1460	52.95	87.16	SRR23329748
SRR23329748.3673	1446	55.60	93.00	SRR23329748
SRR23329748.3674	1475	54.17	93.00	SRR23329748
SRR23329748.3675	1406	56.61	39.07	SRR23329748
SRR23329748.3676	1469	58.27	44.63	SRR23329748
SRR23329748.3677	1477	54.16	68.57	SRR23329748
SRR23329748.3678	1470	52.72	86.23	SRR23329748
SRR23329748.3679	1406	56.61	36.48	SRR23329748
SRR23329748.3680	1484	55.32	47.71	SRR23329748
SRR23329748.3681	1479	49.49	22.83	SRR23329748
SRR23329748.3682	1489	54.13	25.10	SRR23329748
SRR23329748.3683	1492	49.26	24.94	SRR23329748
SRR23329748.3684	1407	55.72	75.22	SRR23329748
SRR23329748.3685	1407	52.67	36.30	SRR23329748
SRR23329748.3686	1406	55.55	27.52	SRR23329748
SRR23329748.3687	1422	50.00	33.83	SRR23329748
SRR23329748.3688	1409	55.78	20.44	SRR23329748
SRR23329748.3689	1425	56.14	91.92	SRR23329748
SRR23329748.3690	1467	57.40	31.92	SRR23329748
SRR23329748.3691	1460	52.60	59.31	SRR23329748
SRR23329748.3692	1467	52.62	27.46	SRR23329748
SRR23329748.3693	1484	55.46	78.24	SRR23329748
SRR23329748.3694	1474	54.07	92.76	SRR23329748
SRR23329748.3695	1473	51.39	34.98	SRR23329748
SRR23329748.3696	1466	49.32	71.57	SRR23329748
SRR23329748.3697	1486	55.25	32.86	SRR23329748
SRR23329748.3699	1474	54.07	93.00	SRR23329748
SRR23329748.3700	1387	56.02	74.34	SRR23329748
SRR23329748.3701	1467	49.35	65.66	SRR23329748
SRR23329748.3702	1463	56.19	73.19	SRR23329748
SRR23329748.3703	1475	54.24	68.62	SRR23329748
SRR23329748.3704	1411	54.50	35.62	SRR23329748
SRR23329748.3705	1467	49.35	56.62	SRR23329748
SRR23329748.3706	1448	55.25	33.60	SRR23329748
SRR23329748.3707	1447	55.63	30.30	SRR23329748
SRR23329748.3708	1400	56.50	28.65	SRR23329748
SRR23329748.3709	1410	55.74	23.56	SRR23329748
SRR23329748.3710	1478	51.35	22.21	SRR23329748
SRR23329748.3711	1406	56.61	93.00	SRR23329748
SRR23329748.3712	1401	55.96	29.43	SRR23329748
SRR23329748.3713	1443	56.27	33.83	SRR23329748
SRR23329748.3714	1408	56.04	41.81	SRR23329748
SRR23329748.3715	1475	54.24	50.49	SRR23329748
SRR23329748.3716	1450	57.17	92.87	SRR23329748
SRR23329748.3717	1411	55.71	25.63	SRR23329748
SRR23329748.3718	1412	56.80	64.94	SRR23329748
SRR23329748.3719	1475	53.97	34.04	SRR23329748
SRR23329748.3720	1447	55.84	88.40	SRR23329748
SRR23329748.3721	1469	51.33	33.12	SRR23329748
SRR23329748.3722	1467	55.56	92.06	SRR23329748
SRR23329748.3723	1407	56.43	93.00	SRR23329748
SRR23329748.3724	1481	54.02	25.29	SRR23329748
SRR23329748.3725	1453	55.47	73.66	SRR23329748
SRR23329748.3726	1406	55.83	32.36	SRR23329748
SRR23329748.3727	1473	51.26	39.68	SRR23329748
SRR23329748.3729	1406	55.69	87.28	SRR23329748
SRR23329748.3730	1407	55.58	53.48	SRR23329748
SRR23329748.3731	1444	56.37	39.86	SRR23329748
SRR23329748.3732	1446	55.60	72.53	SRR23329748
SRR23329748.3733	1411	54.43	93.00	SRR23329748
SRR23329748.3734	1489	53.93	54.60	SRR23329748
SRR23329748.3736	1475	54.03	92.99	SRR23329748
SRR23329748.3737	1428	56.16	27.77	SRR23329748
SRR23329748.3738	1434	58.51	28.22	SRR23329748
SRR23329748.3739	1407	55.86	93.00	SRR23329748
SRR23329748.3740	1474	54.07	25.96	SRR23329748
SRR23329748.3741	1446	55.60	36.53	SRR23329748
SRR23329748.3742	1411	54.50	59.34	SRR23329748
SRR23329748.3743	1451	50.38	93.00	SRR23329748
SRR23329748.3745	1407	55.86	93.00	SRR23329748
SRR23329748.3746	1445	57.65	45.48	SRR23329748
SRR23329748.3748	1442	53.26	41.59	SRR23329748
SRR23329748.3749	1388	54.39	81.10	SRR23329748
SRR23329748.3750	1488	49.33	85.52	SRR23329748
SRR23329748.3753	1480	57.43	36.34	SRR23329748
SRR23329748.3754	1388	56.05	46.93	SRR23329748
SRR23329748.3755	1408	55.75	93.00	SRR23329748
SRR23329748.3756	1475	51.32	92.93	SRR23329748
SRR23329748.3757	1471	55.61	34.96	SRR23329748
SRR23329748.3758	1451	56.24	27.79	SRR23329748
SRR23329748.3759	1441	52.32	61.50	SRR23329748
SRR23329748.3760	1406	55.19	67.46	SRR23329748
SRR23329748.3762	1424	57.51	91.93	SRR23329748
SRR23329748.3763	1475	54.10	32.97	SRR23329748
SRR23329748.3764	1473	51.26	36.68	SRR23329748
SRR23329748.3765	1488	49.33	36.93	SRR23329748
SRR23329748.3766	1458	52.88	44.51	SRR23329748
SRR23329748.3767	1475	53.97	46.66	SRR23329748
SRR23329748.3768	1475	53.97	35.15	SRR23329748
SRR23329748.3769	1473	51.39	64.54	SRR23329748
SRR23329748.3771	1459	52.84	89.20	SRR23329748
SRR23329748.3772	1411	55.56	27.66	SRR23329748
SRR23329748.3773	1387	56.02	45.85	SRR23329748
SRR23329748.3774	1407	55.93	93.00	SRR23329748
SRR23329748.3775	1486	53.30	34.78	SRR23329748
SRR23329748.3776	1407	56.65	93.00	SRR23329748
SRR23329748.3777	1460	55.00	93.00	SRR23329748
SRR23329748.3778	1556	55.98	46.38	SRR23329748
SRR23329748.3780	1405	56.01	21.09	SRR23329748
SRR23329748.3781	1475	54.24	42.56	SRR23329748
SRR23329748.3782	1407	55.65	91.89	SRR23329748
SRR23329748.3783	1446	58.78	93.00	SRR23329748
SRR23329748.3784	1467	56.92	46.66	SRR23329748
SRR23329748.3785	1447	56.25	27.15	SRR23329748
SRR23329748.3786	1407	55.51	93.00	SRR23329748
SRR23329748.3787	1415	56.82	27.57	SRR23329748
SRR23329748.3788	1445	57.85	93.00	SRR23329748
SRR23329748.3789	1436	49.44	92.63	SRR23329748
SRR23329748.3791	1405	55.87	23.04	SRR23329748
SRR23329748.3792	1489	49.36	37.16	SRR23329748
SRR23329748.3793	1475	53.97	59.68	SRR23329748
SRR23329748.3794	1444	56.23	70.57	SRR23329748
SRR23329748.3795	1475	53.83	48.52	SRR23329748
SRR23329748.3796	1407	55.72	56.27	SRR23329748
SRR23329748.3797	1475	54.17	36.94	SRR23329748
SRR23329748.3798	1407	55.65	26.04	SRR23329748
SRR23329748.3799	1476	49.25	24.04	SRR23329748
SRR23329748.3800	1473	51.46	93.00	SRR23329748
SRR23329748.3802	1409	56.21	92.98	SRR23329748
SRR23329748.3803	1475	54.24	92.86	SRR23329748
SRR23329748.3804	1412	56.87	83.04	SRR23329748
SRR23329748.3806	1459	53.19	34.26	SRR23329748
SRR23329748.3807	1407	56.65	92.98	SRR23329748
SRR23329748.3808	1425	55.72	67.10	SRR23329748
SRR23329748.3809	1439	57.33	34.58	SRR23329748
SRR23329748.3810	1407	55.93	93.00	SRR23329748
SRR23329748.3811	1411	56.63	21.82	SRR23329748
SRR23329748.3812	1447	55.63	21.72	SRR23329748
SRR23329748.3813	1403	56.31	93.00	SRR23329748
SRR23329748.3814	1410	55.89	35.64	SRR23329748
SRR23329748.3815	1413	50.53	49.88	SRR23329748
SRR23329748.3816	1485	55.69	72.68	SRR23329748
SRR23329748.3817	1526	53.41	93.00	SRR23329748
SRR23329748.3818	1403	55.95	62.41	SRR23329748
SRR23329748.3819	1387	54.58	32.22	SRR23329748
SRR23329748.3820	1459	57.23	91.72	SRR23329748
SRR23329748.3821	1444	58.93	32.80	SRR23329748
SRR23329748.3822	1470	51.43	30.60	SRR23329748
SRR23329748.3823	1446	58.02	87.87	SRR23329748
SRR23329748.3824	1412	55.81	93.00	SRR23329748
SRR23329748.3825	1407	56.01	38.71	SRR23329748
SRR23329748.3826	1470	54.29	27.16	SRR23329748
SRR23329748.3827	1388	54.39	89.23	SRR23329748
SRR23329748.3828	1407	55.93	92.93	SRR23329748
SRR23329748.3829	1438	56.40	92.14	SRR23329748
SRR23329748.3830	1445	58.82	35.95	SRR23329748
SRR23329748.3831	1405	55.87	32.72	SRR23329748
SRR23329748.3832	1441	56.84	21.38	SRR23329748
SRR23329748.3833	1444	56.30	45.55	SRR23329748
SRR23329748.3834	1407	55.93	34.81	SRR23329748
SRR23329748.3835	1475	53.97	76.82	SRR23329748
SRR23329748.3836	1477	54.10	25.76	SRR23329748
SRR23329748.3837	1481	49.49	93.00	SRR23329748
SRR23329748.3838	1407	55.86	27.74	SRR23329748
SRR23329748.3839	1446	55.60	92.62	SRR23329748
SRR23329748.3840	1284	34.66	92.90	SRR23329748
SRR23329748.3842	1473	51.39	92.25	SRR23329748
SRR23329748.3843	1462	49.38	24.90	SRR23329748
SRR23329748.3844	1407	56.65	53.30	SRR23329748
SRR23329748.3845	1410	56.67	30.55	SRR23329748
SRR23329748.3846	1464	56.01	23.67	SRR23329748
SRR23329748.3847	1413	55.56	93.00	SRR23329748
SRR23329748.3848	1474	53.93	33.96	SRR23329748
SRR23329748.3849	1407	56.57	93.00	SRR23329748
SRR23329748.3850	1389	56.59	93.00	SRR23329748
SRR23329748.3851	1460	52.33	93.00	SRR23329748
SRR23329748.3852	1406	55.48	28.88	SRR23329748
SRR23329748.3853	1468	57.43	36.90	SRR23329748
SRR23329748.3854	1441	57.25	92.76	SRR23329748
SRR23329748.3855	1484	55.32	47.67	SRR23329748
SRR23329748.3856	1419	55.67	26.12	SRR23329748
SRR23329748.3857	1389	56.30	93.00	SRR23329748
SRR23329748.3858	1446	55.60	51.59	SRR23329748
SRR23329748.3859	1466	49.52	75.48	SRR23329748
SRR23329748.3860	1448	55.25	34.15	SRR23329748
SRR23329748.3861	1473	51.26	74.62	SRR23329748
SRR23329748.3862	1472	55.64	42.68	SRR23329748
SRR23329748.3863	1412	55.81	93.00	SRR23329748
SRR23329748.3864	1412	54.60	35.68	SRR23329748
SRR23329748.3865	1418	57.55	52.51	SRR23329748
SRR23329748.3866	1427	56.20	70.64	SRR23329748
SRR23329748.3867	1446	61.27	29.51	SRR23329748
SRR23329748.3868	1461	52.70	36.79	SRR23329748
SRR23329748.3869	1389	56.52	77.84	SRR23329748
SRR23329748.3870	1467	49.42	48.80	SRR23329748
SRR23329748.3871	1477	54.23	28.92	SRR23329748
SRR23329748.3872	1415	55.55	22.88	SRR23329748
SRR23329748.3873	1475	54.24	93.00	SRR23329748
SRR23329748.3874	1489	53.86	59.30	SRR23329748
SRR23329748.3875	1396	52.29	53.43	SRR23329748
SRR23329748.3876	1473	53.90	32.75	SRR23329748
SRR23329748.3877	1488	49.33	56.26	SRR23329748
SRR23329748.3878	1407	56.57	26.01	SRR23329748
SRR23329748.3879	1385	56.46	49.54	SRR23329748
SRR23329748.3880	1412	56.80	59.21	SRR23329748
SRR23329748.3881	1475	51.39	79.01	SRR23329748
SRR23329748.3882	1488	49.33	89.20	SRR23329748
SRR23329748.3883	1467	57.46	59.62	SRR23329748
SRR23329748.3884	1437	58.52	92.71	SRR23329748
SRR23329748.3885	1487	49.23	31.05	SRR23329748
SRR23329748.3886	1488	57.46	22.07	SRR23329748
SRR23329748.3887	1437	49.41	40.46	SRR23329748
SRR23329748.3888	1431	53.53	33.41	SRR23329748
SRR23329748.3889	1411	55.92	53.08	SRR23329748
SRR23329748.3890	1411	54.43	40.39	SRR23329748
SRR23329748.3891	1436	57.80	92.99	SRR23329748
SRR23329748.3892	1481	49.43	93.00	SRR23329748
SRR23329748.3893	1449	55.35	32.52	SRR23329748
SRR23329748.3894	1442	57.63	61.42	SRR23329748
SRR23329748.3895	1484	55.32	93.00	SRR23329748
SRR23329748.3896	1401	50.39	87.16	SRR23329748
SRR23329748.3897	1407	52.67	89.15	SRR23329748
SRR23329748.3898	1408	55.68	34.14	SRR23329748
SRR23329748.3899	1474	53.87	24.55	SRR23329748
SRR23329748.3900	1413	55.41	74.40	SRR23329748
SRR23329748.3901	1483	49.36	25.85	SRR23329748
SRR23329748.3902	1444	56.16	26.97	SRR23329748
SRR23329748.3903	1412	55.59	63.49	SRR23329748
SRR23329748.3904	1400	56.00	29.20	SRR23329748
SRR23329748.3905	1488	49.33	44.56	SRR23329748
SRR23329748.3906	1458	53.70	55.62	SRR23329748
SRR23329748.3907	1444	56.37	40.23	SRR23329748
SRR23329748.3908	1460	53.42	93.00	SRR23329748
SRR23329748.3909	1388	56.05	28.97	SRR23329748
SRR23329748.3910	1488	49.33	92.93	SRR23329748
SRR23329748.3911	1412	55.81	93.00	SRR23329748
SRR23329748.3912	1476	57.38	22.15	SRR23329748
SRR23329748.3913	1442	57.70	93.00	SRR23329748
SRR23329748.3914	1446	55.60	91.71	SRR23329748
SRR23329748.3915	1414	53.04	62.49	SRR23329748
SRR23329748.3916	1417	53.07	26.04	SRR23329748
SRR23329748.3917	1482	49.46	47.34	SRR23329748
SRR23329748.3918	1401	50.39	37.46	SRR23329748
SRR23329748.3919	1444	58.93	51.43	SRR23329748
SRR23329748.3921	1425	55.72	83.70	SRR23329748
SRR23329748.3922	1407	56.08	68.86	SRR23329748
SRR23329748.3923	1487	49.29	42.63	SRR23329748
SRR23329748.3924	1389	56.59	93.00	SRR23329748
SRR23329748.3925	1423	50.18	93.00	SRR23329748
SRR23329748.3926	1523	53.25	40.83	SRR23329748
SRR23329748.3927	1446	55.60	36.60	SRR23329748
SRR23329748.3928	1454	51.79	67.61	SRR23329748
SRR23329748.3929	1488	49.40	93.00	SRR23329748
SRR23329748.3930	1420	56.76	32.21	SRR23329748
SRR23329748.3931	1403	54.53	20.32	SRR23329748
SRR23329748.3932	1453	56.09	42.24	SRR23329748
SRR23329748.3933	1452	55.23	24.33	SRR23329748
SRR23329748.3934	1473	51.26	75.67	SRR23329748
SRR23329748.3935	1475	53.83	53.62	SRR23329748
SRR23329748.3936	1407	56.08	87.89	SRR23329748
SRR23329748.3937	1414	56.79	24.52	SRR23329748
SRR23329748.3938	1388	56.05	59.54	SRR23329748
SRR23329748.3939	1444	55.54	33.97	SRR23329748
SRR23329748.3940	1447	55.29	93.00	SRR23329748
SRR23329748.3941	1454	51.79	45.54	SRR23329748
SRR23329748.3942	1475	53.97	71.45	SRR23329748
SRR23329748.3943	1405	56.58	38.55	SRR23329748
SRR23329748.3944	1484	55.93	84.03	SRR23329748
SRR23329748.3945	1407	55.65	93.00	SRR23329748
SRR23329748.3947	1446	51.94	92.81	SRR23329748
SRR23329748.3948	1418	57.33	93.00	SRR23329748
SRR23329748.3949	1406	56.54	49.39	SRR23329748
SRR23329748.3950	1411	55.92	82.10	SRR23329748
SRR23329748.3951	1422	57.45	34.09	SRR23329748
SRR23329748.3952	1440	56.25	56.58	SRR23329748
SRR23329748.3954	1407	56.57	66.63	SRR23329748
SRR23329748.3955	1438	50.63	62.34	SRR23329748
SRR23329748.3956	1497	55.31	22.08	SRR23329748
SRR23329748.3957	1412	56.87	93.00	SRR23329748
SRR23329748.3958	1407	57.07	26.38	SRR23329748
SRR23329748.3960	1407	55.72	70.84	SRR23329748
SRR23329748.3961	1411	55.92	93.00	SRR23329748
SRR23329748.3963	1452	54.68	31.19	SRR23329748
SRR23329748.3964	1453	55.75	29.33	SRR23329748
SRR23329748.3965	1467	56.92	69.64	SRR23329748
SRR23329748.3967	1453	56.09	64.95	SRR23329748
SRR23329748.3968	1460	55.00	93.00	SRR23329748
SRR23329748.3969	1464	53.48	25.07	SRR23329748
SRR23329748.3970	1488	49.33	37.61	SRR23329748
SRR23329748.3971	1448	58.01	32.33	SRR23329748
SRR23329748.3972	1458	53.70	54.04	SRR23329748
SRR23329748.3973	1475	53.90	28.21	SRR23329748
SRR23329748.3974	1454	51.79	92.91	SRR23329748
SRR23329748.3975	1459	57.57	92.98	SRR23329748
SRR23329748.3976	1407	55.44	46.33	SRR23329748
SRR23329748.3977	1475	54.17	36.48	SRR23329748
SRR23329748.3978	1458	54.39	21.85	SRR23329748
SRR23329748.3979	1439	57.26	21.18	SRR23329748
SRR23329748.3980	1480	57.43	80.42	SRR23329748
SRR23329748.3981	1407	56.01	31.86	SRR23329748
SRR23329748.3982	1488	49.33	56.29	SRR23329748
SRR23329748.3983	1407	56.65	44.75	SRR23329748
SRR23329748.3984	1436	49.37	93.00	SRR23329748
SRR23329748.3985	1427	57.67	30.33	SRR23329748
SRR23329748.3986	1457	54.50	29.10	SRR23329748
SRR23329748.3987	1454	53.85	85.73	SRR23329748
SRR23329748.3988	1458	56.86	92.98	SRR23329748
SRR23329748.3989	1406	56.61	36.48	SRR23329748
SRR23329748.3990	1407	55.65	87.81	SRR23329748
SRR23329748.3991	1470	57.41	25.02	SRR23329748
SRR23329748.3992	1490	52.89	20.72	SRR23329748
SRR23329748.3993	1424	56.74	65.42	SRR23329748
SRR23329748.3994	1488	49.26	66.55	SRR23329748
SRR23329748.3995	1411	54.50	85.50	SRR23329748
SRR23329748.3996	1409	53.44	93.00	SRR23329748
SRR23329748.3997	1422	49.30	35.53	SRR23329748
SRR23329748.3998	1408	55.75	54.54	SRR23329748
SRR23329748.3999	1462	55.06	30.26	SRR23329748
SRR23329748.4000	1481	53.88	29.54	SRR23329748
SRR23329748.4001	1459	55.24	20.62	SRR23329748
SRR23329748.4003	1495	53.91	20.90	SRR23329748
SRR23329748.4004	1460	53.56	93.00	SRR23329748
SRR23329748.4005	1433	59.25	59.50	SRR23329748
SRR23329748.4006	1481	49.49	35.25	SRR23329748
SRR23329748.4007	1474	54.14	90.53	SRR23329748
SRR23329748.4008	1473	53.90	34.87	SRR23329748
SRR23329748.4009	1407	56.01	93.00	SRR23329748
SRR23329748.4010	1475	54.24	79.47	SRR23329748
SRR23329748.4011	1457	61.43	26.20	SRR23329748
SRR23329748.4012	1458	53.50	53.38	SRR23329748
SRR23329748.4013	1489	49.29	39.71	SRR23329748
SRR23329748.4014	1408	55.75	85.61	SRR23329748
SRR23329748.4015	1164	46.48	93.00	SRR23329748
SRR23329748.4016	1451	55.27	20.48	SRR23329748
SRR23329748.4017	1439	53.44	44.20	SRR23329748
SRR23329748.4018	1424	50.21	29.64	SRR23329748
SRR23329748.4019	1445	57.85	33.23	SRR23329748
SRR23329748.4020	1436	56.89	67.26	SRR23329748
SRR23329748.4021	1401	54.96	36.49	SRR23329748
SRR23329748.4022	1440	58.54	29.66	SRR23329748
SRR23329748.4023	1438	59.74	87.94	SRR23329748
SRR23329748.4024	1433	57.43	49.92	SRR23329748
SRR23329748.4025	1467	49.42	91.45	SRR23329748
SRR23329748.4026	1403	56.45	23.63	SRR23329748
SRR23329748.4027	1475	53.90	55.90	SRR23329748
SRR23329748.4028	1475	51.39	29.78	SRR23329748
SRR23329748.4029	1480	57.57	30.79	SRR23329748
SRR23329748.4030	1497	49.37	21.90	SRR23329748
SRR23329748.4031	1407	55.65	42.37	SRR23329748
SRR23329748.4032	1441	58.50	31.79	SRR23329748
SRR23329748.4033	1484	55.93	47.69	SRR23329748
SRR23329748.4034	1479	55.71	28.03	SRR23329748
SRR23329748.4035	1477	54.43	24.26	SRR23329748
SRR23329748.4036	1475	53.83	83.54	SRR23329748
SRR23329748.4037	1469	51.40	22.00	SRR23329748
SRR23329748.4038	1475	53.90	64.41	SRR23329748
SRR23329748.4039	1444	56.58	22.00	SRR23329748
SRR23329748.4040	1409	55.71	24.07	SRR23329748
SRR23329748.4041	1458	57.20	38.39	SRR23329748
SRR23329748.4042	1460	53.56	91.95	SRR23329748
SRR23329748.4043	1465	53.38	22.37	SRR23329748
SRR23329748.4044	1412	57.15	83.91	SRR23329748
SRR23329748.4045	1411	55.92	93.00	SRR23329748
SRR23329748.4046	1514	44.19	47.65	SRR23329748
SRR23329748.4047	1407	55.86	33.43	SRR23329748
SRR23329748.4048	1452	56.82	70.55	SRR23329748
SRR23329748.4049	1389	56.66	37.42	SRR23329748
SRR23329748.4050	1407	56.65	60.41	SRR23329748
SRR23329748.4051	1483	55.77	21.65	SRR23329748
SRR23329748.4052	1479	54.02	24.45	SRR23329748
SRR23329748.4053	1407	56.43	93.00	SRR23329748
SRR23329748.4054	1461	52.57	34.52	SRR23329748
SRR23329748.4055	1467	49.49	92.89	SRR23329748
SRR23329748.4058	1454	51.86	87.97	SRR23329748
SRR23329748.4059	1423	53.13	44.36	SRR23329748
SRR23329748.4060	1407	56.22	20.31	SRR23329748
SRR23329748.4061	1453	57.26	45.62	SRR23329748
SRR23329748.4062	1407	56.65	48.43	SRR23329748
SRR23329748.4063	1413	50.53	93.00	SRR23329748
SRR23329748.4064	1488	49.33	93.00	SRR23329748
SRR23329748.4066	1467	49.49	93.00	SRR23329748
SRR23329748.4067	1467	57.40	91.46	SRR23329748
SRR23329748.4068	1413	55.98	93.00	SRR23329748
SRR23329748.4069	1445	57.85	93.00	SRR23329748
SRR23329748.4070	1406	55.62	25.13	SRR23329748
SRR23329748.4071	1472	51.22	32.73	SRR23329748
SRR23329748.4072	1474	54.00	36.63	SRR23329748
SRR23329748.4073	1453	55.47	93.00	SRR23329748
SRR23329748.4074	1409	55.71	31.77	SRR23329748
SRR23329748.4075	1408	55.68	37.37	SRR23329748
SRR23329748.4076	1469	58.27	44.46	SRR23329748
SRR23329748.4077	1416	51.84	26.41	SRR23329748
SRR23329748.4078	1425	55.86	92.75	SRR23329748
SRR23329748.4079	1407	56.29	93.00	SRR23329748
SRR23329748.4080	1493	51.64	22.73	SRR23329748
SRR23329748.4081	1475	54.24	78.13	SRR23329748
SRR23329748.4082	1407	55.79	46.26	SRR23329748
SRR23329748.4083	1442	58.60	86.49	SRR23329748
SRR23329748.4084	1401	50.32	65.09	SRR23329748
SRR23329748.4085	1421	56.79	93.00	SRR23329748
SRR23329748.4086	1473	51.12	22.45	SRR23329748
SRR23329748.4087	1446	55.53	56.60	SRR23329748
SRR23329748.4089	1407	56.08	78.95	SRR23329748
SRR23329748.4090	1374	54.22	22.37	SRR23329748
SRR23329748.4091	1385	54.80	25.55	SRR23329748
SRR23329748.4092	1383	54.88	38.07	SRR23329748
SRR23329748.4093	1447	55.84	59.65	SRR23329748
SRR23329748.4094	1445	57.92	44.71	SRR23329748
SRR23329748.4095	1445	57.92	93.00	SRR23329748
SRR23329748.4096	1478	52.03	93.00	SRR23329748
SRR23329748.4097	1403	56.02	92.86	SRR23329748
SRR23329748.4099	1467	59.17	57.66	SRR23329748
SRR23329748.4100	1488	49.33	93.00	SRR23329748
SRR23329748.4101	1407	56.57	93.00	SRR23329748
SRR23329748.4102	1458	58.57	30.17	SRR23329748
SRR23329748.4103	1448	55.18	34.00	SRR23329748
SRR23329748.4104	1488	49.33	51.72	SRR23329748
SRR23329748.4105	1440	57.99	85.17	SRR23329748
SRR23329748.4106	1466	51.16	23.26	SRR23329748
SRR23329748.4107	1446	55.60	93.00	SRR23329748
SRR23329748.4108	1455	52.78	23.43	SRR23329748
SRR23329748.4109	1408	56.61	47.72	SRR23329748
SRR23329748.4112	1433	58.41	30.68	SRR23329748
SRR23329748.4113	1407	55.65	64.22	SRR23329748
SRR23329748.4114	1387	56.02	92.96	SRR23329748
SRR23329748.4115	1481	49.49	37.63	SRR23329748
SRR23329748.4116	1463	49.35	25.28	SRR23329748
SRR23329748.4117	1408	55.75	92.98	SRR23329748
SRR23329748.4119	1404	53.35	23.74	SRR23329748
SRR23329748.4121	1424	56.74	93.00	SRR23329748
SRR23329748.4122	1407	55.58	48.01	SRR23329748
SRR23329748.4123	1474	54.21	33.05	SRR23329748
SRR23329748.4124	1383	55.46	25.77	SRR23329748
SRR23329748.4125	1461	52.70	93.00	SRR23329748
SRR23329748.4126	1452	51.93	21.26	SRR23329748
SRR23329748.4127	1473	51.39	60.66	SRR23329748
SRR23329748.4128	1460	52.53	47.00	SRR23329748
SRR23329748.4129	1446	58.78	93.00	SRR23329748
SRR23329748.4130	1475	53.97	73.58	SRR23329748
SRR23329748.4131	1407	55.93	93.00	SRR23329748
SRR23329748.4132	1488	49.33	93.00	SRR23329748
SRR23329748.4133	1423	50.25	72.44	SRR23329748
SRR23329748.4134	1452	56.96	36.56	SRR23329748
SRR23329748.4135	1383	54.81	92.41	SRR23329748
SRR23329748.4136	1475	53.90	72.37	SRR23329748
SRR23329748.4137	1413	55.56	51.27	SRR23329748
SRR23329748.4138	1407	56.08	62.38	SRR23329748
SRR23329748.4139	1473	51.26	90.37	SRR23329748
SRR23329748.4140	1407	56.57	56.71	SRR23329748
SRR23329748.4141	1452	57.16	21.35	SRR23329748
SRR23329748.4142	1407	55.93	33.92	SRR23329748
SRR23329748.4143	1476	53.93	36.68	SRR23329748
SRR23329748.4144	1492	54.16	27.01	SRR23329748
SRR23329748.4145	1417	50.95	70.17	SRR23329748
SRR23329748.4146	1453	57.26	28.52	SRR23329748
SRR23329748.4147	1414	53.04	56.44	SRR23329748
SRR23329748.4149	1449	55.97	93.00	SRR23329748
SRR23329748.4150	1439	56.50	93.00	SRR23329748
SRR23329748.4151	1456	58.93	30.74	SRR23329748
SRR23329748.4152	1475	54.31	53.69	SRR23329748
SRR23329748.4153	1458	57.27	91.09	SRR23329748
SRR23329748.4154	1387	55.59	30.83	SRR23329748
SRR23329748.4155	1387	56.09	93.00	SRR23329748
SRR23329748.4156	1447	57.91	92.86	SRR23329748
SRR23329748.4157	1201	54.79	93.00	SRR23329748
SRR23329748.4158	1433	59.25	92.85	SRR23329748
SRR23329748.4159	1408	55.75	93.00	SRR23329748
SRR23329748.4160	1475	53.90	93.00	SRR23329748
SRR23329748.4161	1444	59.07	30.51	SRR23329748
SRR23329748.4163	1445	56.33	92.99	SRR23329748
SRR23329748.4164	1479	51.99	28.77	SRR23329748
SRR23329748.4165	1407	56.65	42.39	SRR23329748
SRR23329748.4166	1407	55.86	85.58	SRR23329748
SRR23329748.4167	1471	52.48	39.58	SRR23329748
SRR23329748.4168	1479	58.82	36.89	SRR23329748
SRR23329748.4169	1453	51.82	38.28	SRR23329748
SRR23329748.4170	1484	55.39	35.22	SRR23329748
SRR23329748.4171	1483	54.21	24.65	SRR23329748
SRR23329748.4172	1407	55.65	92.17	SRR23329748
SRR23329748.4174	1481	49.49	46.12	SRR23329748
SRR23329748.4175	1486	54.17	92.72	SRR23329748
SRR23329748.4177	1408	55.97	27.83	SRR23329748
SRR23329748.4178	1453	54.85	80.38	SRR23329748
SRR23329748.4179	1446	55.60	57.13	SRR23329748
SRR23329748.4180	1452	55.37	21.03	SRR23329748
SRR23329748.4181	1467	49.49	71.04	SRR23329748
SRR23329748.4182	1411	56.27	92.99	SRR23329748
SRR23329748.4183	1471	53.91	24.61	SRR23329748
SRR23329748.4184	1968	55.18	32.33	SRR23329748
SRR23329748.4185	1444	56.16	92.94	SRR23329748
SRR23329748.4186	1387	55.52	25.97	SRR23329748
SRR23329748.4187	1447	55.63	93.00	SRR23329748
SRR23329748.4188	1467	49.35	53.63	SRR23329748
SRR23329748.4189	1407	55.93	92.99	SRR23329748
SRR23329748.4190	1407	55.58	93.00	SRR23329748
SRR23329748.4191	1454	51.79	92.97	SRR23329748
SRR23329748.4192	1458	50.21	35.68	SRR23329748
SRR23329748.4193	1437	58.52	40.34	SRR23329748
SRR23329748.4194	1452	57.02	33.04	SRR23329748
SRR23329748.4195	1407	55.79	92.42	SRR23329748
SRR23329748.4196	1454	51.79	43.64	SRR23329748
SRR23329748.4197	1442	56.31	31.28	SRR23329748
SRR23329748.4198	1431	57.65	93.00	SRR23329748
SRR23329748.4199	1467	49.35	93.00	SRR23329748
SRR23329748.4200	1473	54.04	33.71	SRR23329748
SRR23329748.4201	1426	45.09	92.99	SRR23329748
SRR23329748.4202	1447	55.15	53.33	SRR23329748
SRR23329748.4203	1385	55.67	92.94	SRR23329748
SRR23329748.4204	1407	56.50	44.33	SRR23329748
SRR23329748.4205	1438	51.18	29.96	SRR23329748
SRR23329748.4206	1447	55.22	92.99	SRR23329748
SRR23329748.4207	1474	54.34	44.98	SRR23329748
SRR23329748.4209	1409	55.71	33.25	SRR23329748
SRR23329748.4210	1459	55.45	21.93	SRR23329748
SRR23329748.4211	1467	49.28	40.97	SRR23329748
SRR23329748.4212	1473	53.97	38.35	SRR23329748
SRR23329748.4213	1471	53.70	21.65	SRR23329748
SRR23329748.4214	1475	53.97	51.43	SRR23329748
SRR23329748.4215	1471	51.19	21.96	SRR23329748
SRR23329748.4216	1447	56.67	33.56	SRR23329748
SRR23329748.4217	1467	56.92	45.46	SRR23329748
SRR23329748.4218	1443	58.63	22.12	SRR23329748
SRR23329748.4219	1446	55.60	63.17	SRR23329748
SRR23329748.4220	1383	55.17	93.00	SRR23329748
SRR23329748.4223	1473	51.32	76.44	SRR23329748
SRR23329748.4224	1458	56.04	34.82	SRR23329748
SRR23329748.4225	1407	55.58	34.81	SRR23329748
SRR23329748.4226	1412	57.15	92.96	SRR23329748
SRR23329748.4228	1386	54.55	35.38	SRR23329748
SRR23329748.4229	1481	49.36	93.00	SRR23329748
SRR23329748.4232	1474	54.21	30.26	SRR23329748
SRR23329748.4233	1440	58.61	27.26	SRR23329748
SRR23329748.4235	1407	56.65	74.12	SRR23329748
SRR23329748.4236	1390	52.16	28.84	SRR23329748
SRR23329748.4237	1446	55.60	93.00	SRR23329748
SRR23329748.4238	1432	56.63	92.30	SRR23329748
SRR23329748.4239	1402	55.63	27.89	SRR23329748
SRR23329748.4240	1510	42.98	26.76	SRR23329748
SRR23329748.4241	1389	54.64	36.88	SRR23329748
SRR23329748.4242	1411	54.64	93.00	SRR23329748
SRR23329748.4243	1446	58.78	93.00	SRR23329748
SRR23329748.4244	1475	53.97	58.35	SRR23329748
SRR23329748.4245	1406	55.90	33.89	SRR23329748
SRR23329748.4246	1454	51.79	93.00	SRR23329748
SRR23329748.4248	1444	58.80	93.00	SRR23329748
SRR23329748.4249	1475	54.24	92.97	SRR23329748
SRR23329748.4250	1481	49.43	87.95	SRR23329748
SRR23329748.4251	1467	55.56	65.66	SRR23329748
SRR23329748.4252	1458	57.41	34.84	SRR23329748
SRR23329748.4253	1474	54.00	38.44	SRR23329748
SRR23329748.4254	1473	51.26	38.16	SRR23329748
SRR23329748.4255	1410	55.82	25.25	SRR23329748
SRR23329748.4256	1421	56.72	52.41	SRR23329748
SRR23329748.4257	1424	57.72	24.02	SRR23329748
SRR23329748.4258	1473	51.19	56.00	SRR23329748
SRR23329748.4259	1425	54.11	92.85	SRR23329748
SRR23329748.4260	1409	54.72	38.43	SRR23329748
SRR23329748.4261	1412	56.80	73.45	SRR23329748
SRR23329748.4262	1483	49.49	27.25	SRR23329748
SRR23329748.4263	1407	55.93	93.00	SRR23329748
SRR23329748.4264	1473	51.26	92.68	SRR23329748
SRR23329748.4265	1475	53.97	65.57	SRR23329748
SRR23329748.4266	1466	49.39	34.36	SRR23329748
SRR23329748.4267	1477	51.46	23.66	SRR23329748
SRR23329748.4268	1488	49.33	30.91	SRR23329748
SRR23329748.4269	1437	56.99	93.00	SRR23329748
SRR23329748.4270	1411	55.78	40.71	SRR23329748
SRR23329748.4271	1438	57.79	32.15	SRR23329748
SRR23329748.4272	1470	52.65	67.93	SRR23329748
SRR23329748.4273	1474	54.00	36.92	SRR23329748
SRR23329748.4274	1475	54.37	26.32	SRR23329748
SRR23329748.4275	1471	51.46	22.65	SRR23329748
SRR23329748.4276	1968	55.23	39.05	SRR23329748
SRR23329748.4277	1414	47.81	81.44	SRR23329748
SRR23329748.4278	1446	55.60	50.94	SRR23329748
SRR23329748.4279	1481	49.43	30.34	SRR23329748
SRR23329748.4280	1481	49.43	93.00	SRR23329748
SRR23329748.4281	1383	54.30	27.72	SRR23329748
SRR23329748.4282	1413	56.90	23.27	SRR23329748
SRR23329748.4283	1407	56.65	92.28	SRR23329748
SRR23329748.4284	1421	56.79	93.00	SRR23329748
SRR23329748.4285	1434	56.62	92.98	SRR23329748
SRR23329748.4286	1438	50.63	30.76	SRR23329748
SRR23329748.4287	1467	49.35	92.97	SRR23329748
SRR23329748.4288	1482	53.91	25.36	SRR23329748
SRR23329748.4289	1402	56.56	24.64	SRR23329748
SRR23329748.4290	1411	54.64	93.00	SRR23329748
SRR23329748.4291	1456	58.17	85.72	SRR23329748
SRR23329748.4292	1481	49.43	67.35	SRR23329748
SRR23329748.4293	1475	53.90	90.75	SRR23329748
SRR23329748.4294	1388	56.05	76.32	SRR23329748
SRR23329748.4295	1475	54.10	91.76	SRR23329748
SRR23329748.4296	1492	49.40	22.89	SRR23329748
SRR23329748.4297	1406	56.61	36.47	SRR23329748
SRR23329748.4298	1411	54.78	78.00	SRR23329748
SRR23329748.4299	1407	55.86	89.89	SRR23329748
SRR23329748.4301	1467	52.69	21.63	SRR23329748
SRR23329748.4302	1475	54.10	93.00	SRR23329748
SRR23329748.4303	1489	53.93	72.64	SRR23329748
SRR23329748.4304	1409	56.64	33.48	SRR23329748
SRR23329748.4305	1487	55.21	93.00	SRR23329748
SRR23329748.4306	1407	56.65	46.26	SRR23329748
SRR23329748.4307	1554	55.98	81.04	SRR23329748
SRR23329748.4308	1409	59.19	43.20	SRR23329748
SRR23329748.4309	1456	58.93	72.34	SRR23329748
SRR23329748.4310	1408	55.97	31.55	SRR23329748
SRR23329748.4311	1459	52.91	42.23	SRR23329748
SRR23329748.4312	1385	55.67	93.00	SRR23329748
SRR23329748.4313	1465	57.41	33.13	SRR23329748
SRR23329748.4314	1459	53.67	29.55	SRR23329748
SRR23329748.4315	1412	56.73	46.74	SRR23329748
SRR23329748.4316	1475	54.24	44.34	SRR23329748
SRR23329748.4317	1470	54.01	23.80	SRR23329748
SRR23329748.4318	1404	56.34	32.65	SRR23329748
SRR23329748.4319	1454	58.12	21.46	SRR23329748
SRR23329748.4320	1381	55.97	24.06	SRR23329748
SRR23329748.4321	1415	55.48	27.20	SRR23329748
SRR23329748.4322	1454	50.48	20.74	SRR23329748
SRR23329748.4323	1476	59.35	35.88	SRR23329748
SRR23329748.4324	1417	57.45	22.43	SRR23329748
SRR23329748.4325	1472	51.36	43.67	SRR23329748
SRR23329748.4326	1488	49.33	24.36	SRR23329748
SRR23329748.4327	1486	54.04	30.09	SRR23329748
SRR23329748.4328	1467	49.49	53.05	SRR23329748
SRR23329748.4329	1489	53.12	22.04	SRR23329748
SRR23329748.4330	1481	49.43	72.41	SRR23329748
SRR23329748.4331	1475	54.24	91.24	SRR23329748
SRR23329748.4332	1458	57.75	74.54	SRR23329748
SRR23329748.4333	1416	56.85	20.76	SRR23329748
SRR23329748.4334	1408	56.68	29.70	SRR23329748
SRR23329748.4335	1414	56.79	31.82	SRR23329748
SRR23329748.4336	1434	56.56	54.46	SRR23329748
SRR23329748.4337	1432	56.63	76.52	SRR23329748
SRR23329748.4338	1410	55.67	23.10	SRR23329748
SRR23329748.4339	1456	56.46	21.67	SRR23329748
SRR23329748.4340	1486	52.15	33.73	SRR23329748
SRR23329748.4341	1407	56.01	71.34	SRR23329748
SRR23329748.4342	1390	56.55	27.03	SRR23329748
SRR23329748.4343	1425	56.14	93.00	SRR23329748
SRR23329748.4344	1475	54.03	42.83	SRR23329748
SRR23329748.4345	1380	55.29	28.41	SRR23329748
SRR23329748.4346	1454	56.53	89.11	SRR23329748
SRR23329748.4347	1445	57.79	92.46	SRR23329748
SRR23329748.4348	1411	55.63	93.00	SRR23329748
SRR23329748.4349	1475	54.17	93.00	SRR23329748
SRR23329748.4350	1475	53.97	84.04	SRR23329748
SRR23329748.4351	1467	57.46	92.86	SRR23329748
SRR23329748.4352	1414	52.90	73.46	SRR23329748
SRR23329748.4353	1488	49.33	84.96	SRR23329748
SRR23329748.4354	1406	55.97	33.04	SRR23329748
SRR23329748.4355	1406	56.61	40.74	SRR23329748
SRR23329748.4356	1414	56.72	20.77	SRR23329748
SRR23329748.4357	1407	55.79	44.78	SRR23329748
SRR23329748.4358	1471	54.04	26.68	SRR23329748
SRR23329748.4359	1444	51.80	27.29	SRR23329748
SRR23329748.4360	1446	55.60	92.85	SRR23329748
SRR23329748.4361	1479	54.02	29.78	SRR23329748
SRR23329748.4362	1447	58.67	24.64	SRR23329748
SRR23329748.4363	1484	55.53	93.00	SRR23329748
SRR23329748.4364	1456	58.93	36.87	SRR23329748
SRR23329748.4365	1460	52.47	92.93	SRR23329748
SRR23329748.4366	1387	56.02	85.75	SRR23329748
SRR23329748.4367	1412	56.87	93.00	SRR23329748
SRR23329748.4368	1407	55.65	93.00	SRR23329748
SRR23329748.4369	1475	54.10	47.70	SRR23329748
SRR23329748.4370	1444	56.09	65.59	SRR23329748
SRR23329748.4371	1449	55.28	93.00	SRR23329748
SRR23329748.4372	1467	57.53	92.95	SRR23329748
SRR23329748.4374	1458	53.57	32.44	SRR23329748
SRR23329748.4375	1466	49.45	20.92	SRR23329748
SRR23329748.4376	1454	51.79	93.00	SRR23329748
SRR23329748.4377	1439	56.08	93.00	SRR23329748
SRR23329748.4378	1442	52.15	93.00	SRR23329748
SRR23329748.4379	1409	56.71	28.69	SRR23329748
SRR23329748.4380	1481	51.18	30.72	SRR23329748
SRR23329748.4381	1481	49.49	37.16	SRR23329748
SRR23329748.4382	1466	55.12	93.00	SRR23329748
SRR23329748.4383	1408	55.82	55.48	SRR23329748
SRR23329748.4384	1460	55.00	35.63	SRR23329748
SRR23329748.4385	1436	50.28	54.44	SRR23329748
SRR23329748.4386	1488	49.33	90.37	SRR23329748
SRR23329748.4387	1407	55.65	39.11	SRR23329748
SRR23329748.4388	1454	51.86	92.17	SRR23329748
SRR23329748.4389	1488	49.33	92.93	SRR23329748
SRR23329748.4390	1454	51.79	39.91	SRR23329748
SRR23329748.4391	1459	52.78	62.61	SRR23329748
SRR23329748.4392	1473	51.19	92.99	SRR23329748
SRR23329748.4393	1475	53.90	83.22	SRR23329748
SRR23329748.4394	1474	54.14	33.01	SRR23329748
SRR23329748.4395	1469	49.35	29.13	SRR23329748
SRR23329748.4396	1414	55.87	21.10	SRR23329748
SRR23329748.4397	1473	51.26	73.22	SRR23329748
SRR23329748.4398	1404	57.12	37.96	SRR23329748
SRR23329748.4400	1472	57.88	66.66	SRR23329748
SRR23329748.4401	1454	51.79	93.00	SRR23329748
SRR23329748.4402	1451	55.48	22.03	SRR23329748
SRR23329748.4404	1446	57.54	37.12	SRR23329748
SRR23329748.4405	1475	54.10	39.69	SRR23329748
SRR23329748.4406	1494	49.33	24.44	SRR23329748
SRR23329748.4408	1439	56.08	31.51	SRR23329748
SRR23329748.4410	1441	59.54	41.10	SRR23329748
SRR23329748.4411	1489	53.93	92.91	SRR23329748
SRR23329748.4412	1406	55.19	47.41	SRR23329748
SRR23329748.4413	1486	54.04	93.00	SRR23329748
SRR23329748.4415	1407	56.15	93.00	SRR23329748
SRR23329748.4416	1409	55.64	27.36	SRR23329748
SRR23329748.4417	1407	55.65	90.01	SRR23329748
SRR23329748.4419	1403	55.45	21.93	SRR23329748
SRR23329748.4420	1446	55.60	93.00	SRR23329748
SRR23329748.4421	1462	52.74	34.30	SRR23329748
SRR23329748.4422	1443	60.22	40.29	SRR23329748
SRR23329748.4423	1467	57.40	92.98	SRR23329748
SRR23329748.4424	1436	49.44	54.51	SRR23329748
SRR23329748.4425	1484	55.59	72.51	SRR23329748
SRR23329748.4426	1440	59.51	93.00	SRR23329748
SRR23329748.4427	1474	54.07	27.44	SRR23329748
SRR23329748.4428	1410	56.74	36.05	SRR23329748
SRR23329748.4429	1409	58.98	33.69	SRR23329748
SRR23329748.4430	1407	55.65	62.99	SRR23329748
SRR23329748.4431	1408	48.65	75.03	SRR23329748
SRR23329748.4432	1412	55.81	74.21	SRR23329748
SRR23329748.4433	1411	55.85	29.12	SRR23329748
SRR23329748.4434	1456	57.62	45.08	SRR23329748
SRR23329748.4435	1490	49.33	29.61	SRR23329748
SRR23329748.4436	1447	55.22	55.60	SRR23329748
SRR23329748.4437	1486	54.10	35.55	SRR23329748
SRR23329748.4438	1384	55.78	39.95	SRR23329748
SRR23329748.4439	1386	55.99	91.37	SRR23329748
SRR23329748.4440	1440	57.99	78.43	SRR23329748
SRR23329748.4441	1439	59.76	39.77	SRR23329748
SRR23329748.4442	1443	57.80	30.57	SRR23329748
SRR23329748.4443	1233	40.63	26.61	SRR23329748
SRR23329748.4444	1412	55.74	22.94	SRR23329748
SRR23329748.4445	1407	55.65	82.97	SRR23329748
SRR23329748.4447	1418	55.64	29.41	SRR23329748
SRR23329748.4448	1462	52.46	26.87	SRR23329748
SRR23329748.4449	1459	52.57	31.66	SRR23329748
SRR23329748.4450	1461	53.39	20.02	SRR23329748
SRR23329748.4451	1437	55.46	56.58	SRR23329748
SRR23329748.4452	1412	54.46	32.10	SRR23329748
SRR23329748.4453	1422	56.89	93.00	SRR23329748
SRR23329748.4454	1473	51.19	55.68	SRR23329748
SRR23329748.4455	1467	49.49	87.30	SRR23329748
SRR23329748.4456	1410	54.54	28.13	SRR23329748
SRR23329748.4457	1460	52.88	26.03	SRR23329748
SRR23329748.4458	1390	55.68	88.23	SRR23329748
SRR23329748.4459	1447	51.55	26.12	SRR23329748
SRR23329748.4460	1488	53.97	46.72	SRR23329748
SRR23329748.4461	1443	52.32	22.74	SRR23329748
SRR23329748.4462	1484	55.59	37.91	SRR23329748
SRR23329748.4463	1481	49.56	93.00	SRR23329748
SRR23329748.4464	1409	55.64	70.46	SRR23329748
SRR23329748.4466	1447	57.91	74.54	SRR23329748
SRR23329748.4467	1488	49.26	82.14	SRR23329748
SRR23329748.4468	1515	43.04	27.32	SRR23329748
SRR23329748.4469	1385	55.45	79.82	SRR23329748
SRR23329748.4470	1388	55.55	90.80	SRR23329748
SRR23329748.4471	1484	54.65	58.56	SRR23329748
SRR23329748.4472	1446	58.85	39.43	SRR23329748
SRR23329748.4474	1388	55.62	47.10	SRR23329748
SRR23329748.4475	1469	49.35	33.81	SRR23329748
SRR23329748.4476	1447	57.64	29.46	SRR23329748
SRR23329748.4477	1480	51.28	25.88	SRR23329748
SRR23329748.4478	1413	57.75	93.00	SRR23329748
SRR23329748.4479	1407	56.43	36.07	SRR23329748
SRR23329748.4480	1453	55.47	35.59	SRR23329748
SRR23329748.4481	1445	57.85	93.00	SRR23329748
SRR23329748.4483	1474	53.93	39.68	SRR23329748
SRR23329748.4484	1444	58.93	51.33	SRR23329748
SRR23329748.4485	1447	55.22	38.42	SRR23329748
SRR23329748.4486	1407	55.65	93.00	SRR23329748
SRR23329748.4488	1445	56.40	21.32	SRR23329748
SRR23329748.4489	1445	57.92	92.50	SRR23329748
SRR23329748.4490	1484	55.46	66.70	SRR23329748
SRR23329748.4491	1459	52.91	58.64	SRR23329748
SRR23329748.4492	1471	52.48	65.83	SRR23329748
SRR23329748.4493	1381	54.67	29.08	SRR23329748
SRR23329748.4494	1473	51.26	35.56	SRR23329748
SRR23329748.4495	1446	51.94	28.95	SRR23329748
SRR23329748.4496	1407	55.65	93.00	SRR23329748
SRR23329748.4497	1406	56.61	37.12	SRR23329748
SRR23329748.4498	1432	53.56	79.37	SRR23329748
SRR23329748.4499	1391	58.81	92.93	SRR23329748
SRR23329748.4500	1483	49.70	19.99	SRR23329748
SRR23329748.4501	1406	56.05	29.69	SRR23329748
SRR23329748.4502	1488	49.33	93.00	SRR23329748
SRR23329748.4503	1438	57.02	24.60	SRR23329748
SRR23329748.4504	1449	55.35	39.61	SRR23329748
SRR23329748.4505	1474	54.34	89.75	SRR23329748
SRR23329748.4506	1449	56.18	93.00	SRR23329748
SRR23329748.4507	1488	49.26	57.25	SRR23329748
SRR23329748.4508	1447	57.01	28.33	SRR23329748
SRR23329748.4509	1480	57.43	81.39	SRR23329748
SRR23329748.4510	1407	56.08	93.00	SRR23329748
SRR23329748.4511	1438	56.26	22.13	SRR23329748
SRR23329748.4512	1412	56.80	92.88	SRR23329748
SRR23329748.4513	1462	53.01	52.98	SRR23329748
SRR23329748.4514	1442	56.31	23.67	SRR23329748
SRR23329748.4515	1428	57.84	20.20	SRR23329748
SRR23329748.4517	1467	49.42	32.00	SRR23329748
SRR23329748.4518	1442	58.25	38.76	SRR23329748
SRR23329748.4519	1389	55.65	26.08	SRR23329748
SRR23329748.4520	1449	57.69	35.34	SRR23329748
SRR23329748.4521	1459	53.87	92.63	SRR23329748
SRR23329748.4522	1406	55.19	37.20	SRR23329748
SRR23329748.4523	1411	54.64	81.20	SRR23329748
SRR23329748.4524	1474	54.07	39.14	SRR23329748
SRR23329748.4525	1412	51.84	34.53	SRR23329748
SRR23329748.4526	1453	57.05	63.92	SRR23329748
SRR23329748.4527	1475	53.90	93.00	SRR23329748
SRR23329748.4528	1406	56.54	33.51	SRR23329748
SRR23329748.4529	1474	54.07	36.27	SRR23329748
SRR23329748.4530	1488	49.26	93.00	SRR23329748
SRR23329748.4532	1389	56.59	81.13	SRR23329748
SRR23329748.4533	1407	56.65	40.48	SRR23329748
SRR23329748.4534	1407	56.65	92.96	SRR23329748
SRR23329748.4535	1454	55.02	24.32	SRR23329748
SRR23329748.4536	1474	54.27	44.18	SRR23329748
SRR23329748.4537	1411	53.51	24.36	SRR23329748
SRR23329748.4538	1408	55.75	62.32	SRR23329748
SRR23329748.4539	1446	50.83	93.00	SRR23329748
SRR23329748.4540	1475	53.97	93.00	SRR23329748
SRR23329748.4541	1407	55.58	93.00	SRR23329748
SRR23329748.4542	1410	54.75	45.41	SRR23329748
SRR23329748.4544	1407	55.65	92.99	SRR23329748
SRR23329748.4545	1456	54.53	20.59	SRR23329748
SRR23329748.4546	1473	51.39	50.95	SRR23329748
SRR23329748.4547	1454	51.79	91.67	SRR23329748
SRR23329748.4548	1454	51.79	43.62	SRR23329748
SRR23329748.4549	1475	54.17	73.93	SRR23329748
SRR23329748.4550	1408	55.75	66.12	SRR23329748
SRR23329748.4551	1413	54.42	28.74	SRR23329748
SRR23329748.4552	1407	56.65	93.00	SRR23329748
SRR23329748.4553	1389	56.66	93.00	SRR23329748
SRR23329748.4554	1414	55.59	50.05	SRR23329748
SRR23329748.4555	1412	56.73	36.45	SRR23329748
SRR23329748.4556	1444	58.80	54.40	SRR23329748
SRR23329748.4557	1386	55.99	92.96	SRR23329748
SRR23329748.4558	1485	51.65	33.11	SRR23329748
SRR23329748.4559	1442	57.84	29.83	SRR23329748
SRR23329748.4560	1484	55.46	35.65	SRR23329748
SRR23329748.4561	1453	54.09	24.56	SRR23329748
SRR23329748.4562	1478	54.06	27.49	SRR23329748
SRR23329748.4563	1488	49.33	93.00	SRR23329748
SRR23329748.4564	1465	49.28	34.81	SRR23329748
SRR23329748.4566	1460	53.36	53.94	SRR23329748
SRR23329748.4567	1472	51.22	77.14	SRR23329748
SRR23329748.4568	1471	52.69	93.00	SRR23329748
SRR23329748.4569	1479	57.54	58.86	SRR23329748
SRR23329748.4570	1453	57.33	41.65	SRR23329748
SRR23329748.4571	1445	57.58	26.57	SRR23329748
SRR23329748.4572	1445	53.15	93.00	SRR23329748
SRR23329748.4573	1485	55.49	37.43	SRR23329748
SRR23329748.4574	1483	55.29	33.08	SRR23329748
SRR23329748.4575	1454	51.79	93.00	SRR23329748
SRR23329748.4576	1412	56.80	91.30	SRR23329748
SRR23329748.4577	1411	56.84	34.64	SRR23329748
SRR23329748.4578	1472	49.46	24.10	SRR23329748
SRR23329748.4579	1387	54.58	92.99	SRR23329748
SRR23329748.4580	1407	56.65	92.96	SRR23329748
SRR23329748.4581	1451	50.52	32.06	SRR23329748
SRR23329748.4582	1451	56.03	29.54	SRR23329748
SRR23329748.4583	1406	55.19	92.99	SRR23329748
SRR23329748.4584	1411	56.34	50.76	SRR23329748
SRR23329748.4585	1421	54.19	32.59	SRR23329748
SRR23329748.4586	1407	55.93	85.61	SRR23329748
SRR23329748.4587	1446	58.02	93.00	SRR23329748
SRR23329748.4588	1407	55.65	93.00	SRR23329748
SRR23329748.4589	1472	55.10	37.39	SRR23329748
SRR23329748.4590	1407	56.36	93.00	SRR23329748
SRR23329748.4591	1421	56.79	48.16	SRR23329748
SRR23329748.4592	1454	51.79	92.88	SRR23329748
SRR23329748.4593	1479	48.41	31.73	SRR23329748
SRR23329748.4594	1467	51.19	29.07	SRR23329748
SRR23329748.4595	1475	53.97	34.69	SRR23329748
SRR23329748.4596	1407	56.57	93.00	SRR23329748
SRR23329748.4597	1469	52.55	21.03	SRR23329748
SRR23329748.4598	1404	55.63	27.30	SRR23329748
SRR23329748.4599	1452	57.30	82.23	SRR23329748
SRR23329748.4600	1408	55.75	93.00	SRR23329748
SRR23329748.4601	1441	56.07	23.79	SRR23329748
SRR23329748.4602	1450	57.66	92.64	SRR23329748
SRR23329748.4603	1445	58.13	40.60	SRR23329748
SRR23329748.4604	1412	56.80	76.00	SRR23329748
SRR23329748.4605	1487	53.87	29.95	SRR23329748
SRR23329748.4606	1471	53.98	26.02	SRR23329748
SRR23329748.4607	1403	56.02	56.53	SRR23329748
SRR23329748.4608	1485	55.82	44.72	SRR23329748
SRR23329748.4609	1418	55.78	24.55	SRR23329748
SRR23329748.4610	1407	56.65	93.00	SRR23329748
SRR23329748.4611	1414	56.86	21.38	SRR23329748
SRR23329748.4612	1437	58.52	93.00	SRR23329748
SRR23329748.4613	1440	57.92	93.00	SRR23329748
SRR23329748.4614	1459	52.84	62.29	SRR23329748
SRR23329748.4615	1408	48.44	70.34	SRR23329748
SRR23329748.4616	1406	56.26	26.82	SRR23329748
SRR23329748.4617	1407	55.86	93.00	SRR23329748
SRR23329748.4618	1421	57.71	23.24	SRR23329748
SRR23329748.4619	1407	56.57	93.00	SRR23329748
SRR23329748.4620	1449	56.18	49.59	SRR23329748
SRR23329748.4621	1407	55.58	92.40	SRR23329748
SRR23329748.4622	1403	55.67	26.73	SRR23329748
SRR23329748.4624	1407	56.65	89.84	SRR23329748
SRR23329748.4625	1388	55.62	35.42	SRR23329748
SRR23329748.4626	1411	54.71	93.00	SRR23329748
SRR23329748.4627	1403	56.31	28.09	SRR23329748
SRR23329748.4628	1477	52.88	21.85	SRR23329748
SRR23329748.4629	1475	54.24	92.99	SRR23329748
SRR23329748.4630	1467	49.35	36.42	SRR23329748
SRR23329748.4633	1476	53.93	26.41	SRR23329748
SRR23329748.4634	1395	55.77	25.59	SRR23329748
SRR23329748.4635	1488	49.33	38.37	SRR23329748
SRR23329748.4636	1407	56.01	33.05	SRR23329748
SRR23329748.4637	1445	51.90	25.73	SRR23329748
SRR23329748.4638	1407	55.65	87.92	SRR23329748
SRR23329748.4640	1467	57.46	64.91	SRR23329748
SRR23329748.4641	1407	56.43	67.44	SRR23329748
SRR23329748.4643	1407	56.57	89.86	SRR23329748
SRR23329748.4644	1454	51.86	73.57	SRR23329748
SRR23329748.4645	1475	53.97	45.04	SRR23329748
SRR23329748.4646	1407	55.93	93.00	SRR23329748
SRR23329748.4647	1460	52.60	92.98	SRR23329748
SRR23329748.4648	1471	57.51	26.95	SRR23329748
SRR23329748.4649	1407	56.65	36.25	SRR23329748
SRR23329748.4650	1407	55.58	50.47	SRR23329748
SRR23329748.4651	1421	58.20	25.36	SRR23329748
SRR23329748.4652	1412	56.80	93.00	SRR23329748
SRR23329748.4653	1473	51.26	72.63	SRR23329748
SRR23329748.4654	1452	59.37	33.85	SRR23329748
SRR23329748.4655	1452	56.47	40.04	SRR23329748
SRR23329748.4656	1436	56.55	21.93	SRR23329748
SRR23329748.4657	1407	56.01	93.00	SRR23329748
SRR23329748.4658	1445	53.15	33.74	SRR23329748
SRR23329748.4659	1403	55.95	77.91	SRR23329748
SRR23329748.4660	1477	54.43	26.82	SRR23329748
SRR23329748.4661	1408	56.61	27.22	SRR23329748
SRR23329748.4662	1485	44.24	33.68	SRR23329748
SRR23329748.4663	1407	55.58	40.43	SRR23329748
SRR23329748.4664	1426	45.09	93.00	SRR23329748
SRR23329748.4665	1478	48.24	93.00	SRR23329748
SRR23329748.4666	1412	56.80	36.48	SRR23329748
SRR23329748.4667	1476	54.13	35.16	SRR23329748
SRR23329748.4668	1446	55.60	93.00	SRR23329748
SRR23329748.4669	1488	49.33	35.58	SRR23329748
SRR23329748.4670	1446	58.78	64.78	SRR23329748
SRR23329748.4671	1449	57.69	85.83	SRR23329748
SRR23329748.4672	1387	54.58	68.69	SRR23329748
SRR23329748.4674	1467	49.49	45.06	SRR23329748
SRR23329748.4676	1483	54.15	28.27	SRR23329748
SRR23329748.4677	1461	55.10	24.98	SRR23329748
SRR23329748.4678	1406	55.62	25.02	SRR23329748
SRR23329748.4679	1413	55.56	60.29	SRR23329748
SRR23329748.4680	1423	49.89	57.78	SRR23329748
SRR23329748.4682	1408	56.68	40.49	SRR23329748
SRR23329748.4683	1475	54.10	92.61	SRR23329748
SRR23329748.4684	1486	54.37	91.97	SRR23329748
SRR23329748.4685	1448	56.77	29.49	SRR23329748
SRR23329748.4686	1446	55.74	37.92	SRR23329748
SRR23329748.4687	1409	58.91	39.41	SRR23329748
SRR23329748.4688	1405	55.94	39.48	SRR23329748
SRR23329748.4689	1407	55.93	93.00	SRR23329748
SRR23329748.4690	1412	56.80	92.12	SRR23329748
SRR23329748.4691	1475	53.97	92.16	SRR23329748
SRR23329748.4692	1458	53.29	43.34	SRR23329748
SRR23329748.4693	1467	49.35	93.00	SRR23329748
SRR23329748.4694	1675	46.51	69.22	SRR23329748
SRR23329748.4695	1402	56.35	24.44	SRR23329748
SRR23329748.4696	1454	57.29	24.52	SRR23329748
SRR23329748.4697	1436	49.44	75.18	SRR23329748
SRR23329748.4698	1452	57.09	27.46	SRR23329748
SRR23329748.4699	1467	57.33	55.14	SRR23329748
SRR23329748.4700	1384	54.91	34.41	SRR23329748
SRR23329748.4701	1428	45.03	23.33	SRR23329748
SRR23329748.4702	1407	55.58	44.45	SRR23329748
SRR23329748.4703	1458	53.70	92.94	SRR23329748
SRR23329748.4704	1400	55.36	22.51	SRR23329748
SRR23329748.4705	1488	49.33	73.30	SRR23329748
SRR23329748.4706	1467	59.17	93.00	SRR23329748
SRR23329748.4707	1407	56.57	93.00	SRR23329748
SRR23329748.4708	1439	56.98	93.00	SRR23329748
SRR23329748.4709	835	48.26	22.71	SRR23329748
SRR23329748.4710	1387	54.58	93.00	SRR23329748
SRR23329748.4711	1426	56.10	32.73	SRR23329748
SRR23329748.4712	1502	49.80	20.72	SRR23329748
SRR23329748.4713	1475	54.10	85.78	SRR23329748
SRR23329748.4714	1442	57.84	91.46	SRR23329748
SRR23329748.4715	1440	58.54	27.43	SRR23329748
SRR23329748.4716	1445	57.85	93.00	SRR23329748
SRR23329748.4717	1407	56.57	83.91	SRR23329748
SRR23329748.4718	1486	54.17	64.02	SRR23329748
SRR23329748.4719	1407	56.65	81.19	SRR23329748
SRR23329748.4720	1407	56.01	91.67	SRR23329748
SRR23329748.4721	1407	55.93	93.00	SRR23329748
SRR23329748.4722	1454	51.79	93.00	SRR23329748
SRR23329748.4724	1475	54.24	93.00	SRR23329748
SRR23329748.4725	1412	55.59	81.75	SRR23329748
SRR23329748.4727	1407	55.72	31.91	SRR23329748
SRR23329748.4729	1445	57.99	34.13	SRR23329748
SRR23329748.4730	1475	53.90	29.85	SRR23329748
SRR23329748.4731	1438	50.63	92.30	SRR23329748
SRR23329748.4732	1468	53.95	22.93	SRR23329748
SRR23329748.4733	1490	49.33	27.65	SRR23329748
SRR23329748.4734	1465	57.41	29.50	SRR23329748
SRR23329748.4735	1425	55.58	92.43	SRR23329748
SRR23329748.4736	1407	55.86	62.48	SRR23329748
SRR23329748.4737	1407	55.72	71.40	SRR23329748
SRR23329748.4738	1494	53.82	22.83	SRR23329748
SRR23329748.4739	1467	49.49	93.00	SRR23329748
SRR23329748.4740	1489	53.93	93.00	SRR23329748
SRR23329748.4741	1410	56.74	31.27	SRR23329748
SRR23329748.4742	1406	56.05	39.45	SRR23329748
SRR23329748.4744	1444	55.54	92.99	SRR23329748
SRR23329748.4745	1485	55.76	49.83	SRR23329748
SRR23329748.4746	1488	49.33	56.86	SRR23329748
SRR23329748.4747	1407	55.65	92.96	SRR23329748
SRR23329748.4748	1411	51.81	50.04	SRR23329748
SRR23329748.4749	1478	48.31	45.92	SRR23329748
SRR23329748.4750	1488	49.33	93.00	SRR23329748
SRR23329748.4751	1415	55.69	28.23	SRR23329748
SRR23329748.4752	1437	56.92	37.95	SRR23329748
SRR23329748.4753	1473	51.39	45.54	SRR23329748
SRR23329748.4754	1407	56.65	31.72	SRR23329748
SRR23329748.4755	1454	54.06	23.17	SRR23329748
SRR23329748.4756	1412	56.80	35.52	SRR23329748
SRR23329748.4757	1437	56.85	51.45	SRR23329748
SRR23329748.4758	1407	55.58	93.00	SRR23329748
SRR23329748.4759	1445	62.21	31.12	SRR23329748
SRR23329748.4760	1475	54.17	49.62	SRR23329748
SRR23329748.4761	1491	49.23	27.11	SRR23329748
SRR23329748.4762	1478	53.92	27.93	SRR23329748
SRR23329748.4763	1475	54.03	92.98	SRR23329748
SRR23329748.4764	1437	58.46	20.84	SRR23329748
SRR23329748.4765	1488	49.26	93.00	SRR23329748
SRR23329748.4767	1444	53.12	33.24	SRR23329748
SRR23329748.4768	1407	56.57	55.63	SRR23329748
SRR23329748.4769	1498	49.27	22.85	SRR23329748
SRR23329748.4770	1519	44.24	21.93	SRR23329748
SRR23329748.4771	1406	55.76	22.88	SRR23329748
SRR23329748.4772	1404	55.77	62.26	SRR23329748
SRR23329748.4773	1473	53.90	48.74	SRR23329748
SRR23329748.4774	1447	55.22	92.80	SRR23329748
SRR23329748.4775	1412	56.87	92.62	SRR23329748
SRR23329748.4776	1414	56.79	28.21	SRR23329748
SRR23329748.4777	1467	49.35	65.20	SRR23329748
SRR23329748.4778	1407	55.58	75.41	SRR23329748
SRR23329748.4779	1470	57.28	27.58	SRR23329748
SRR23329748.4780	1452	54.34	32.06	SRR23329748
SRR23329748.4781	1475	53.90	93.00	SRR23329748
SRR23329748.4782	1475	53.97	93.00	SRR23329748
SRR23329748.4783	1413	55.48	93.00	SRR23329748
SRR23329748.4784	1475	53.97	43.39	SRR23329748
SRR23329748.4786	1463	49.28	27.58	SRR23329748
SRR23329748.4789	1436	49.37	92.82	SRR23329748
SRR23329748.4790	1407	56.43	69.87	SRR23329748
SRR23329748.4791	1443	54.12	21.99	SRR23329748
SRR23329748.4792	1408	39.35	34.20	SRR23329748
SRR23329748.4794	1455	57.11	25.31	SRR23329748
SRR23329748.4795	1451	59.34	92.81	SRR23329748
SRR23329748.4796	1407	55.86	93.00	SRR23329748
SRR23329748.4797	1475	53.97	61.88	SRR23329748
SRR23329748.4798	1475	54.17	93.00	SRR23329748
SRR23329748.4799	1469	51.26	26.89	SRR23329748
SRR23329748.4800	1476	54.27	35.60	SRR23329748
SRR23329748.4801	1488	49.33	38.44	SRR23329748
SRR23329748.4802	1447	55.56	40.30	SRR23329748
SRR23329748.4803	1474	54.34	93.00	SRR23329748
SRR23329748.4804	1419	57.51	89.19	SRR23329748
SRR23329748.4805	1474	54.27	93.00	SRR23329748
SRR23329748.4806	1481	49.43	44.31	SRR23329748
SRR23329748.4808	1486	55.38	33.56	SRR23329748
SRR23329748.4809	1488	49.33	93.00	SRR23329748
SRR23329748.4810	1412	56.80	41.90	SRR23329748
SRR23329748.4811	1409	54.44	28.71	SRR23329748
SRR23329748.4812	1452	56.34	23.96	SRR23329748
SRR23329748.4813	1408	55.68	31.46	SRR23329748
SRR23329748.4814	1473	51.26	41.14	SRR23329748
SRR23329748.4815	1484	55.53	93.00	SRR23329748
SRR23329748.4816	1467	49.63	44.66	SRR23329748
SRR23329748.4817	1407	56.72	89.72	SRR23329748
SRR23329748.4818	1419	39.18	23.93	SRR23329748
SRR23329748.4819	1385	55.74	89.68	SRR23329748
SRR23329748.4820	1495	49.70	21.19	SRR23329748
SRR23329748.4821	1407	55.58	93.00	SRR23329748
SRR23329748.4822	1473	51.39	62.64	SRR23329748
SRR23329748.4823	1449	56.52	92.99	SRR23329748
SRR23329748.4824	1457	55.04	46.69	SRR23329748
SRR23329748.4826	1420	56.41	30.37	SRR23329748
SRR23329748.4827	1401	55.67	23.31	SRR23329748
SRR23329748.4829	1475	53.97	92.97	SRR23329748
SRR23329748.4830	1425	55.51	35.72	SRR23329748
SRR23329748.4831	1475	54.17	89.20	SRR23329748
SRR23329748.4832	1475	53.97	92.36	SRR23329748
SRR23329748.4833	1424	53.16	31.34	SRR23329748
SRR23329748.4834	1411	54.15	92.88	SRR23329748
SRR23329748.4835	1460	53.42	82.03	SRR23329748
SRR23329748.4836	1488	49.33	93.00	SRR23329748
SRR23329748.4837	1458	53.50	21.58	SRR23329748
SRR23329748.4838	1442	57.98	91.08	SRR23329748
SRR23329748.4839	1419	55.67	32.67	SRR23329748
SRR23329748.4840	1434	53.49	53.02	SRR23329748
SRR23329748.4841	1409	54.72	93.00	SRR23329748
SRR23329748.4842	1436	58.50	34.60	SRR23329748
SRR23329748.4843	1412	56.80	93.00	SRR23329748
SRR23329748.4844	1453	55.47	92.91	SRR23329748
SRR23329748.4845	1411	54.50	93.00	SRR23329748
SRR23329748.4846	1404	55.98	29.43	SRR23329748
SRR23329748.4847	1436	49.44	55.47	SRR23329748
SRR23329748.4848	1462	52.19	20.56	SRR23329748
SRR23329748.4849	1402	55.56	21.90	SRR23329748
SRR23329748.4850	1435	56.24	46.56	SRR23329748
SRR23329748.4851	1407	56.43	93.00	SRR23329748
SRR23329748.4852	1440	57.22	34.22	SRR23329748
SRR23329748.4853	1407	56.65	62.20	SRR23329748
SRR23329748.4854	1445	55.57	53.62	SRR23329748
SRR23329748.4855	1386	55.99	93.00	SRR23329748
SRR23329748.4856	1992	43.98	32.51	SRR23329748
SRR23329748.4857	1446	56.02	90.95	SRR23329748
SRR23329748.4858	1406	53.34	34.72	SRR23329748
SRR23329748.4860	1412	55.88	32.35	SRR23329748
SRR23329748.4861	1467	49.42	29.46	SRR23329748
SRR23329748.4862	1411	54.43	73.79	SRR23329748
SRR23329748.4863	1475	53.97	34.61	SRR23329748
SRR23329748.4864	1410	55.67	29.64	SRR23329748
SRR23329748.4865	1407	55.86	93.00	SRR23329748
SRR23329748.4867	1445	53.15	37.56	SRR23329748
SRR23329748.4868	1445	60.28	36.06	SRR23329748
SRR23329748.4869	1433	56.11	27.84	SRR23329748
SRR23329748.4870	1451	57.89	33.02	SRR23329748
SRR23329748.4871	1446	53.11	82.92	SRR23329748
SRR23329748.4872	1444	55.61	21.56	SRR23329748
SRR23329748.4873	1446	56.22	28.12	SRR23329748
SRR23329748.4874	1468	53.75	30.16	SRR23329748
SRR23329748.4875	1481	49.43	87.25	SRR23329748
SRR23329748.4876	1420	56.41	93.00	SRR23329748
SRR23329748.4877	1460	56.10	93.00	SRR23329748
SRR23329748.4878	1487	55.48	31.91	SRR23329748
SRR23329748.4879	1454	53.85	93.00	SRR23329748
SRR23329748.4881	1446	50.83	93.00	SRR23329748
SRR23329748.4882	1480	49.39	24.73	SRR23329748
SRR23329748.4883	1411	56.34	34.79	SRR23329748
SRR23329748.4884	1475	54.10	79.73	SRR23329748
SRR23329748.4885	1413	50.53	51.11	SRR23329748
SRR23329748.4886	1382	55.07	91.90	SRR23329748
SRR23329748.4888	1471	52.55	57.66	SRR23329748
SRR23329748.4889	1670	46.53	26.31	SRR23329748
SRR23329748.4890	1408	56.11	88.55	SRR23329748
SRR23329748.4891	1408	54.55	34.68	SRR23329748
SRR23329748.4892	1456	58.93	35.63	SRR23329748
SRR23329748.4894	1475	54.24	93.00	SRR23329748
SRR23329748.4895	1451	50.38	92.66	SRR23329748
SRR23329748.4896	1444	55.61	35.70	SRR23329748
SRR23329748.4897	1407	55.58	54.56	SRR23329748
SRR23329748.4898	1446	55.60	36.03	SRR23329748
SRR23329748.4899	1456	58.17	87.28	SRR23329748
SRR23329748.4900	1459	53.80	30.07	SRR23329748
SRR23329748.4901	1467	55.35	86.54	SRR23329748
SRR23329748.4902	1409	54.72	80.41	SRR23329748
SRR23329748.4903	1467	49.42	93.00	SRR23329748
SRR23329748.4904	1484	55.39	93.00	SRR23329748
SRR23329748.4905	1445	56.40	43.43	SRR23329748
SRR23329748.4906	1407	55.93	69.46	SRR23329748
SRR23329748.4908	1440	51.53	39.58	SRR23329748
SRR23329748.4909	1439	53.44	56.84	SRR23329748
SRR23329748.4910	1451	56.17	93.00	SRR23329748
SRR23329748.4912	1446	55.46	37.60	SRR23329748
SRR23329748.4913	1475	53.90	92.90	SRR23329748
SRR23329748.4914	1467	49.49	93.00	SRR23329748
SRR23329748.4915	1459	57.64	93.00	SRR23329748
SRR23329748.4916	1389	55.08	65.40	SRR23329748
SRR23329748.4917	1475	53.90	48.93	SRR23329748
SRR23329748.4918	1453	58.09	21.09	SRR23329748
SRR23329748.4919	1446	60.37	30.53	SRR23329748
SRR23329748.4920	1387	56.02	93.00	SRR23329748
SRR23329748.4921	1468	57.36	92.33	SRR23329748
SRR23329748.4922	1408	56.11	93.00	SRR23329748
SRR23329748.4923	1475	51.39	92.73	SRR23329748
SRR23329748.4924	1447	57.43	48.55	SRR23329748
SRR23329748.4925	1447	56.67	93.00	SRR23329748
SRR23329748.4926	1445	57.92	91.61	SRR23329748
SRR23329748.4927	1488	49.33	67.34	SRR23329748
SRR23329748.4928	1458	57.75	93.00	SRR23329748
SRR23329748.4929	1471	52.48	93.00	SRR23329748
SRR23329748.4930	1488	49.33	49.91	SRR23329748
SRR23329748.4931	1475	53.90	93.00	SRR23329748
SRR23329748.4932	1407	55.58	92.85	SRR23329748
SRR23329748.4933	1407	56.65	83.81	SRR23329748
SRR23329748.4934	1471	59.28	67.66	SRR23329748
SRR23329748.4935	1387	54.58	40.00	SRR23329748
SRR23329748.4937	1475	54.17	92.45	SRR23329748
SRR23329748.4938	1484	55.39	93.00	SRR23329748
SRR23329748.4939	1407	56.50	47.96	SRR23329748
SRR23329748.4940	1488	49.26	54.68	SRR23329748
SRR23329748.4941	1446	57.75	82.65	SRR23329748
SRR23329748.4942	1412	56.73	91.17	SRR23329748
SRR23329748.4943	1387	55.52	22.20	SRR23329748
SRR23329748.4944	1461	53.25	90.74	SRR23329748
SRR23329748.4945	1489	49.36	26.38	SRR23329748
SRR23329748.4946	1454	51.79	69.60	SRR23329748
SRR23329748.4947	1471	52.48	90.87	SRR23329748
SRR23329748.4948	1467	49.35	92.70	SRR23329748
SRR23329748.4949	1488	49.33	88.73	SRR23329748
SRR23329748.4950	1968	55.23	56.89	SRR23329748
SRR23329748.4951	1386	55.99	77.38	SRR23329748
SRR23329748.4952	1475	53.97	72.77	SRR23329748
SRR23329748.4954	1476	54.00	37.65	SRR23329748
SRR23329748.4955	1410	54.82	33.63	SRR23329748
SRR23329748.4956	1407	56.01	54.06	SRR23329748
SRR23329748.4957	1408	55.47	21.45	SRR23329748
SRR23329748.4958	1442	57.70	28.97	SRR23329748
SRR23329748.4959	1475	53.90	74.62	SRR23329748
SRR23329748.4960	1412	56.87	27.48	SRR23329748
SRR23329748.4961	1413	55.63	34.93	SRR23329748
SRR23329748.4962	1434	58.37	27.44	SRR23329748
SRR23329748.4963	1447	58.88	28.85	SRR23329748
SRR23329748.4965	1422	56.96	90.93	SRR23329748
SRR23329748.4967	1447	54.87	65.59	SRR23329748
SRR23329748.4968	1478	51.15	25.06	SRR23329748
SRR23329748.4969	1488	49.33	93.00	SRR23329748
SRR23329748.4970	1480	49.39	41.22	SRR23329748
SRR23329748.4971	1416	54.59	24.20	SRR23329748
SRR23329748.4972	1412	56.80	92.96	SRR23329748
SRR23329748.4974	1488	49.33	93.00	SRR23329748
SRR23329748.4975	1411	55.63	72.67	SRR23329748
SRR23329748.4977	1494	51.14	21.83	SRR23329748
SRR23329748.4978	1407	56.36	39.35	SRR23329748
SRR23329748.4979	1475	53.90	93.00	SRR23329748
SRR23329748.4980	1412	56.73	43.35	SRR23329748
SRR23329748.4981	1473	55.67	92.99	SRR23329748
SRR23329748.4982	1470	52.72	73.92	SRR23329748
SRR23329748.4983	1411	54.78	92.77	SRR23329748
SRR23329748.4984	1473	51.39	53.43	SRR23329748
SRR23329748.4985	1488	49.33	45.72	SRR23329748
SRR23329748.4986	1412	56.80	93.00	SRR23329748
SRR23329748.4987	1407	55.72	41.42	SRR23329748
SRR23329748.4988	1461	52.70	74.39	SRR23329748
SRR23329748.4989	1482	55.74	24.19	SRR23329748
SRR23329748.4990	1411	56.77	40.25	SRR23329748
SRR23329748.4991	1413	52.72	23.19	SRR23329748
SRR23329748.4992	1390	56.04	21.71	SRR23329748
SRR23329748.4994	1451	59.34	35.06	SRR23329748
SRR23329748.4996	1455	51.82	41.70	SRR23329748
SRR23329748.4997	1475	53.90	93.00	SRR23329748
SRR23329748.4998	1442	57.84	58.06	SRR23329748
SRR23329748.4999	1407	56.65	93.00	SRR23329748
SRR23329748.5000	1444	59.00	63.33	SRR23329748
SRR23329748.5001	1555	55.95	33.81	SRR23329748
SRR23329748.5003	1447	55.91	75.15	SRR23329748
SRR23329748.5004	1443	58.07	58.58	SRR23329748
SRR23329748.5005	1407	55.65	90.58	SRR23329748
SRR23329748.5006	1383	54.81	43.61	SRR23329748
SRR23329748.5007	1457	58.20	39.59	SRR23329748
SRR23329748.5008	1482	49.46	27.83	SRR23329748
SRR23329748.5009	1475	54.24	68.65	SRR23329748
SRR23329748.5010	1414	54.31	29.98	SRR23329748
SRR23329748.5011	1476	54.20	20.92	SRR23329748
SRR23329748.5012	1460	56.16	92.66	SRR23329748
SRR23329748.5013	1541	53.60	22.56	SRR23329748
SRR23329748.5014	1444	58.10	39.64	SRR23329748
SRR23329748.5015	1422	56.96	22.32	SRR23329748
SRR23329748.5016	1475	54.10	74.59	SRR23329748
SRR23329748.5018	1475	54.24	93.00	SRR23329748
SRR23329748.5019	1413	55.56	92.91	SRR23329748
SRR23329748.5020	1447	55.98	92.94	SRR23329748
SRR23329748.5022	1456	58.17	88.87	SRR23329748
SRR23329748.5023	1413	55.48	39.36	SRR23329748
SRR23329748.5025	1477	53.96	27.51	SRR23329748
SRR23329748.5026	1453	55.47	63.35	SRR23329748
SRR23329748.5027	1476	57.25	23.03	SRR23329748
SRR23329748.5028	1459	52.50	93.00	SRR23329748
SRR23329748.5029	1407	55.58	65.69	SRR23329748
SRR23329748.5030	1407	55.93	32.08	SRR23329748
SRR23329748.5031	1431	57.65	44.13	SRR23329748
SRR23329748.5032	1481	49.43	37.16	SRR23329748
SRR23329748.5033	1423	56.99	33.79	SRR23329748
SRR23329748.5035	1458	58.02	34.57	SRR23329748
SRR23329748.5036	1446	56.36	93.00	SRR23329748
SRR23329748.5037	1447	55.63	25.71	SRR23329748
SRR23329748.5038	1467	49.28	40.77	SRR23329748
SRR23329748.5039	1425	55.65	93.00	SRR23329748
SRR23329748.5040	1443	58.07	76.64	SRR23329748
SRR23329748.5041	1491	57.41	20.12	SRR23329748
SRR23329748.5043	1444	60.32	77.44	SRR23329748
SRR23329748.5044	1385	55.60	78.27	SRR23329748
SRR23329748.5045	1409	56.64	26.07	SRR23329748
SRR23329748.5046	1411	56.56	39.35	SRR23329748
SRR23329748.5047	1458	58.57	76.13	SRR23329748
SRR23329748.5048	1407	55.72	61.77	SRR23329748
SRR23329748.5049	1489	49.29	31.72	SRR23329748
SRR23329748.5051	1453	57.33	91.86	SRR23329748
SRR23329748.5052	1409	56.71	30.63	SRR23329748
SRR23329748.5053	1470	53.95	24.99	SRR23329748
SRR23329748.5054	1407	55.93	92.93	SRR23329748
SRR23329748.5055	1407	55.79	52.46	SRR23329748
SRR23329748.5056	1413	55.48	93.00	SRR23329748
SRR23329748.5057	1407	56.01	92.22	SRR23329748
SRR23329748.5058	1412	54.46	81.17	SRR23329748
SRR23329748.5059	1407	55.65	85.75	SRR23329748
SRR23329748.5060	1488	49.33	93.00	SRR23329748
SRR23329748.5061	1484	55.46	88.70	SRR23329748
SRR23329748.5062	1389	56.59	93.00	SRR23329748
SRR23329748.5063	1474	53.87	29.34	SRR23329748
SRR23329748.5064	1467	49.42	93.00	SRR23329748
SRR23329748.5065	1476	54.00	34.56	SRR23329748
SRR23329748.5066	1433	56.66	42.55	SRR23329748
SRR23329748.5067	1473	53.84	29.26	SRR23329748
SRR23329748.5068	1483	54.82	21.36	SRR23329748
SRR23329748.5070	1439	59.21	20.39	SRR23329748
SRR23329748.5071	1488	49.33	39.67	SRR23329748
SRR23329748.5072	1481	53.95	28.66	SRR23329748
SRR23329748.5073	1477	54.03	27.12	SRR23329748
SRR23329748.5074	1972	55.22	26.41	SRR23329748
SRR23329748.5075	1484	55.05	93.00	SRR23329748
SRR23329748.5076	1442	54.16	35.93	SRR23329748
SRR23329748.5077	1411	55.00	30.24	SRR23329748
SRR23329748.5080	1404	55.41	27.29	SRR23329748
SRR23329748.5081	1475	53.97	67.84	SRR23329748
SRR23329748.5082	1452	51.79	32.44	SRR23329748
SRR23329748.5083	1484	55.39	69.71	SRR23329748
SRR23329748.5084	1389	55.65	37.51	SRR23329748
SRR23329748.5088	1414	53.04	93.00	SRR23329748
SRR23329748.5089	1411	54.93	93.00	SRR23329748
SRR23329748.5090	1407	55.65	84.26	SRR23329748
SRR23329748.5091	1456	58.93	84.90	SRR23329748
SRR23329748.5092	1411	56.34	93.00	SRR23329748
SRR23329748.5093	1454	51.79	48.14	SRR23329748
SRR23329748.5094	1412	56.73	92.99	SRR23329748
SRR23329748.5095	1419	57.65	29.54	SRR23329748
SRR23329748.5096	1406	56.47	23.55	SRR23329748
SRR23329748.5097	1445	58.55	37.37	SRR23329748
SRR23329748.5098	1383	54.88	92.62	SRR23329748
SRR23329748.5099	1488	49.33	93.00	SRR23329748
SRR23329748.5100	1475	53.97	74.18	SRR23329748
SRR23329748.5101	1467	49.56	93.00	SRR23329748
SRR23329748.5102	1447	57.50	53.42	SRR23329748
SRR23329748.5103	1454	51.79	93.00	SRR23329748
SRR23329748.5104	1407	55.58	93.00	SRR23329748
SRR23329748.5105	1452	57.16	93.00	SRR23329748
SRR23329748.5106	1483	51.38	21.66	SRR23329748
SRR23329748.5107	1472	51.22	36.56	SRR23329748
SRR23329748.5108	1449	56.73	24.01	SRR23329748
SRR23329748.5109	1436	49.37	46.53	SRR23329748
SRR23329748.5110	1483	49.36	25.77	SRR23329748
SRR23329748.5111	1488	49.40	40.91	SRR23329748
SRR23329748.5112	1422	56.54	22.21	SRR23329748
SRR23329748.5113	1407	55.08	41.03	SRR23329748
SRR23329748.5114	1412	56.80	92.84	SRR23329748
SRR23329748.5115	1480	57.36	32.76	SRR23329748
SRR23329748.5116	1407	56.08	73.43	SRR23329748
SRR23329748.5117	1469	57.32	30.50	SRR23329748
SRR23329748.5118	1484	55.46	93.00	SRR23329748
SRR23329748.5120	1413	57.75	93.00	SRR23329748
SRR23329748.5121	1408	56.46	37.30	SRR23329748
SRR23329748.5122	1408	55.61	30.48	SRR23329748
SRR23329748.5123	1488	49.33	66.60	SRR23329748
SRR23329748.5124	1385	55.45	92.96	SRR23329748
SRR23329748.5125	1387	56.52	29.25	SRR23329748
SRR23329748.5126	1427	54.17	35.39	SRR23329748
SRR23329748.5127	1413	55.77	23.59	SRR23329748
SRR23329748.5128	1481	49.56	92.47	SRR23329748
SRR23329748.5129	1437	56.92	93.00	SRR23329748
SRR23329748.5130	1488	49.33	93.00	SRR23329748
SRR23329748.5131	1446	58.58	43.42	SRR23329748
SRR23329748.5133	1482	54.05	20.67	SRR23329748
SRR23329748.5134	1474	53.87	36.08	SRR23329748
SRR23329748.5135	1407	55.72	34.16	SRR23329748
SRR23329748.5136	1464	49.45	23.36	SRR23329748
SRR23329748.5138	1460	59.45	29.80	SRR23329748
SRR23329748.5139	1409	39.32	87.89	SRR23329748
SRR23329748.5140	1407	55.65	43.48	SRR23329748
SRR23329748.5141	1426	45.09	93.00	SRR23329748
SRR23329748.5142	1463	54.96	29.43	SRR23329748
SRR23329748.5143	1482	54.59	93.00	SRR23329748
SRR23329748.5144	1475	54.10	72.79	SRR23329748
SRR23329748.5145	1400	56.57	20.40	SRR23329748
SRR23329748.5146	1406	55.19	42.12	SRR23329748
SRR23329748.5147	1473	51.26	46.54	SRR23329748
SRR23329748.5148	1445	57.85	93.00	SRR23329748
SRR23329748.5149	1475	53.90	71.93	SRR23329748
SRR23329748.5150	1475	53.90	88.70	SRR23329748
SRR23329748.5151	1468	49.52	30.22	SRR23329748
SRR23329748.5152	1412	56.80	50.46	SRR23329748
SRR23329748.5153	1448	55.80	31.29	SRR23329748
SRR23329748.5154	1452	57.16	93.00	SRR23329748
SRR23329748.5155	1406	55.48	45.48	SRR23329748
SRR23329748.5156	1475	53.97	92.95	SRR23329748
SRR23329748.5158	1422	59.14	77.27	SRR23329748
SRR23329748.5159	1407	55.65	52.50	SRR23329748
SRR23329748.5160	1481	49.49	93.00	SRR23329748
SRR23329748.5161	1407	55.72	92.67	SRR23329748
SRR23329748.5162	1442	58.53	93.00	SRR23329748
SRR23329748.5163	1441	52.39	43.85	SRR23329748
SRR23329748.5164	1407	55.93	43.55	SRR23329748
SRR23329748.5165	1404	55.48	22.21	SRR23329748
SRR23329748.5166	1447	56.46	27.21	SRR23329748
SRR23329748.5167	1489	49.36	37.33	SRR23329748
SRR23329748.5168	1411	54.64	93.00	SRR23329748
SRR23329748.5169	1455	58.97	27.48	SRR23329748
SRR23329748.5170	1468	49.52	26.02	SRR23329748
SRR23329748.5171	1412	56.80	40.38	SRR23329748
SRR23329748.5173	1475	54.10	73.31	SRR23329748
SRR23329748.5174	1473	51.32	76.49	SRR23329748
SRR23329748.5175	1412	54.60	93.00	SRR23329748
SRR23329748.5176	1411	54.64	72.86	SRR23329748
SRR23329748.5177	1460	53.49	93.00	SRR23329748
SRR23329748.5178	1445	58.96	47.64	SRR23329748
SRR23329748.5180	1474	54.07	68.67	SRR23329748
SRR23329748.5181	1460	55.96	79.47	SRR23329748
SRR23329748.5184	1488	49.26	92.98	SRR23329748
SRR23329748.5185	1405	56.23	24.51	SRR23329748
SRR23329748.5188	1412	55.81	72.46	SRR23329748
SRR23329748.5189	1458	57.96	42.64	SRR23329748
SRR23329748.5190	1487	49.29	31.43	SRR23329748
SRR23329748.5191	1467	49.28	25.23	SRR23329748
SRR23329748.5192	1474	51.29	44.96	SRR23329748
SRR23329748.5193	1452	51.52	23.87	SRR23329748
SRR23329748.5194	1447	55.63	43.60	SRR23329748
SRR23329748.5195	1437	56.92	92.99	SRR23329748
SRR23329748.5196	1406	55.55	43.45	SRR23329748
SRR23329748.5198	1460	54.11	23.37	SRR23329748
SRR23329748.5200	1485	51.65	35.17	SRR23329748
SRR23329748.5202	1436	56.75	33.60	SRR23329748
SRR23329748.5203	1421	58.83	29.62	SRR23329748
SRR23329748.5204	1473	51.26	92.32	SRR23329748
SRR23329748.5206	1412	56.73	82.12	SRR23329748
SRR23329748.5207	1405	56.51	24.75	SRR23329748
SRR23329748.5208	1481	49.43	92.19	SRR23329748
SRR23329748.5209	1407	56.57	43.48	SRR23329748
SRR23329748.5210	1410	54.47	43.43	SRR23329748
SRR23329748.5211	1555	55.95	29.16	SRR23329748
SRR23329748.5212	1425	56.14	93.00	SRR23329748
SRR23329748.5213	1447	56.32	79.56	SRR23329748
SRR23329748.5214	1516	54.88	43.80	SRR23329748
SRR23329748.5215	1467	49.49	61.54	SRR23329748
SRR23329748.5216	1462	53.83	25.24	SRR23329748
SRR23329748.5217	1441	52.60	59.56	SRR23329748
SRR23329748.5218	1449	49.90	93.00	SRR23329748
SRR23329748.5219	1408	48.44	71.46	SRR23329748
SRR23329748.5220	1436	56.27	33.77	SRR23329748
SRR23329748.5221	1446	55.60	31.58	SRR23329748
SRR23329748.5222	1413	55.48	92.99	SRR23329748
SRR23329748.5224	1456	53.37	27.27	SRR23329748
SRR23329748.5225	1479	54.36	28.71	SRR23329748
SRR23329748.5226	1451	56.17	87.26	SRR23329748
SRR23329748.5228	1407	55.65	50.47	SRR23329748
SRR23329748.5229	1470	53.81	26.26	SRR23329748
SRR23329748.5230	1407	55.65	92.85	SRR23329748
SRR23329748.5231	1447	57.43	93.00	SRR23329748
SRR23329748.5233	1485	49.36	24.85	SRR23329748
SRR23329748.5234	1485	55.56	29.67	SRR23329748
SRR23329748.5235	1459	52.84	84.66	SRR23329748
SRR23329748.5236	1416	55.93	23.93	SRR23329748
SRR23329748.5237	1407	56.36	61.17	SRR23329748
SRR23329748.5238	1460	53.63	38.47	SRR23329748
SRR23329748.5239	1474	54.27	92.99	SRR23329748
SRR23329748.5240	1408	57.24	27.72	SRR23329748
SRR23329748.5241	1449	50.38	27.88	SRR23329748
SRR23329748.5242	1413	56.62	35.01	SRR23329748
SRR23329748.5243	1410	55.67	21.33	SRR23329748
SRR23329748.5245	1460	55.00	28.27	SRR23329748
SRR23329748.5246	1449	56.18	93.00	SRR23329748
SRR23329748.5247	1489	49.36	35.44	SRR23329748
SRR23329748.5248	1490	49.33	24.11	SRR23329748
SRR23329748.5249	1441	57.81	25.32	SRR23329748
SRR23329748.5250	1467	49.35	70.19	SRR23329748
SRR23329748.5251	1467	49.35	93.00	SRR23329748
SRR23329748.5252	1416	50.56	37.00	SRR23329748
SRR23329748.5253	1447	55.77	60.60	SRR23329748
SRR23329748.5254	1407	55.65	72.96	SRR23329748
SRR23329748.5256	1468	49.11	22.17	SRR23329748
SRR23329748.5257	1488	49.33	93.00	SRR23329748
SRR23329748.5258	1460	53.49	37.64	SRR23329748
SRR23329748.5259	1473	51.19	92.95	SRR23329748
SRR23329748.5260	1475	54.17	93.00	SRR23329748
SRR23329748.5261	1475	54.24	70.38	SRR23329748
SRR23329748.5262	1470	55.03	25.94	SRR23329748
SRR23329748.5263	1450	57.10	21.99	SRR23329748
SRR23329748.5264	1467	49.49	79.47	SRR23329748
SRR23329748.5265	1407	55.93	70.80	SRR23329748
SRR23329748.5266	1450	55.38	31.88	SRR23329748
SRR23329748.5267	1488	49.33	93.00	SRR23329748
SRR23329748.5268	1437	56.99	36.22	SRR23329748
SRR23329748.5269	1407	55.65	93.00	SRR23329748
SRR23329748.5270	1408	55.97	29.28	SRR23329748
SRR23329748.5271	1382	54.49	27.53	SRR23329748
SRR23329748.5272	1468	57.29	29.15	SRR23329748
SRR23329748.5273	1409	53.51	93.00	SRR23329748
SRR23329748.5274	1393	54.70	29.61	SRR23329748
SRR23329748.5276	1409	56.21	51.31	SRR23329748
SRR23329748.5277	1407	55.72	93.00	SRR23329748
SRR23329748.5278	1453	55.82	85.72	SRR23329748
SRR23329748.5279	1444	58.86	87.49	SRR23329748
SRR23329748.5280	1407	55.79	92.12	SRR23329748
SRR23329748.5281	1409	54.72	38.78	SRR23329748
SRR23329748.5282	1478	48.31	40.73	SRR23329748
SRR23329748.5283	1411	54.50	91.92	SRR23329748
SRR23329748.5284	1446	58.58	74.53	SRR23329748
SRR23329748.5285	1475	51.39	51.46	SRR23329748
SRR23329748.5286	1465	52.56	23.80	SRR23329748
SRR23329748.5287	1409	56.00	24.22	SRR23329748
SRR23329748.5288	1409	53.51	39.49	SRR23329748
SRR23329748.5289	1407	56.08	38.91	SRR23329748
SRR23329748.5290	1474	53.93	42.91	SRR23329748
SRR23329748.5291	1454	51.79	85.67	SRR23329748
SRR23329748.5292	1407	56.72	93.00	SRR23329748
SRR23329748.5293	1453	55.33	42.62	SRR23329748
SRR23329748.5294	1440	51.53	31.12	SRR23329748
SRR23329748.5295	1423	50.18	93.00	SRR23329748
SRR23329748.5296	1428	49.44	21.03	SRR23329748
SRR23329748.5297	1420	56.13	75.00	SRR23329748
SRR23329748.5298	1488	49.33	93.00	SRR23329748
SRR23329748.5299	1448	56.22	35.36	SRR23329748
SRR23329748.5300	1407	55.65	55.01	SRR23329748
SRR23329748.5301	1388	54.54	64.99	SRR23329748
SRR23329748.5302	1458	55.97	53.86	SRR23329748
SRR23329748.5304	1485	54.14	78.88	SRR23329748
SRR23329748.5305	1472	51.36	36.07	SRR23329748
SRR23329748.5306	1473	51.26	89.34	SRR23329748
SRR23329748.5307	1440	51.04	33.04	SRR23329748
SRR23329748.5308	1436	49.30	93.00	SRR23329748
SRR23329748.5309	1397	52.18	92.99	SRR23329748
SRR23329748.5310	1486	53.30	93.00	SRR23329748
SRR23329748.5311	1453	55.47	42.49	SRR23329748
SRR23329748.5312	1475	53.90	92.85	SRR23329748
SRR23329748.5313	1409	56.56	25.61	SRR23329748
SRR23329748.5314	1408	55.18	31.38	SRR23329748
SRR23329748.5315	1408	55.61	25.01	SRR23329748
SRR23329748.5316	1444	56.23	93.00	SRR23329748
SRR23329748.5317	1488	49.33	93.00	SRR23329748
SRR23329748.5318	1445	57.85	93.00	SRR23329748
SRR23329748.5319	1451	58.03	91.30	SRR23329748
SRR23329748.5320	1407	56.65	74.27	SRR23329748
SRR23329748.5322	1481	49.43	93.00	SRR23329748
SRR23329748.5323	1447	55.49	22.33	SRR23329748
SRR23329748.5324	1383	55.89	29.37	SRR23329748
SRR23329748.5325	1459	57.23	46.12	SRR23329748
SRR23329748.5326	1389	56.59	44.14	SRR23329748
SRR23329748.5327	1385	55.45	84.69	SRR23329748
SRR23329748.5328	1460	53.36	44.10	SRR23329748
SRR23329748.5329	1475	54.24	92.16	SRR23329748
SRR23329748.5330	1407	56.65	93.00	SRR23329748
SRR23329748.5331	1481	49.43	84.95	SRR23329748
SRR23329748.5332	1407	55.93	41.93	SRR23329748
SRR23329748.5333	1392	55.96	20.16	SRR23329748
SRR23329748.5334	1475	53.97	64.85	SRR23329748
SRR23329748.5335	1481	55.30	29.09	SRR23329748
SRR23329748.5336	1467	49.35	28.27	SRR23329748
SRR23329748.5337	1407	55.65	93.00	SRR23329748
SRR23329748.5338	1488	49.33	92.98	SRR23329748
SRR23329748.5339	1419	55.60	93.00	SRR23329748
SRR23329748.5340	1410	59.22	32.44	SRR23329748
SRR23329748.5341	1492	54.16	23.44	SRR23329748
SRR23329748.5342	1447	56.39	45.58	SRR23329748
SRR23329748.5343	1475	51.32	23.62	SRR23329748
SRR23329748.5344	1405	55.73	22.23	SRR23329748
SRR23329748.5345	1484	55.32	92.65	SRR23329748
SRR23329748.5346	1446	55.60	93.00	SRR23329748
SRR23329748.5347	1446	55.19	43.02	SRR23329748
SRR23329748.5348	1431	57.65	93.00	SRR23329748
SRR23329748.5349	1389	56.52	68.03	SRR23329748
SRR23329748.5350	1467	49.28	43.38	SRR23329748
SRR23329748.5351	1475	55.53	92.30	SRR23329748
SRR23329748.5353	1410	55.82	33.61	SRR23329748
SRR23329748.5355	1490	53.29	30.47	SRR23329748
SRR23329748.5356	1475	53.97	39.00	SRR23329748
SRR23329748.5357	1411	54.43	52.06	SRR23329748
SRR23329748.5358	1456	58.93	30.57	SRR23329748
SRR23329748.5359	1447	56.25	80.31	SRR23329748
SRR23329748.5360	1413	54.71	42.49	SRR23329748
SRR23329748.5361	1475	54.03	47.69	SRR23329748
SRR23329748.5362	1407	55.58	93.00	SRR23329748
SRR23329748.5363	1407	55.79	31.81	SRR23329748
SRR23329748.5364	1407	56.65	93.00	SRR23329748
SRR23329748.5365	1463	52.84	22.75	SRR23329748
SRR23329748.5366	1385	55.67	41.02	SRR23329748
SRR23329748.5367	1449	56.11	86.50	SRR23329748
SRR23329748.5368	1475	54.10	93.00	SRR23329748
SRR23329748.5369	1456	58.93	92.98	SRR23329748
SRR23329748.5370	1407	55.72	93.00	SRR23329748
SRR23329748.5371	1467	49.42	92.06	SRR23329748
SRR23329748.5373	1471	49.42	25.93	SRR23329748
SRR23329748.5374	1389	56.37	48.82	SRR23329748
SRR23329748.5375	1385	55.45	93.00	SRR23329748
SRR23329748.5376	1476	54.00	42.77	SRR23329748
SRR23329748.5377	1484	49.33	33.81	SRR23329748
SRR23329748.5378	1443	58.07	40.63	SRR23329748
SRR23329748.5379	1406	55.76	32.78	SRR23329748
SRR23329748.5381	1407	56.65	82.06	SRR23329748
SRR23329748.5382	1488	49.33	47.73	SRR23329748
SRR23329748.5383	1488	49.33	93.00	SRR23329748
SRR23329748.5384	1391	58.81	36.26	SRR23329748
SRR23329748.5385	1383	54.81	58.02	SRR23329748
SRR23329748.5386	1441	59.75	46.80	SRR23329748
SRR23329748.5387	1440	54.17	23.61	SRR23329748
SRR23329748.5388	1405	55.66	44.05	SRR23329748
SRR23329748.5389	1486	49.46	24.36	SRR23329748
SRR23329748.5390	1454	51.79	93.00	SRR23329748
SRR23329748.5391	1450	56.34	44.63	SRR23329748
SRR23329748.5392	1409	56.07	30.41	SRR23329748
SRR23329748.5393	1387	56.02	84.58	SRR23329748
SRR23329748.5394	1454	51.79	92.98	SRR23329748
SRR23329748.5396	1412	55.52	81.21	SRR23329748
SRR23329748.5397	1460	53.56	71.59	SRR23329748
SRR23329748.5398	1384	54.84	34.22	SRR23329748
SRR23329748.5399	1460	53.42	86.39	SRR23329748
SRR23329748.5400	1459	55.86	34.64	SRR23329748
SRR23329748.5401	1467	57.60	50.66	SRR23329748
SRR23329748.5402	1466	54.02	22.57	SRR23329748
SRR23329748.5403	1463	49.28	23.30	SRR23329748
SRR23329748.5404	1425	55.72	39.54	SRR23329748
SRR23329748.5405	1488	49.33	31.10	SRR23329748
SRR23329748.5406	1423	50.18	73.48	SRR23329748
SRR23329748.5407	1407	55.79	20.70	SRR23329748
SRR23329748.5408	1447	55.91	55.33	SRR23329748
SRR23329748.5409	1407	55.65	93.00	SRR23329748
SRR23329748.5410	1447	57.50	37.51	SRR23329748
SRR23329748.5411	1449	57.69	92.63	SRR23329748
SRR23329748.5412	1488	49.33	68.58	SRR23329748
SRR23329748.5413	1446	55.60	43.97	SRR23329748
SRR23329748.5414	1474	54.27	55.11	SRR23329748
SRR23329748.5415	1410	55.67	26.66	SRR23329748
SRR23329748.5416	1488	49.33	92.80	SRR23329748
SRR23329748.5417	1482	49.19	25.79	SRR23329748
SRR23329748.5418	1465	50.72	23.89	SRR23329748
SRR23329748.5419	1407	55.93	81.19	SRR23329748
SRR23329748.5420	1467	57.46	73.28	SRR23329748
SRR23329748.5421	1411	54.64	50.01	SRR23329748
SRR23329748.5422	1407	55.58	66.37	SRR23329748
SRR23329748.5423	1387	54.58	93.00	SRR23329748
SRR23329748.5424	1485	54.34	92.46	SRR23329748
SRR23329748.5425	1475	55.59	34.69	SRR23329748
SRR23329748.5427	1447	55.22	77.58	SRR23329748
SRR23329748.5428	1446	56.57	58.16	SRR23329748
SRR23329748.5429	1406	56.12	28.93	SRR23329748
SRR23329748.5430	1406	55.41	39.30	SRR23329748
SRR23329748.5431	1412	55.59	93.00	SRR23329748
SRR23329748.5432	1408	55.75	93.00	SRR23329748
SRR23329748.5433	1476	54.13	59.10	SRR23329748
SRR23329748.5434	1408	59.16	35.67	SRR23329748
SRR23329748.5435	1407	56.65	72.37	SRR23329748
SRR23329748.5436	1481	49.43	30.97	SRR23329748
SRR23329748.5437	1409	56.71	29.51	SRR23329748
SRR23329748.5438	1407	55.65	50.80	SRR23329748
SRR23329748.5439	1424	56.53	20.03	SRR23329748
SRR23329748.5440	1467	57.33	52.45	SRR23329748
SRR23329748.5441	1476	54.13	38.60	SRR23329748
SRR23329748.5442	1474	55.77	20.38	SRR23329748
SRR23329748.5443	1447	61.23	86.26	SRR23329748
SRR23329748.5444	1444	58.80	41.02	SRR23329748
SRR23329748.5445	1408	55.97	28.21	SRR23329748
SRR23329748.5446	1407	56.65	93.00	SRR23329748
SRR23329748.5447	1408	55.82	73.23	SRR23329748
SRR23329748.5448	1407	56.65	62.04	SRR23329748
SRR23329748.5449	1407	55.65	93.00	SRR23329748
SRR23329748.5450	1454	51.79	93.00	SRR23329748
SRR23329748.5451	1486	54.04	93.00	SRR23329748
SRR23329748.5452	1475	54.10	83.12	SRR23329748
SRR23329748.5453	1448	57.53	31.16	SRR23329748
SRR23329748.5454	1453	57.05	53.62	SRR23329748
SRR23329748.5455	1415	55.55	28.10	SRR23329748
SRR23329748.5456	1488	49.33	86.64	SRR23329748
SRR23329748.5458	1454	50.41	32.88	SRR23329748
SRR23329748.5459	1475	53.90	38.73	SRR23329748
SRR23329748.5460	1440	58.75	33.31	SRR23329748
SRR23329748.5462	1456	58.86	53.28	SRR23329748
SRR23329748.5463	1389	55.15	93.00	SRR23329748
SRR23329748.5464	1467	49.49	93.00	SRR23329748
SRR23329748.5465	1407	56.65	89.17	SRR23329748
SRR23329748.5466	1412	55.81	92.56	SRR23329748
SRR23329748.5467	1526	53.34	93.00	SRR23329748
SRR23329748.5468	1468	49.46	28.92	SRR23329748
SRR23329748.5469	1481	49.43	92.91	SRR23329748
SRR23329748.5470	1407	55.86	92.57	SRR23329748
SRR23329748.5471	1383	54.88	91.66	SRR23329748
SRR23329748.5472	1408	55.82	47.49	SRR23329748
SRR23329748.5473	1444	60.39	53.75	SRR23329748
SRR23329748.5474	1416	54.66	29.72	SRR23329748
SRR23329748.5476	1474	53.93	92.97	SRR23329748
SRR23329748.5477	1422	55.84	29.12	SRR23329748
SRR23329748.5478	1385	55.60	33.54	SRR23329748
SRR23329748.5479	1472	52.51	34.11	SRR23329748
SRR23329748.5480	1472	53.80	31.39	SRR23329748
SRR23329748.5481	1410	54.68	25.20	SRR23329748
SRR23329748.5482	1416	57.13	23.99	SRR23329748
SRR23329748.5483	1454	51.79	93.00	SRR23329748
SRR23329748.5484	1458	53.57	27.00	SRR23329748
SRR23329748.5485	1488	49.33	39.70	SRR23329748
SRR23329748.5486	1405	56.65	30.26	SRR23329748
SRR23329748.5487	1447	55.29	92.99	SRR23329748
SRR23329748.5488	1407	55.08	93.00	SRR23329748
SRR23329748.5489	1407	55.65	93.00	SRR23329748
SRR23329748.5490	1473	51.32	78.51	SRR23329748
SRR23329748.5491	1408	55.75	89.46	SRR23329748
SRR23329748.5492	1407	55.65	87.79	SRR23329748
SRR23329748.5493	1439	56.50	50.06	SRR23329748
SRR23329748.5494	1415	47.77	34.48	SRR23329748
SRR23329748.5495	1473	51.26	51.58	SRR23329748
SRR23329748.5496	1467	49.49	40.87	SRR23329748
SRR23329748.5498	1461	53.25	91.32	SRR23329748
SRR23329748.5500	1454	51.79	91.75	SRR23329748
SRR23329748.5501	1445	58.82	32.61	SRR23329748
SRR23329748.5502	1450	49.93	32.47	SRR23329748
SRR23329748.5503	1409	50.46	27.08	SRR23329748
SRR23329748.5504	1438	59.74	69.56	SRR23329748
SRR23329748.5505	1406	55.83	76.38	SRR23329748
SRR23329748.5506	1408	55.75	93.00	SRR23329748
SRR23329748.5507	1421	56.37	22.54	SRR23329748
SRR23329748.5509	1453	55.40	36.60	SRR23329748
SRR23329748.5510	1468	49.25	42.13	SRR23329748
SRR23329748.5511	1475	53.90	93.00	SRR23329748
SRR23329748.5512	1446	55.60	93.00	SRR23329748
SRR23329748.5513	1475	54.17	56.33	SRR23329748
SRR23329748.5515	1407	56.01	92.70	SRR23329748
SRR23329748.5516	1445	60.42	47.38	SRR23329748
SRR23329748.5517	1410	56.67	30.10	SRR23329748
SRR23329748.5518	1407	55.58	65.96	SRR23329748
SRR23329748.5519	1445	57.92	38.59	SRR23329748
SRR23329748.5521	1413	50.46	26.45	SRR23329748
SRR23329748.5522	1436	49.37	92.67	SRR23329748
SRR23329748.5523	1475	58.71	30.39	SRR23329748
SRR23329748.5524	1407	55.93	63.66	SRR23329748
SRR23329748.5525	1481	49.56	93.00	SRR23329748
SRR23329748.5526	1447	55.22	83.13	SRR23329748
SRR23329748.5527	1475	54.03	93.00	SRR23329748
SRR23329748.5528	1488	49.33	93.00	SRR23329748
SRR23329748.5529	2354	53.87	40.62	SRR23329748
SRR23329748.5530	1485	55.62	28.71	SRR23329748
SRR23329748.5531	1407	55.93	93.00	SRR23329748
SRR23329748.5532	1458	58.09	81.26	SRR23329748
SRR23329748.5533	1407	55.58	91.25	SRR23329748
SRR23329748.5534	1400	56.21	20.93	SRR23329748
SRR23329748.5535	1432	54.89	25.47	SRR23329748
SRR23329748.5536	1488	49.33	34.38	SRR23329748
SRR23329748.5537	1454	51.79	88.64	SRR23329748
SRR23329748.5538	1488	49.33	92.94	SRR23329748
SRR23329748.5539	1467	49.35	26.59	SRR23329748
SRR23329748.5540	1470	52.65	45.01	SRR23329748
SRR23329748.5541	1413	55.48	41.03	SRR23329748
SRR23329748.5542	1447	57.29	21.80	SRR23329748
SRR23329748.5543	1481	49.43	92.32	SRR23329748
SRR23329748.5544	1438	56.61	34.62	SRR23329748
SRR23329748.5545	1407	56.15	93.00	SRR23329748
SRR23329748.5546	1411	56.77	54.77	SRR23329748
SRR23329748.5547	1423	56.15	27.64	SRR23329748
SRR23329748.5548	1408	55.68	93.00	SRR23329748
SRR23329748.5549	1409	55.93	26.47	SRR23329748
SRR23329748.5550	1412	56.80	92.70	SRR23329748
SRR23329748.5552	1475	53.97	93.00	SRR23329748
SRR23329748.5554	1487	49.23	27.87	SRR23329748
SRR23329748.5555	1475	54.17	56.23	SRR23329748
SRR23329748.5556	1459	54.01	82.60	SRR23329748
SRR23329748.5557	1456	50.14	26.70	SRR23329748
SRR23329748.5558	1488	49.33	92.63	SRR23329748
SRR23329748.5559	1476	54.00	29.55	SRR23329748
SRR23329748.5560	1383	54.88	52.41	SRR23329748
SRR23329748.5561	1461	53.25	85.69	SRR23329748
SRR23329748.5562	1473	51.26	86.95	SRR23329748
SRR23329748.5563	1440	51.53	92.96	SRR23329748
SRR23329748.5564	1478	57.51	92.91	SRR23329748
SRR23329748.5565	1475	54.10	52.68	SRR23329748
SRR23329748.5566	1436	49.44	33.02	SRR23329748
SRR23329748.5567	1407	55.65	68.39	SRR23329748
SRR23329748.5568	1475	54.24	42.44	SRR23329748
SRR23329748.5569	2732	41.43	61.80	SRR23329748
SRR23329748.5570	1406	48.44	36.03	SRR23329748
SRR23329748.5571	1461	52.70	46.29	SRR23329748
SRR23329748.5572	1407	56.01	92.93	SRR23329748
SRR23329748.5573	1475	53.90	92.51	SRR23329748
SRR23329748.5574	1478	54.19	27.95	SRR23329748
SRR23329748.5575	1412	56.80	46.21	SRR23329748
SRR23329748.5576	1475	54.24	41.26	SRR23329748
SRR23329748.5577	1454	53.16	20.30	SRR23329748
SRR23329748.5578	1407	56.08	93.00	SRR23329748
SRR23329748.5579	1473	51.39	92.45	SRR23329748
SRR23329748.5580	1423	50.18	43.77	SRR23329748
SRR23329748.5581	1446	55.60	78.45	SRR23329748
SRR23329748.5582	1449	56.18	58.62	SRR23329748
SRR23329748.5583	1475	53.97	80.18	SRR23329748
SRR23329748.5584	1438	58.55	36.54	SRR23329748
SRR23329748.5585	1445	53.15	56.46	SRR23329748
SRR23329748.5587	1408	55.82	29.65	SRR23329748
SRR23329748.5588	1466	57.37	35.41	SRR23329748
SRR23329748.5589	1442	57.70	50.61	SRR23329748
SRR23329748.5590	1407	55.65	93.00	SRR23329748
SRR23329748.5591	1460	53.56	35.88	SRR23329748
SRR23329748.5592	1446	55.60	93.00	SRR23329748
SRR23329748.5593	1412	55.52	47.50	SRR23329748
SRR23329748.5594	1470	54.01	21.92	SRR23329748
SRR23329748.5595	1476	53.93	27.84	SRR23329748
SRR23329748.5596	1489	49.36	28.39	SRR23329748
SRR23329748.5597	1431	55.77	34.75	SRR23329748
SRR23329748.5598	1466	55.05	92.82	SRR23329748
SRR23329748.5599	1411	54.64	93.00	SRR23329748
SRR23329748.5600	1484	55.93	77.62	SRR23329748
SRR23329748.5601	1405	55.73	25.61	SRR23329748
SRR23329748.5602	1454	51.79	93.00	SRR23329748
SRR23329748.5603	1472	55.10	58.39	SRR23329748
SRR23329748.5604	1496	54.01	20.52	SRR23329748
SRR23329748.5605	1413	55.56	72.20	SRR23329748
SRR23329748.5606	1408	56.11	32.34	SRR23329748
SRR23329748.5607	1475	53.90	46.75	SRR23329748
SRR23329748.5608	1415	56.89	20.28	SRR23329748
SRR23329748.5609	1407	55.93	93.00	SRR23329748
SRR23329748.5610	1407	56.65	35.70	SRR23329748
SRR23329748.5611	1481	49.36	93.00	SRR23329748
SRR23329748.5612	1409	55.93	26.79	SRR23329748
SRR23329748.5613	1477	53.83	21.74	SRR23329748
SRR23329748.5614	1437	57.27	26.18	SRR23329748
SRR23329748.5615	1442	50.55	64.13	SRR23329748
SRR23329748.5616	1439	53.51	42.51	SRR23329748
SRR23329748.5617	1441	52.53	53.20	SRR23329748
SRR23329748.5618	1443	58.28	44.40	SRR23329748
SRR23329748.5619	1409	54.72	39.98	SRR23329748
SRR23329748.5620	1451	59.34	42.99	SRR23329748
SRR23329748.5621	1475	54.24	93.00	SRR23329748
SRR23329748.5622	1457	57.65	47.50	SRR23329748
SRR23329748.5623	1412	56.73	23.18	SRR23329748
SRR23329748.5624	1482	53.98	25.13	SRR23329748
SRR23329748.5625	1481	49.56	61.16	SRR23329748
SRR23329748.5626	1475	51.39	66.39	SRR23329748
SRR23329748.5627	1411	55.92	38.12	SRR23329748
SRR23329748.5628	1454	54.06	22.78	SRR23329748
SRR23329748.5629	1478	53.92	40.70	SRR23329748
SRR23329748.5630	1555	55.95	41.20	SRR23329748
SRR23329748.5631	1474	54.07	92.98	SRR23329748
SRR23329748.5632	1467	49.42	92.47	SRR23329748
SRR23329748.5633	1459	57.23	26.02	SRR23329748
SRR23329748.5634	1487	58.98	23.47	SRR23329748
SRR23329748.5635	1466	55.05	62.42	SRR23329748
SRR23329748.5636	1488	49.33	38.53	SRR23329748
SRR23329748.5637	1475	53.97	47.47	SRR23329748
SRR23329748.5638	1473	51.26	91.89	SRR23329748
SRR23329748.5639	1468	57.02	40.78	SRR23329748
SRR23329748.5640	1488	49.33	34.19	SRR23329748
SRR23329748.5641	1473	51.12	92.45	SRR23329748
SRR23329748.5642	1407	56.43	92.97	SRR23329748
SRR23329748.5643	1443	58.07	93.00	SRR23329748
SRR23329748.5644	1408	56.46	56.48	SRR23329748
SRR23329748.5645	1487	55.28	93.00	SRR23329748
SRR23329748.5646	1475	54.10	66.34	SRR23329748
SRR23329748.5647	1407	55.86	77.75	SRR23329748
SRR23329748.5648	1488	49.33	93.00	SRR23329748
SRR23329748.5650	1465	51.13	24.52	SRR23329748
SRR23329748.5652	1458	53.70	92.96	SRR23329748
SRR23329748.5653	1454	51.79	91.66	SRR23329748
SRR23329748.5654	1411	55.63	92.98	SRR23329748
SRR23329748.5655	1466	58.19	26.36	SRR23329748
SRR23329748.5657	1407	56.86	20.41	SRR23329748
SRR23329748.5658	1444	56.23	93.00	SRR23329748
SRR23329748.5659	1445	55.57	42.44	SRR23329748
SRR23329748.5660	1421	57.07	21.75	SRR23329748
SRR23329748.5661	1482	54.39	21.62	SRR23329748
SRR23329748.5662	1484	54.99	93.00	SRR23329748
SRR23329748.5663	1472	51.22	40.68	SRR23329748
SRR23329748.5664	1476	54.00	64.66	SRR23329748
SRR23329748.5665	1467	49.35	30.58	SRR23329748
SRR23329748.5666	1449	56.18	49.42	SRR23329748
SRR23329748.5667	1480	54.05	20.61	SRR23329748
SRR23329748.5668	1472	52.45	41.13	SRR23329748
SRR23329748.5669	1441	52.60	42.37	SRR23329748
SRR23329748.5670	1416	50.56	66.12	SRR23329748
SRR23329748.5671	1475	54.24	93.00	SRR23329748
SRR23329748.5672	1454	51.79	39.34	SRR23329748
SRR23329748.5673	1444	56.23	46.59	SRR23329748
SRR23329748.5674	1409	54.65	89.68	SRR23329748
SRR23329748.5675	1459	57.16	52.64	SRR23329748
SRR23329748.5676	1472	54.76	21.43	SRR23329748
SRR23329748.5677	1392	52.30	38.52	SRR23329748
SRR23329748.5678	1458	57.27	59.17	SRR23329748
SRR23329748.5679	1472	53.80	27.41	SRR23329748
SRR23329748.5680	1516	50.86	57.75	SRR23329748
SRR23329748.5681	1458	50.27	85.04	SRR23329748
SRR23329748.5682	1407	55.65	93.00	SRR23329748
SRR23329748.5683	1471	52.69	66.21	SRR23329748
SRR23329748.5684	1476	52.85	23.12	SRR23329748
SRR23329748.5685	1477	53.96	36.34	SRR23329748
SRR23329748.5686	1387	56.02	33.04	SRR23329748
SRR23329748.5687	1554	55.98	93.00	SRR23329748
SRR23329748.5690	1474	53.93	55.49	SRR23329748
SRR23329748.5691	1406	56.47	29.28	SRR23329748
SRR23329748.5692	1466	49.32	31.71	SRR23329748
SRR23329748.5693	1407	56.36	93.00	SRR23329748
SRR23329748.5695	1407	55.86	92.98	SRR23329748
SRR23329748.5696	1407	55.86	93.00	SRR23329748
SRR23329748.5697	1466	55.12	20.74	SRR23329748
SRR23329748.5699	1475	53.90	91.09	SRR23329748
SRR23329748.5700	1398	56.58	23.81	SRR23329748
SRR23329748.5701	1475	53.90	70.66	SRR23329748
SRR23329748.5702	1484	53.77	28.82	SRR23329748
SRR23329748.5704	1454	51.79	92.14	SRR23329748
SRR23329748.5705	1488	55.38	27.44	SRR23329748
SRR23329748.5706	1454	51.65	93.00	SRR23329748
SRR23329748.5707	1458	57.54	93.00	SRR23329748
SRR23329748.5708	1424	55.90	40.10	SRR23329748
SRR23329748.5709	1412	56.80	54.16	SRR23329748
SRR23329748.5710	1481	49.43	34.67	SRR23329748
SRR23329748.5711	1488	49.33	91.13	SRR23329748
SRR23329748.5712	1406	55.19	42.94	SRR23329748
SRR23329748.5713	1412	56.80	78.21	SRR23329748
SRR23329748.5714	1468	49.46	32.72	SRR23329748
SRR23329748.5715	1406	56.40	47.25	SRR23329748
SRR23329748.5716	1488	49.33	93.00	SRR23329748
SRR23329748.5717	1407	55.72	93.00	SRR23329748
SRR23329748.5718	1414	52.90	80.05	SRR23329748
SRR23329748.5721	1466	49.32	33.96	SRR23329748
SRR23329748.5722	1446	60.37	30.47	SRR23329748
SRR23329748.5723	1412	58.85	21.41	SRR23329748
SRR23329748.5724	1407	56.57	93.00	SRR23329748
SRR23329748.5725	1447	56.67	91.67	SRR23329748
SRR23329748.5726	1470	52.72	33.23	SRR23329748
SRR23329748.5728	1474	54.21	42.53	SRR23329748
SRR23329748.5729	1475	53.97	88.30	SRR23329748
SRR23329748.5730	1471	54.18	31.66	SRR23329748
SRR23329748.5731	1412	56.80	71.26	SRR23329748
SRR23329748.5733	1458	54.18	55.61	SRR23329748
SRR23329748.5734	1473	54.31	31.26	SRR23329748
SRR23329748.5736	1485	54.14	93.00	SRR23329748
SRR23329748.5737	1442	50.49	54.58	SRR23329748
SRR23329748.5738	1481	49.43	92.91	SRR23329748
SRR23329748.5739	1452	59.37	23.42	SRR23329748
SRR23329748.5741	1468	54.16	20.68	SRR23329748
SRR23329748.5742	1478	48.24	92.93	SRR23329748
SRR23329748.5743	2008	53.88	50.98	SRR23329748
SRR23329748.5744	1468	49.52	35.08	SRR23329748
SRR23329748.5745	1409	58.84	47.33	SRR23329748
SRR23329748.5746	1383	54.95	22.22	SRR23329748
SRR23329748.5747	1476	54.00	39.90	SRR23329748
SRR23329748.5748	1453	55.75	53.25	SRR23329748
SRR23329748.5749	1447	54.87	93.00	SRR23329748
SRR23329748.5750	1439	50.94	33.07	SRR23329748
SRR23329748.5752	1440	55.76	21.84	SRR23329748
SRR23329748.5753	1470	52.65	85.68	SRR23329748
SRR23329748.5755	1472	54.01	29.93	SRR23329748
SRR23329748.5756	1477	58.16	38.93	SRR23329748
SRR23329748.5757	1462	53.28	30.72	SRR23329748
SRR23329748.5758	1414	52.90	26.39	SRR23329748
SRR23329748.5760	1447	55.22	92.58	SRR23329748
SRR23329748.5761	1474	54.07	92.89	SRR23329748
SRR23329748.5762	1453	57.05	40.26	SRR23329748
SRR23329748.5763	1447	55.22	45.47	SRR23329748
SRR23329748.5764	1472	51.22	36.50	SRR23329748
SRR23329748.5765	1475	54.03	37.70	SRR23329748
SRR23329748.5766	1453	55.47	93.00	SRR23329748
SRR23329748.5767	1407	55.65	85.57	SRR23329748
SRR23329748.5768	1407	55.72	93.00	SRR23329748
SRR23329748.5769	1413	50.53	93.00	SRR23329748
SRR23329748.5770	1407	55.58	26.96	SRR23329748
SRR23329748.5772	1478	54.06	23.61	SRR23329748
SRR23329748.5773	1387	54.58	77.97	SRR23329748
SRR23329748.5774	1488	49.26	93.00	SRR23329748
SRR23329748.5775	1412	56.80	92.99	SRR23329748
SRR23329748.5776	1481	49.43	40.84	SRR23329748
SRR23329748.5777	1406	56.05	35.67	SRR23329748
SRR23329748.5778	1446	55.60	74.54	SRR23329748
SRR23329748.5779	1460	52.53	27.60	SRR23329748
SRR23329748.5780	1453	55.75	92.96	SRR23329748
SRR23329748.5781	1467	56.99	92.98	SRR23329748
SRR23329748.5782	1453	51.82	91.42	SRR23329748
SRR23329748.5783	1467	49.35	40.33	SRR23329748
SRR23329748.5784	1451	59.48	93.00	SRR23329748
SRR23329748.5785	1459	54.97	49.85	SRR23329748
SRR23329748.5786	1446	55.60	81.30	SRR23329748
SRR23329748.5787	1454	51.79	93.00	SRR23329748
SRR23329748.5788	1490	49.33	23.36	SRR23329748
SRR23329748.5789	1407	55.65	93.00	SRR23329748
SRR23329748.5790	1446	57.75	84.54	SRR23329748
SRR23329748.5791	1484	55.39	82.32	SRR23329748
SRR23329748.5792	1410	56.10	22.68	SRR23329748
SRR23329748.5793	1473	51.26	52.19	SRR23329748
SRR23329748.5794	1407	55.65	44.97	SRR23329748
SRR23329748.5796	1408	56.68	29.65	SRR23329748
SRR23329748.5797	1467	49.49	93.00	SRR23329748
SRR23329748.5798	1447	55.49	66.59	SRR23329748
SRR23329748.5799	1409	56.21	93.00	SRR23329748
SRR23329748.5800	1407	56.01	92.82	SRR23329748
SRR23329748.5801	1445	56.40	49.48	SRR23329748
SRR23329748.5803	1425	55.93	39.02	SRR23329748
SRR23329748.5804	1470	52.65	53.67	SRR23329748
SRR23329748.5806	1467	49.63	86.22	SRR23329748
SRR23329748.5807	1424	54.14	48.50	SRR23329748
SRR23329748.5808	1473	51.19	92.71	SRR23329748
SRR23329748.5809	1450	57.45	30.78	SRR23329748
SRR23329748.5810	1412	55.88	33.35	SRR23329748
SRR23329748.5811	1460	57.60	27.67	SRR23329748
SRR23329748.5812	1383	54.88	75.22	SRR23329748
SRR23329748.5813	1402	56.63	23.49	SRR23329748
SRR23329748.5814	1475	54.03	50.68	SRR23329748
SRR23329748.5815	1475	53.90	46.17	SRR23329748
SRR23329748.5816	1407	55.72	35.94	SRR23329748
SRR23329748.5817	1491	53.99	24.66	SRR23329748
SRR23329748.5818	1407	56.57	85.98	SRR23329748
SRR23329748.5819	1412	56.80	61.46	SRR23329748
SRR23329748.5820	3007	54.67	22.73	SRR23329748
SRR23329748.5821	1454	51.72	36.76	SRR23329748
SRR23329748.5823	1466	57.23	43.87	SRR23329748
SRR23329748.5824	1483	55.29	34.66	SRR23329748
SRR23329748.5825	1453	54.09	92.40	SRR23329748
SRR23329748.5826	1412	55.81	59.48	SRR23329748
SRR23329748.5827	1383	54.95	93.00	SRR23329748
SRR23329748.5830	1442	58.53	22.69	SRR23329748
SRR23329748.5831	1445	55.85	93.00	SRR23329748
SRR23329748.5832	1454	51.79	91.02	SRR23329748
SRR23329748.5833	1407	55.93	93.00	SRR23329748
SRR23329748.5834	1407	55.65	90.77	SRR23329748
SRR23329748.5836	1484	55.46	93.00	SRR23329748
SRR23329748.5837	1488	49.33	93.00	SRR23329748
SRR23329748.5838	1476	59.35	74.61	SRR23329748
SRR23329748.5839	1473	51.26	67.61	SRR23329748
SRR23329748.5840	1457	51.82	23.48	SRR23329748
SRR23329748.5841	1435	57.77	23.60	SRR23329748
SRR23329748.5842	1409	55.64	30.24	SRR23329748
SRR23329748.5843	1407	55.86	57.48	SRR23329748
SRR23329748.5845	1471	53.98	32.60	SRR23329748
SRR23329748.5846	1445	58.55	93.00	SRR23329748
SRR23329748.5847	1514	44.19	65.20	SRR23329748
SRR23329748.5848	1437	56.92	82.20	SRR23329748
SRR23329748.5849	1389	56.59	84.90	SRR23329748
SRR23329748.5850	1480	49.39	71.67	SRR23329748
SRR23329748.5851	1423	50.18	51.58	SRR23329748
SRR23329748.5852	1407	56.65	48.18	SRR23329748
SRR23329748.5853	1460	55.96	56.31	SRR23329748
SRR23329748.5854	1445	57.79	66.78	SRR23329748
SRR23329748.5855	1437	58.46	92.98	SRR23329748
SRR23329748.5856	1455	54.50	30.73	SRR23329748
SRR23329748.5857	1404	56.48	31.57	SRR23329748
SRR23329748.5858	1484	55.59	31.22	SRR23329748
SRR23329748.5859	1481	49.43	92.98	SRR23329748
SRR23329748.5860	1471	52.41	82.29	SRR23329748
SRR23329748.5861	1383	54.88	64.27	SRR23329748
SRR23329748.5862	1427	57.46	76.53	SRR23329748
SRR23329748.5863	1439	56.08	93.00	SRR23329748
SRR23329748.5864	1475	54.17	32.53	SRR23329748
SRR23329748.5865	1472	53.87	31.82	SRR23329748
SRR23329748.5866	1407	56.79	93.00	SRR23329748
SRR23329748.5867	1501	61.89	76.65	SRR23329748
SRR23329748.5868	1449	56.11	29.31	SRR23329748
SRR23329748.5869	1450	50.48	27.49	SRR23329748
SRR23329748.5870	1411	54.50	38.28	SRR23329748
SRR23329748.5871	1412	55.81	93.00	SRR23329748
SRR23329748.5872	1453	55.47	93.00	SRR23329748
SRR23329748.5873	1484	55.86	36.38	SRR23329748
SRR23329748.5874	1407	56.01	93.00	SRR23329748
SRR23329748.5875	1407	56.50	53.25	SRR23329748
SRR23329748.5876	1388	55.55	50.66	SRR23329748
SRR23329748.5877	1484	55.59	82.25	SRR23329748
SRR23329748.5878	1407	55.65	93.00	SRR23329748
SRR23329748.5879	1408	55.75	93.00	SRR23329748
SRR23329748.5880	1482	53.71	20.59	SRR23329748
SRR23329748.5881	1418	57.40	56.96	SRR23329748
SRR23329748.5882	1407	55.65	51.10	SRR23329748
SRR23329748.5883	1475	53.90	22.20	SRR23329748
SRR23329748.5884	1445	57.92	82.22	SRR23329748
SRR23329748.5885	1484	55.39	46.39	SRR23329748
SRR23329748.5886	1444	56.09	32.56	SRR23329748
SRR23329748.5887	1387	54.58	93.00	SRR23329748
SRR23329748.5888	1382	55.50	24.98	SRR23329748
SRR23329748.5889	1473	51.32	93.00	SRR23329748
SRR23329748.5890	1409	59.19	89.73	SRR23329748
SRR23329748.5891	1475	54.17	79.82	SRR23329748
SRR23329748.5892	1467	57.46	35.19	SRR23329748
SRR23329748.5893	1413	53.01	35.53	SRR23329748
SRR23329748.5894	1488	49.33	93.00	SRR23329748
SRR23329748.5895	1475	53.97	34.33	SRR23329748
SRR23329748.5896	1412	56.80	57.49	SRR23329748
SRR23329748.5897	1465	57.34	28.95	SRR23329748
SRR23329748.5898	1457	55.04	55.33	SRR23329748
SRR23329748.5899	1438	59.11	42.52	SRR23329748
SRR23329748.5900	1475	54.17	93.00	SRR23329748
SRR23329748.5901	1412	56.80	93.00	SRR23329748
SRR23329748.5902	1462	52.74	35.38	SRR23329748
SRR23329748.5903	1488	49.33	36.41	SRR23329748
SRR23329748.5904	1501	54.10	20.77	SRR23329748
SRR23329748.5905	1413	55.91	24.92	SRR23329748
SRR23329748.5906	1401	50.39	64.43	SRR23329748
SRR23329748.5907	1488	49.33	77.18	SRR23329748
SRR23329748.5908	1433	59.46	25.47	SRR23329748
SRR23329748.5909	1472	57.20	20.23	SRR23329748
SRR23329748.5910	1475	54.17	93.00	SRR23329748
SRR23329748.5911	1407	56.01	90.86	SRR23329748
SRR23329748.5912	1402	55.99	32.33	SRR23329748
SRR23329748.5913	1412	56.80	30.45	SRR23329748
SRR23329748.5914	1408	55.54	56.08	SRR23329748
SRR23329748.5915	1407	55.08	54.83	SRR23329748
SRR23329748.5916	1439	56.98	39.64	SRR23329748
SRR23329748.5917	1459	57.23	82.42	SRR23329748
SRR23329748.5918	1446	51.80	93.00	SRR23329748
SRR23329748.5919	1470	53.67	24.25	SRR23329748
SRR23329748.5920	1467	49.28	93.00	SRR23329748
SRR23329748.5921	1474	54.07	46.64	SRR23329748
SRR23329748.5922	1475	54.24	92.98	SRR23329748
SRR23329748.5923	1475	54.31	22.99	SRR23329748
SRR23329748.5924	1454	50.69	21.03	SRR23329748
SRR23329748.5925	1407	56.57	40.21	SRR23329748
SRR23329748.5926	1447	57.98	28.81	SRR23329748
SRR23329748.5927	1483	58.13	22.20	SRR23329748
SRR23329748.5928	1389	55.65	23.48	SRR23329748
SRR23329748.5929	1488	49.33	92.35	SRR23329748
SRR23329748.5930	1494	54.02	21.61	SRR23329748
SRR23329748.5931	1407	56.43	35.48	SRR23329748
SRR23329748.5932	1519	53.19	23.09	SRR23329748
SRR23329748.5933	1467	57.53	50.65	SRR23329748
SRR23329748.5934	1480	49.26	29.73	SRR23329748
SRR23329748.5935	1411	55.63	93.00	SRR23329748
SRR23329748.5936	1404	57.12	55.47	SRR23329748
SRR23329748.5937	1407	56.15	36.46	SRR23329748
SRR23329748.5938	1475	54.17	93.00	SRR23329748
SRR23329748.5939	1488	49.33	35.70	SRR23329748
SRR23329748.5940	1412	56.66	93.00	SRR23329748
SRR23329748.5941	1407	54.44	30.19	SRR23329748
SRR23329748.5942	1412	56.73	39.50	SRR23329748
SRR23329748.5943	1488	49.26	51.69	SRR23329748
SRR23329748.5944	1488	49.33	48.88	SRR23329748
SRR23329748.5945	1387	54.58	91.79	SRR23329748
SRR23329748.5946	1406	55.90	37.87	SRR23329748
SRR23329748.5947	1406	56.54	45.94	SRR23329748
SRR23329748.5948	1484	55.46	92.97	SRR23329748
SRR23329748.5949	1407	56.01	39.38	SRR23329748
SRR23329748.5950	1419	55.67	57.01	SRR23329748
SRR23329748.5951	1421	56.93	39.35	SRR23329748
SRR23329748.5952	1489	49.23	27.13	SRR23329748
SRR23329748.5953	1488	55.38	25.02	SRR23329748
SRR23329748.5954	1407	57.14	24.10	SRR23329748
SRR23329748.5955	1410	54.96	30.47	SRR23329748
SRR23329748.5956	1411	54.50	64.32	SRR23329748
SRR23329748.5957	1488	49.33	62.54	SRR23329748
SRR23329748.5958	1453	57.05	84.85	SRR23329748
SRR23329748.5959	1460	57.26	22.51	SRR23329748
SRR23329748.5960	1409	55.36	21.37	SRR23329748
SRR23329748.5961	1388	55.62	40.09	SRR23329748
SRR23329748.5962	1440	50.35	22.07	SRR23329748
SRR23329748.5963	1409	55.71	27.89	SRR23329748
SRR23329748.5964	1407	55.86	35.51	SRR23329748
SRR23329748.5965	1411	54.71	36.15	SRR23329748
SRR23329748.5966	1477	53.96	37.42	SRR23329748
SRR23329748.5967	1408	56.68	33.59	SRR23329748
SRR23329748.5968	1420	54.23	22.74	SRR23329748
SRR23329748.5969	1442	53.19	32.06	SRR23329748
SRR23329748.5970	1467	57.46	74.13	SRR23329748
SRR23329748.5971	1457	57.24	51.59	SRR23329748
SRR23329748.5973	1474	54.07	59.68	SRR23329748
SRR23329748.5974	1407	56.65	45.28	SRR23329748
SRR23329748.5975	1416	54.66	21.58	SRR23329748
SRR23329748.5976	1407	56.65	35.48	SRR23329748
SRR23329748.5977	1473	51.26	93.00	SRR23329748
SRR23329748.5978	1484	55.39	92.91	SRR23329748
SRR23329748.5979	1447	61.23	84.86	SRR23329748
SRR23329748.5980	1471	52.48	92.72	SRR23329748
SRR23329748.5981	1442	58.67	28.25	SRR23329748
SRR23329748.5982	1484	55.46	51.92	SRR23329748
SRR23329748.5983	1385	55.45	93.00	SRR23329748
SRR23329748.5984	1475	54.24	31.46	SRR23329748
SRR23329748.5985	1439	52.54	32.33	SRR23329748
SRR23329748.5986	1414	56.08	27.01	SRR23329748
SRR23329748.5987	1407	56.15	92.76	SRR23329748
SRR23329748.5988	1489	49.36	35.67	SRR23329748
SRR23329748.5989	1397	45.81	29.49	SRR23329748
SRR23329748.5990	1394	55.95	22.22	SRR23329748
SRR23329748.5991	1482	44.13	93.00	SRR23329748
SRR23329748.5992	1467	49.49	93.00	SRR23329748
SRR23329748.5993	1407	56.57	93.00	SRR23329748
SRR23329748.5995	1485	49.36	31.44	SRR23329748
SRR23329748.5996	1475	54.24	83.93	SRR23329748
SRR23329748.5997	1401	57.10	33.01	SRR23329748
SRR23329748.5998	1467	49.35	93.00	SRR23329748
SRR23329748.5999	1442	53.12	29.33	SRR23329748
SRR23329748.6002	1432	56.01	20.82	SRR23329748
SRR23329748.6003	1383	54.88	87.79	SRR23329748
SRR23329748.6005	1455	58.97	20.52	SRR23329748
SRR23329748.6006	1446	55.19	36.66	SRR23329748
SRR23329748.6007	1444	56.16	93.00	SRR23329748
SRR23329748.6008	1449	56.18	86.50	SRR23329748
SRR23329748.6009	1403	56.02	66.58	SRR23329748
SRR23329748.6010	1415	57.39	27.04	SRR23329748
SRR23329748.6011	1443	55.93	26.11	SRR23329748
SRR23329748.6012	1433	58.41	27.71	SRR23329748
SRR23329748.6014	1458	58.09	56.61	SRR23329748
SRR23329748.6015	1445	56.40	73.51	SRR23329748
SRR23329748.6016	1481	49.49	25.59	SRR23329748
SRR23329748.6017	1407	56.65	93.00	SRR23329748
SRR23329748.6018	1411	56.13	25.28	SRR23329748
SRR23329748.6019	1407	56.65	51.94	SRR23329748
SRR23329748.6021	1415	54.06	68.30	SRR23329748
SRR23329748.6022	1407	56.43	93.00	SRR23329748
SRR23329748.6023	1412	56.80	93.00	SRR23329748
SRR23329748.6024	1432	53.63	93.00	SRR23329748
SRR23329748.6025	1411	54.50	53.22	SRR23329748
SRR23329748.6026	1407	55.65	92.99	SRR23329748
SRR23329748.6027	1481	49.43	93.00	SRR23329748
SRR23329748.6028	1444	56.86	66.96	SRR23329748
SRR23329748.6029	1454	51.79	87.89	SRR23329748
SRR23329748.6030	1412	56.73	93.00	SRR23329748
SRR23329748.6031	1475	54.31	93.00	SRR23329748
SRR23329748.6032	1396	52.22	93.00	SRR23329748
SRR23329748.6033	1459	55.31	32.11	SRR23329748
SRR23329748.6034	1475	54.17	37.08	SRR23329748
SRR23329748.6035	1426	54.07	23.70	SRR23329748
SRR23329748.6036	1454	51.79	92.84	SRR23329748
SRR23329748.6037	1410	55.53	34.49	SRR23329748
SRR23329748.6038	1448	55.66	25.57	SRR23329748
SRR23329748.6039	1473	51.39	53.77	SRR23329748
SRR23329748.6040	1453	51.75	32.56	SRR23329748
SRR23329748.6041	1447	55.22	92.50	SRR23329748
SRR23329748.6042	1431	57.51	36.99	SRR23329748
SRR23329748.6043	1452	50.55	90.28	SRR23329748
SRR23329748.6044	1407	56.43	87.08	SRR23329748
SRR23329748.6045	1475	55.32	28.81	SRR23329748
SRR23329748.6046	1405	56.58	32.02	SRR23329748
SRR23329748.6047	1470	52.65	68.66	SRR23329748
SRR23329748.6048	1467	57.46	38.66	SRR23329748
SRR23329748.6049	1408	56.32	25.80	SRR23329748
SRR23329748.6050	1449	57.56	43.61	SRR23329748
SRR23329748.6051	1387	54.58	91.18	SRR23329748
SRR23329748.6052	1407	55.93	91.67	SRR23329748
SRR23329748.6053	1444	55.47	23.20	SRR23329748
SRR23329748.6054	1460	53.56	79.14	SRR23329748
SRR23329748.6055	1447	55.29	54.04	SRR23329748
SRR23329748.6056	1475	54.10	92.50	SRR23329748
SRR23329748.6057	1443	58.21	37.97	SRR23329748
SRR23329748.6058	1488	49.33	93.00	SRR23329748
SRR23329748.6059	1434	55.51	43.83	SRR23329748
SRR23329748.6060	1454	50.48	64.73	SRR23329748
SRR23329748.6061	1406	55.69	27.05	SRR23329748
SRR23329748.6062	1426	56.73	92.70	SRR23329748
SRR23329748.6064	1407	55.65	44.01	SRR23329748
SRR23329748.6066	1411	54.50	93.00	SRR23329748
SRR23329748.6067	1478	48.31	30.41	SRR23329748
SRR23329748.6068	1411	54.50	93.00	SRR23329748
SRR23329748.6069	1470	52.65	93.00	SRR23329748
SRR23329748.6070	1450	57.24	39.43	SRR23329748
SRR23329748.6071	1407	56.08	93.00	SRR23329748
SRR23329748.6072	1423	56.99	29.16	SRR23329748
SRR23329748.6073	1413	57.75	36.50	SRR23329748
SRR23329748.6074	1439	53.44	93.00	SRR23329748
SRR23329748.6075	1409	39.32	56.38	SRR23329748
SRR23329748.6076	1414	55.73	28.78	SRR23329748
SRR23329748.6077	1468	49.32	30.27	SRR23329748
SRR23329748.6078	1452	56.06	93.00	SRR23329748
SRR23329748.6079	1475	53.97	47.77	SRR23329748
SRR23329748.6080	1454	51.79	93.00	SRR23329748
SRR23329748.6081	1460	55.89	41.93	SRR23329748
SRR23329748.6082	1446	56.85	93.00	SRR23329748
SRR23329748.6083	1400	55.57	26.61	SRR23329748
SRR23329748.6084	1407	55.72	73.27	SRR23329748
SRR23329748.6085	1438	57.30	26.63	SRR23329748
SRR23329748.6086	1475	54.24	36.48	SRR23329748
SRR23329748.6087	1467	49.35	93.00	SRR23329748
SRR23329748.6088	1389	56.08	26.10	SRR23329748
SRR23329748.6089	1445	57.85	35.48	SRR23329748
SRR23329748.6090	1407	55.93	38.98	SRR23329748
SRR23329748.6091	1447	57.57	58.58	SRR23329748
SRR23329748.6092	1406	56.12	30.53	SRR23329748
SRR23329748.6093	1407	56.36	90.28	SRR23329748
SRR23329748.6094	1403	56.02	93.00	SRR23329748
SRR23329748.6095	1447	55.77	84.80	SRR23329748
SRR23329748.6096	1481	49.49	63.55	SRR23329748
SRR23329748.6097	1410	56.52	33.20	SRR23329748
SRR23329748.6098	1410	54.54	35.64	SRR23329748
SRR23329748.6099	1406	56.61	93.00	SRR23329748
SRR23329748.6100	1451	59.41	38.96	SRR23329748
SRR23329748.6101	1460	53.56	92.86	SRR23329748
SRR23329748.6103	1475	53.90	92.94	SRR23329748
SRR23329748.6104	1483	54.96	81.36	SRR23329748
SRR23329748.6105	1409	58.91	56.42	SRR23329748
SRR23329748.6106	1450	55.93	30.73	SRR23329748
SRR23329748.6107	1444	56.86	37.58	SRR23329748
SRR23329748.6108	1447	55.77	93.00	SRR23329748
SRR23329748.6109	1411	55.85	21.28	SRR23329748
SRR23329748.6110	1472	52.72	33.13	SRR23329748
SRR23329748.6111	1447	55.56	37.42	SRR23329748
SRR23329748.6112	1476	53.93	43.23	SRR23329748
SRR23329748.6113	1445	57.72	23.68	SRR23329748
SRR23329748.6114	1414	52.90	84.78	SRR23329748
SRR23329748.6115	1409	55.00	21.07	SRR23329748
SRR23329748.6116	1473	51.12	80.43	SRR23329748
SRR23329748.6117	1367	59.69	20.82	SRR23329748
SRR23329748.6118	1474	53.93	27.96	SRR23329748
SRR23329748.6119	1389	55.15	93.00	SRR23329748
SRR23329748.6120	1460	55.89	91.39	SRR23329748
SRR23329748.6122	1407	56.57	93.00	SRR23329748
SRR23329748.6123	1396	52.36	40.41	SRR23329748
SRR23329748.6124	1405	56.58	29.24	SRR23329748
SRR23329748.6125	1481	49.43	58.70	SRR23329748
SRR23329748.6128	1475	53.97	92.99	SRR23329748
SRR23329748.6129	1421	56.79	92.91	SRR23329748
SRR23329748.6130	1475	54.24	93.00	SRR23329748
SRR23329748.6131	1407	55.72	39.01	SRR23329748
SRR23329748.6132	1484	55.46	36.65	SRR23329748
SRR23329748.6134	1480	49.39	93.00	SRR23329748
SRR23329748.6135	1485	53.80	35.09	SRR23329748
SRR23329748.6136	1414	47.81	55.92	SRR23329748
SRR23329748.6137	1406	56.69	92.49	SRR23329748
SRR23329748.6138	1475	54.17	62.40	SRR23329748
SRR23329748.6139	1407	56.57	92.88	SRR23329748
SRR23329748.6140	1488	49.33	59.45	SRR23329748
SRR23329748.6141	1423	50.18	92.95	SRR23329748
SRR23329748.6142	1467	55.56	66.59	SRR23329748
SRR23329748.6143	1451	50.38	77.47	SRR23329748
SRR23329748.6144	1408	56.39	22.55	SRR23329748
SRR23329748.6145	1467	49.49	92.98	SRR23329748
SRR23329748.6146	1453	54.09	35.33	SRR23329748
SRR23329748.6147	1480	52.64	23.72	SRR23329748
SRR23329748.6148	1486	54.37	93.00	SRR23329748
SRR23329748.6149	1407	56.08	93.00	SRR23329748
SRR23329748.6150	1445	56.89	56.23	SRR23329748
SRR23329748.6151	1399	56.04	24.60	SRR23329748
SRR23329748.6152	1445	57.85	69.53	SRR23329748
SRR23329748.6153	1488	49.33	93.00	SRR23329748
SRR23329748.6154	1467	49.42	93.00	SRR23329748
SRR23329748.6155	1418	57.40	93.00	SRR23329748
SRR23329748.6156	1408	55.75	44.49	SRR23329748
SRR23329748.6157	1458	50.27	92.99	SRR23329748
SRR23329748.6158	1424	55.62	43.52	SRR23329748
SRR23329748.6159	1467	49.49	93.00	SRR23329748
SRR23329748.6160	1409	55.64	28.70	SRR23329748
SRR23329748.6161	1475	56.27	29.29	SRR23329748
SRR23329748.6162	1458	52.54	32.08	SRR23329748
SRR23329748.6163	1451	58.86	27.60	SRR23329748
SRR23329748.6164	1387	54.58	53.08	SRR23329748
SRR23329748.6165	1441	58.64	26.98	SRR23329748
SRR23329748.6166	1407	56.65	90.23	SRR23329748
SRR23329748.6167	1456	59.00	93.00	SRR23329748
SRR23329748.6168	1484	55.32	72.60	SRR23329748
SRR23329748.6169	1475	54.37	53.90	SRR23329748
SRR23329748.6170	1473	51.26	60.43	SRR23329748
SRR23329748.6171	1445	56.89	34.57	SRR23329748
SRR23329748.6172	1201	54.79	40.13	SRR23329748
SRR23329748.6173	1472	54.08	33.11	SRR23329748
SRR23329748.6174	1471	51.05	23.58	SRR23329748
SRR23329748.6175	1484	55.39	36.71	SRR23329748
SRR23329748.6176	1445	58.55	91.15	SRR23329748
SRR23329748.6177	1446	55.60	93.00	SRR23329748
SRR23329748.6178	1484	54.99	43.71	SRR23329748
SRR23329748.6179	1412	55.81	56.89	SRR23329748
SRR23329748.6180	1470	54.01	26.39	SRR23329748
SRR23329748.6181	1481	49.56	93.00	SRR23329748
SRR23329748.6182	1447	56.46	27.64	SRR23329748
SRR23329748.6183	1444	57.83	38.79	SRR23329748
SRR23329748.6184	1445	58.82	29.60	SRR23329748
SRR23329748.6185	1475	54.24	49.67	SRR23329748
SRR23329748.6186	1408	55.75	93.00	SRR23329748
SRR23329748.6187	1411	55.92	46.53	SRR23329748
SRR23329748.6188	1447	55.56	38.33	SRR23329748
SRR23329748.6189	1488	49.33	93.00	SRR23329748
SRR23329748.6190	1405	57.30	32.64	SRR23329748
SRR23329748.6191	1477	54.16	27.39	SRR23329748
SRR23329748.6192	1472	51.36	31.28	SRR23329748
SRR23329748.6193	1467	57.46	93.00	SRR23329748
SRR23329748.6194	1419	58.42	25.68	SRR23329748
SRR23329748.6195	1442	58.25	75.11	SRR23329748
SRR23329748.6196	1445	57.85	93.00	SRR23329748
SRR23329748.6197	1391	52.26	32.95	SRR23329748
SRR23329748.6198	1441	56.97	25.12	SRR23329748
SRR23329748.6199	1447	54.87	92.93	SRR23329748
SRR23329748.6200	1383	54.88	93.00	SRR23329748
SRR23329748.6201	1389	56.52	30.01	SRR23329748
SRR23329748.6202	1436	58.50	27.80	SRR23329748
SRR23329748.6203	1391	58.88	73.65	SRR23329748
SRR23329748.6204	1437	56.92	69.55	SRR23329748
SRR23329748.6205	1445	58.13	82.04	SRR23329748
SRR23329748.6206	1475	53.90	85.78	SRR23329748
SRR23329748.6207	1455	51.75	93.00	SRR23329748
SRR23329748.6208	1474	53.93	39.47	SRR23329748
SRR23329748.6209	1424	56.74	92.68	SRR23329748
SRR23329748.6211	1475	53.90	89.68	SRR23329748
SRR23329748.6212	1446	55.60	58.54	SRR23329748
SRR23329748.6213	1407	55.65	74.18	SRR23329748
SRR23329748.6214	1436	57.80	50.65	SRR23329748
SRR23329748.6215	1425	56.14	48.54	SRR23329748
SRR23329748.6216	1405	56.58	27.46	SRR23329748
SRR23329748.6217	1408	56.04	92.96	SRR23329748
SRR23329748.6218	1488	49.33	53.11	SRR23329748
SRR23329748.6219	1442	52.15	93.00	SRR23329748
SRR23329748.6220	1410	57.16	25.72	SRR23329748
SRR23329748.6221	1407	55.58	68.34	SRR23329748
SRR23329748.6222	1437	58.52	93.00	SRR23329748
SRR23329748.6223	1466	49.32	31.15	SRR23329748
SRR23329748.6224	1475	54.03	66.68	SRR23329748
SRR23329748.6225	1412	56.52	26.71	SRR23329748
SRR23329748.6227	1475	53.83	57.15	SRR23329748
SRR23329748.6229	1444	56.37	31.28	SRR23329748
SRR23329748.6230	1435	56.24	41.28	SRR23329748
SRR23329748.6231	1454	51.51	81.15	SRR23329748
SRR23329748.6232	1445	59.10	24.10	SRR23329748
SRR23329748.6233	1467	49.49	93.00	SRR23329748
SRR23329748.6234	1389	56.52	31.87	SRR23329748
SRR23329748.6235	1444	56.37	92.90	SRR23329748
SRR23329748.6236	1486	53.30	31.03	SRR23329748
SRR23329748.6237	1470	54.01	27.49	SRR23329748
SRR23329748.6238	1475	51.46	93.00	SRR23329748
SRR23329748.6239	1383	54.88	51.37	SRR23329748
SRR23329748.6240	1460	53.97	93.00	SRR23329748
SRR23329748.6241	1484	55.39	82.30	SRR23329748
SRR23329748.6242	1446	55.60	93.00	SRR23329748
SRR23329748.6243	1436	53.48	51.36	SRR23329748
SRR23329748.6244	1415	56.68	27.07	SRR23329748
SRR23329748.6245	1474	54.41	61.50	SRR23329748
SRR23329748.6246	1407	55.65	89.50	SRR23329748
SRR23329748.6247	1452	50.55	40.46	SRR23329748
SRR23329748.6248	1488	49.33	93.00	SRR23329748
SRR23329748.6249	1444	57.83	36.26	SRR23329748
SRR23329748.6250	1474	55.50	39.08	SRR23329748
SRR23329748.6251	1406	55.76	26.57	SRR23329748
SRR23329748.6252	1408	55.75	93.00	SRR23329748
SRR23329748.6253	1462	53.56	28.87	SRR23329748
SRR23329748.6254	1489	49.29	27.32	SRR23329748
SRR23329748.6255	1476	48.98	20.54	SRR23329748
SRR23329748.6256	1475	54.24	92.99	SRR23329748
SRR23329748.6257	1488	49.33	93.00	SRR23329748
SRR23329748.6258	1445	58.55	32.31	SRR23329748
SRR23329748.6259	1407	55.58	92.98	SRR23329748
SRR23329748.6260	1417	55.61	37.22	SRR23329748
SRR23329748.6261	1384	54.91	32.99	SRR23329748
SRR23329748.6262	1484	55.59	27.67	SRR23329748
SRR23329748.6263	1474	53.93	42.31	SRR23329748
SRR23329748.6264	1415	56.68	28.91	SRR23329748
SRR23329748.6265	1445	55.85	60.49	SRR23329748
SRR23329748.6266	1407	56.65	63.37	SRR23329748
SRR23329748.6267	1407	55.65	92.94	SRR23329748
SRR23329748.6268	1406	56.54	32.23	SRR23329748
SRR23329748.6269	1444	56.16	87.59	SRR23329748
SRR23329748.6270	1475	53.97	61.21	SRR23329748
SRR23329748.6271	1474	54.34	93.00	SRR23329748
SRR23329748.6272	1451	59.27	71.45	SRR23329748
SRR23329748.6274	1408	50.99	92.88	SRR23329748
SRR23329748.6275	1406	56.76	28.98	SRR23329748
SRR23329748.6276	1387	56.52	32.36	SRR23329748
SRR23329748.6277	1408	55.54	30.33	SRR23329748
SRR23329748.6278	1417	56.10	21.16	SRR23329748
SRR23329748.6279	1407	56.43	40.47	SRR23329748
SRR23329748.6280	1477	54.10	31.73	SRR23329748
SRR23329748.6281	1443	55.93	34.49	SRR23329748
SRR23329748.6282	1405	56.51	31.79	SRR23329748
SRR23329748.6283	1407	56.65	34.52	SRR23329748
SRR23329748.6284	1459	57.64	28.84	SRR23329748
SRR23329748.6285	1488	49.33	51.47	SRR23329748
SRR23329748.6286	1488	49.33	93.00	SRR23329748
SRR23329748.6287	1460	55.00	91.67	SRR23329748
SRR23329748.6288	1407	55.79	57.55	SRR23329748
SRR23329748.6289	1471	51.19	29.96	SRR23329748
SRR23329748.6290	1467	49.49	86.27	SRR23329748
SRR23329748.6291	1475	54.17	35.58	SRR23329748
SRR23329748.6292	1449	56.25	38.57	SRR23329748
SRR23329748.6293	1513	49.24	21.65	SRR23329748
SRR23329748.6294	1446	55.67	93.00	SRR23329748
SRR23329748.6295	1414	53.04	66.49	SRR23329748
SRR23329748.6296	1417	50.95	52.44	SRR23329748
SRR23329748.6297	1484	55.53	53.71	SRR23329748
SRR23329748.6298	1412	56.80	92.95	SRR23329748
SRR23329748.6299	1438	59.67	86.08	SRR23329748
SRR23329748.6300	1488	49.26	93.00	SRR23329748
SRR23329748.6301	1478	57.51	93.00	SRR23329748
SRR23329748.6302	1446	55.60	91.35	SRR23329748
SRR23329748.6303	1407	56.01	70.92	SRR23329748
SRR23329748.6304	1473	51.39	92.97	SRR23329748
SRR23329748.6305	1484	55.53	93.00	SRR23329748
SRR23329748.6306	1385	55.45	37.39	SRR23329748
SRR23329748.6307	1411	56.84	32.45	SRR23329748
SRR23329748.6308	1408	55.61	32.45	SRR23329748
SRR23329748.6309	1488	49.26	92.75	SRR23329748
SRR23329748.6310	1488	49.26	69.51	SRR23329748
SRR23329748.6311	1412	56.80	92.98	SRR23329748
SRR23329748.6312	1445	53.15	75.52	SRR23329748
SRR23329748.6313	1475	54.24	44.06	SRR23329748
SRR23329748.6314	1407	55.79	47.22	SRR23329748
SRR23329748.6315	1410	55.82	59.46	SRR23329748
SRR23329748.6316	1484	55.32	91.45	SRR23329748
SRR23329748.6317	1467	49.49	24.38	SRR23329748
SRR23329748.6318	1458	50.27	93.00	SRR23329748
SRR23329748.6319	1475	53.90	93.00	SRR23329748
SRR23329748.6320	1454	55.23	22.98	SRR23329748
SRR23329748.6321	1475	51.39	93.00	SRR23329748
SRR23329748.6322	1407	56.65	28.96	SRR23329748
SRR23329748.6323	1408	55.47	53.43	SRR23329748
SRR23329748.6324	1488	49.33	92.96	SRR23329748
SRR23329748.6325	1434	55.51	34.75	SRR23329748
SRR23329748.6326	1391	58.81	93.00	SRR23329748
SRR23329748.6327	1408	55.75	93.00	SRR23329748
SRR23329748.6328	1454	51.79	37.49	SRR23329748
SRR23329748.6329	1407	55.65	93.00	SRR23329748
SRR23329748.6330	1443	50.59	32.52	SRR23329748
SRR23329748.6331	1488	55.31	49.81	SRR23329748
SRR23329748.6332	1407	55.93	40.48	SRR23329748
SRR23329748.6333	1473	51.26	93.00	SRR23329748
SRR23329748.6334	1449	56.18	39.57	SRR23329748
SRR23329748.6335	1450	57.24	42.61	SRR23329748
SRR23329748.6337	1458	51.17	23.64	SRR23329748
SRR23329748.6338	1421	50.25	27.82	SRR23329748
SRR23329748.6339	1410	55.60	21.21	SRR23329748
SRR23329748.6340	1407	55.65	77.36	SRR23329748
SRR23329748.6341	1435	56.66	20.40	SRR23329748
SRR23329748.6342	1475	54.03	52.11	SRR23329748
SRR23329748.6343	1481	49.43	92.19	SRR23329748
SRR23329748.6344	1451	58.03	20.32	SRR23329748
SRR23329748.6345	1473	51.19	75.44	SRR23329748
SRR23329748.6346	1484	55.32	93.00	SRR23329748
SRR23329748.6347	1484	54.11	21.43	SRR23329748
SRR23329748.6348	1417	50.95	93.00	SRR23329748
SRR23329748.6349	1467	49.35	93.00	SRR23329748
SRR23329748.6350	1460	55.00	33.40	SRR23329748
SRR23329748.6351	1486	54.17	92.94	SRR23329748
SRR23329748.6353	1389	56.52	93.00	SRR23329748
SRR23329748.6354	1432	53.63	58.34	SRR23329748
SRR23329748.6355	1489	53.93	93.00	SRR23329748
SRR23329748.6357	1407	55.58	92.41	SRR23329748
SRR23329748.6358	2008	53.83	33.50	SRR23329748
SRR23329748.6359	1459	52.91	92.52	SRR23329748
SRR23329748.6360	1454	51.51	82.86	SRR23329748
SRR23329748.6361	1457	54.22	32.44	SRR23329748
SRR23329748.6363	1713	46.88	29.69	SRR23329748
SRR23329748.6364	1407	56.65	78.19	SRR23329748
SRR23329748.6365	1447	58.05	62.71	SRR23329748
SRR23329748.6366	1473	51.26	93.00	SRR23329748
SRR23329748.6367	1407	55.58	93.00	SRR23329748
SRR23329748.6368	1967	55.21	26.01	SRR23329748
SRR23329748.6369	1475	53.90	86.57	SRR23329748
SRR23329748.6370	1474	51.22	31.24	SRR23329748
SRR23329748.6371	1414	53.04	43.33	SRR23329748
SRR23329748.6372	1484	53.91	28.44	SRR23329748
SRR23329748.6375	1411	56.77	43.07	SRR23329748
SRR23329748.6376	1377	54.25	57.39	SRR23329748
SRR23329748.6377	1409	56.07	26.17	SRR23329748
SRR23329748.6378	1488	49.33	25.54	SRR23329748
SRR23329748.6379	1475	53.97	75.60	SRR23329748
SRR23329748.6380	1437	58.39	24.97	SRR23329748
SRR23329748.6381	1455	51.75	22.75	SRR23329748
SRR23329748.6382	1407	56.08	92.61	SRR23329748
SRR23329748.6383	1437	58.52	92.95	SRR23329748
SRR23329748.6385	1415	55.62	22.72	SRR23329748
SRR23329748.6386	1488	49.33	93.00	SRR23329748
SRR23329748.6387	1449	56.52	33.04	SRR23329748
SRR23329748.6388	1436	49.44	46.57	SRR23329748
SRR23329748.6389	1383	54.88	52.91	SRR23329748
SRR23329748.6390	1446	56.36	63.80	SRR23329748
SRR23329748.6391	1444	55.26	22.39	SRR23329748
SRR23329748.6392	1476	54.00	41.71	SRR23329748
SRR23329748.6393	1481	49.56	93.00	SRR23329748
SRR23329748.6394	1471	56.29	28.74	SRR23329748
SRR23329748.6395	1475	54.24	93.00	SRR23329748
SRR23329748.6396	1385	56.46	52.26	SRR23329748
SRR23329748.6397	1471	52.48	52.68	SRR23329748
SRR23329748.6398	1445	60.42	37.60	SRR23329748
SRR23329748.6399	1406	56.05	40.81	SRR23329748
SRR23329748.6400	1488	49.33	93.00	SRR23329748
SRR23329748.6401	1412	55.95	34.27	SRR23329748
SRR23329748.6402	1412	56.80	42.08	SRR23329748
SRR23329748.6403	1474	54.07	92.93	SRR23329748
SRR23329748.6404	1475	53.90	64.97	SRR23329748
SRR23329748.6405	1413	55.98	30.09	SRR23329748
SRR23329748.6406	1408	55.75	55.17	SRR23329748
SRR23329748.6407	1407	55.86	44.83	SRR23329748
SRR23329748.6408	1447	55.77	29.24	SRR23329748
SRR23329748.6409	1453	55.95	85.73	SRR23329748
SRR23329748.6411	1444	58.86	45.85	SRR23329748
SRR23329748.6412	1475	54.17	34.70	SRR23329748
SRR23329748.6414	1440	58.26	92.64	SRR23329748
SRR23329748.6415	1485	49.36	21.05	SRR23329748
SRR23329748.6416	1406	55.62	36.47	SRR23329748
SRR23329748.6417	1389	56.59	61.30	SRR23329748
SRR23329748.6418	1488	49.26	81.30	SRR23329748
SRR23329748.6419	1458	54.18	41.64	SRR23329748
SRR23329748.6422	1405	55.52	27.24	SRR23329748
SRR23329748.6423	1447	55.49	92.89	SRR23329748
SRR23329748.6424	1407	56.08	57.47	SRR23329748
SRR23329748.6426	1447	58.88	37.51	SRR23329748
SRR23329748.6427	1401	56.03	24.48	SRR23329748
SRR23329748.6428	1467	49.42	93.00	SRR23329748
SRR23329748.6429	1407	56.65	93.00	SRR23329748
SRR23329748.6430	1411	54.71	52.49	SRR23329748
SRR23329748.6431	1478	48.31	62.69	SRR23329748
SRR23329748.6433	1442	57.35	44.19	SRR23329748
SRR23329748.6434	1473	51.32	30.61	SRR23329748
SRR23329748.6435	1482	54.45	25.75	SRR23329748
SRR23329748.6436	1406	55.62	32.12	SRR23329748
SRR23329748.6437	1408	56.68	35.49	SRR23329748
SRR23329748.6438	1419	54.40	23.72	SRR23329748
SRR23329748.6439	1414	56.86	27.48	SRR23329748
SRR23329748.6440	1446	55.60	39.55	SRR23329748
SRR23329748.6441	1475	53.90	43.69	SRR23329748
SRR23329748.6442	1467	49.35	87.05	SRR23329748
SRR23329748.6444	1471	53.84	25.83	SRR23329748
SRR23329748.6445	1411	56.48	21.72	SRR23329748
SRR23329748.6446	1407	56.65	44.97	SRR23329748
SRR23329748.6447	1445	57.85	66.48	SRR23329748
SRR23329748.6448	1467	56.92	93.00	SRR23329748
SRR23329748.6449	1408	55.82	65.85	SRR23329748
SRR23329748.6450	1475	54.24	55.53	SRR23329748
SRR23329748.6452	1495	49.30	20.85	SRR23329748
SRR23329748.6453	1418	57.55	54.54	SRR23329748
SRR23329748.6454	1458	58.16	53.55	SRR23329748
SRR23329748.6455	1473	51.32	76.70	SRR23329748
SRR23329748.6456	1427	45.27	24.30	SRR23329748
SRR23329748.6457	1403	56.02	48.69	SRR23329748
SRR23329748.6458	1453	56.02	93.00	SRR23329748
SRR23329748.6459	1475	53.97	51.68	SRR23329748
SRR23329748.6460	1413	56.69	33.15	SRR23329748
SRR23329748.6461	1488	49.33	93.00	SRR23329748
SRR23329748.6462	1405	55.52	26.90	SRR23329748
SRR23329748.6463	1424	56.74	52.94	SRR23329748
SRR23329748.6464	1407	56.65	63.47	SRR23329748
SRR23329748.6465	1449	56.45	75.37	SRR23329748
SRR23329748.6466	1461	50.99	31.91	SRR23329748
SRR23329748.6467	1467	49.28	93.00	SRR23329748
SRR23329748.6468	1467	49.69	92.98	SRR23329748
SRR23329748.6469	1407	55.86	41.76	SRR23329748
SRR23329748.6470	1473	51.26	44.58	SRR23329748
SRR23329748.6471	1446	58.30	71.17	SRR23329748
SRR23329748.6472	1413	50.46	43.30	SRR23329748
SRR23329748.6473	1413	54.78	35.81	SRR23329748
SRR23329748.6474	1405	55.87	24.94	SRR23329748
SRR23329748.6475	1473	54.11	32.12	SRR23329748
SRR23329748.6476	1473	51.39	37.68	SRR23329748
SRR23329748.6477	1475	54.10	39.19	SRR23329748
SRR23329748.6478	1488	49.33	81.56	SRR23329748
SRR23329748.6479	1413	56.69	25.14	SRR23329748
SRR23329748.6480	1492	55.03	24.78	SRR23329748
SRR23329748.6481	1486	49.26	27.21	SRR23329748
SRR23329748.6482	1459	52.84	84.55	SRR23329748
SRR23329748.6483	1401	50.39	38.32	SRR23329748
SRR23329748.6484	1472	55.57	26.14	SRR23329748
SRR23329748.6485	1453	54.16	51.95	SRR23329748
SRR23329748.6486	1474	53.93	39.34	SRR23329748
SRR23329748.6487	1488	49.33	93.00	SRR23329748
SRR23329748.6489	1471	52.35	28.55	SRR23329748
SRR23329748.6490	1407	56.65	90.65	SRR23329748
SRR23329748.6491	1488	49.33	93.00	SRR23329748
SRR23329748.6492	1408	55.75	53.61	SRR23329748
SRR23329748.6493	1466	52.11	26.64	SRR23329748
SRR23329748.6494	1445	58.06	92.99	SRR23329748
SRR23329748.6495	1454	50.48	43.05	SRR23329748
SRR23329748.6496	1404	55.63	22.00	SRR23329748
SRR23329748.6497	1472	54.01	27.13	SRR23329748
SRR23329748.6498	1472	59.85	30.78	SRR23329748
SRR23329748.6499	1414	53.04	90.91	SRR23329748
SRR23329748.6500	1407	56.08	93.00	SRR23329748
SRR23329748.6501	1461	53.05	35.01	SRR23329748
SRR23329748.6502	1412	56.80	93.00	SRR23329748
SRR23329748.6503	1407	56.57	92.92	SRR23329748
SRR23329748.6504	1407	56.65	93.00	SRR23329748
SRR23329748.6506	1444	58.10	51.85	SRR23329748
SRR23329748.6507	1386	55.99	85.34	SRR23329748
SRR23329748.6508	1389	56.52	35.18	SRR23329748
SRR23329748.6509	1409	54.79	22.08	SRR23329748
SRR23329748.6511	1473	51.26	92.82	SRR23329748
SRR23329748.6512	1467	49.35	93.00	SRR23329748
SRR23329748.6513	1488	49.33	36.18	SRR23329748
SRR23329748.6514	1411	54.78	92.13	SRR23329748
SRR23329748.6515	1471	57.44	20.33	SRR23329748
SRR23329748.6516	1406	56.19	93.00	SRR23329748
SRR23329748.6518	1383	55.82	90.16	SRR23329748
SRR23329748.6519	1473	51.19	89.67	SRR23329748
SRR23329748.6520	1406	56.05	46.47	SRR23329748
SRR23329748.6521	1487	49.29	32.36	SRR23329748
SRR23329748.6522	1407	56.08	22.65	SRR23329748
SRR23329748.6523	1423	55.66	27.95	SRR23329748
SRR23329748.6524	1475	53.97	93.00	SRR23329748
SRR23329748.6525	1388	56.05	92.42	SRR23329748
SRR23329748.6526	1474	54.07	75.33	SRR23329748
SRR23329748.6527	1421	54.19	44.06	SRR23329748
SRR23329748.6528	1407	55.93	36.72	SRR23329748
SRR23329748.6529	1466	49.52	26.04	SRR23329748
SRR23329748.6530	1415	53.07	43.80	SRR23329748
SRR23329748.6531	1476	59.42	84.39	SRR23329748
SRR23329748.6532	1387	56.02	92.47	SRR23329748
SRR23329748.6533	1473	53.90	40.57	SRR23329748
SRR23329748.6534	1490	49.33	31.53	SRR23329748
SRR23329748.6535	1522	53.35	31.92	SRR23329748
SRR23329748.6536	1473	51.39	92.91	SRR23329748
SRR23329748.6537	1489	49.23	36.68	SRR23329748
SRR23329748.6538	1444	55.68	22.14	SRR23329748
SRR23329748.6539	1442	55.41	28.11	SRR23329748
SRR23329748.6540	1407	56.01	93.00	SRR23329748
SRR23329748.6541	1412	56.80	32.49	SRR23329748
SRR23329748.6542	1470	53.81	30.58	SRR23329748
SRR23329748.6543	1473	51.19	41.82	SRR23329748
SRR23329748.6544	1475	51.39	36.69	SRR23329748
SRR23329748.6545	1406	55.97	35.84	SRR23329748
SRR23329748.6546	1481	57.33	21.84	SRR23329748
SRR23329748.6547	1412	55.74	63.55	SRR23329748
SRR23329748.6548	1472	55.16	44.63	SRR23329748
SRR23329748.6549	1453	54.78	93.00	SRR23329748
SRR23329748.6552	1445	57.79	27.02	SRR23329748
SRR23329748.6553	1407	56.65	37.77	SRR23329748
SRR23329748.6555	1437	56.78	21.99	SRR23329748
SRR23329748.6556	1407	56.15	85.48	SRR23329748
SRR23329748.6557	1385	55.67	92.10	SRR23329748
SRR23329748.6558	1413	55.48	92.42	SRR23329748
SRR23329748.6559	1475	54.24	93.00	SRR23329748
SRR23329748.6560	1396	52.22	44.45	SRR23329748
SRR23329748.6561	1414	56.01	22.67	SRR23329748
SRR23329748.6562	1419	53.14	21.45	SRR23329748
SRR23329748.6564	1409	55.71	24.07	SRR23329748
SRR23329748.6565	1488	49.33	86.48	SRR23329748
SRR23329748.6566	1413	56.83	25.24	SRR23329748
SRR23329748.6567	1441	57.32	56.40	SRR23329748
SRR23329748.6568	1428	45.10	27.80	SRR23329748
SRR23329748.6569	1457	58.27	26.91	SRR23329748
SRR23329748.6570	1440	51.53	38.44	SRR23329748
SRR23329748.6572	1407	55.65	92.81	SRR23329748
SRR23329748.6573	1405	55.73	20.55	SRR23329748
SRR23329748.6574	1407	55.58	53.27	SRR23329748
SRR23329748.6575	1453	57.05	66.58	SRR23329748
SRR23329748.6576	1446	58.02	93.00	SRR23329748
SRR23329748.6577	1406	55.19	93.00	SRR23329748
SRR23329748.6578	1459	53.87	92.84	SRR23329748
SRR23329748.6579	1446	55.60	93.00	SRR23329748
SRR23329748.6580	1407	55.65	45.70	SRR23329748
SRR23329748.6581	1481	59.69	92.99	SRR23329748
SRR23329748.6582	1407	55.65	88.17	SRR23329748
SRR23329748.6583	1459	52.91	72.80	SRR23329748
SRR23329748.6584	1446	55.60	88.49	SRR23329748
SRR23329748.6585	1475	54.10	70.39	SRR23329748
SRR23329748.6586	1488	49.33	40.92	SRR23329748
SRR23329748.6587	1412	56.80	80.20	SRR23329748
SRR23329748.6588	1407	55.79	73.38	SRR23329748
SRR23329748.6589	1411	55.92	93.00	SRR23329748
SRR23329748.6590	1473	51.26	93.00	SRR23329748
SRR23329748.6591	1427	45.20	93.00	SRR23329748
SRR23329748.6592	1407	56.08	39.23	SRR23329748
SRR23329748.6594	1404	56.70	27.18	SRR23329748
SRR23329748.6595	1466	49.25	31.44	SRR23329748
SRR23329748.6596	1449	56.18	87.21	SRR23329748
SRR23329748.6597	1467	49.42	93.00	SRR23329748
SRR23329748.6598	1412	56.80	92.88	SRR23329748
SRR23329748.6599	1453	55.47	78.76	SRR23329748
SRR23329748.6600	1475	53.90	93.00	SRR23329748
SRR23329748.6601	1468	49.39	31.92	SRR23329748
SRR23329748.6602	1474	54.07	66.70	SRR23329748
SRR23329748.6603	1389	56.59	62.19	SRR23329748
SRR23329748.6605	1409	53.44	37.32	SRR23329748
SRR23329748.6606	1488	49.33	43.69	SRR23329748
SRR23329748.6607	1449	56.94	31.20	SRR23329748
SRR23329748.6608	1407	56.65	36.57	SRR23329748
SRR23329748.6609	1412	56.80	66.49	SRR23329748
SRR23329748.6610	1473	51.39	57.30	SRR23329748
SRR23329748.6611	1407	55.93	39.15	SRR23329748
SRR23329748.6612	1467	49.49	89.22	SRR23329748
SRR23329748.6613	1407	56.65	93.00	SRR23329748
SRR23329748.6614	1407	56.57	93.00	SRR23329748
SRR23329748.6616	1486	55.92	23.81	SRR23329748
SRR23329748.6617	1460	53.56	92.96	SRR23329748
SRR23329748.6618	1475	53.90	43.69	SRR23329748
SRR23329748.6619	1481	49.43	63.55	SRR23329748
SRR23329748.6621	1489	53.86	93.00	SRR23329748
SRR23329748.6622	1411	55.56	41.54	SRR23329748
SRR23329748.6623	1412	56.80	92.05	SRR23329748
SRR23329748.6624	1407	55.93	88.55	SRR23329748
SRR23329748.6625	1480	54.05	24.12	SRR23329748
SRR23329748.6626	1413	55.63	27.08	SRR23329748
SRR23329748.6627	1460	53.56	93.00	SRR23329748
SRR23329748.6628	1444	55.54	29.38	SRR23329748
SRR23329748.6629	1409	53.44	93.00	SRR23329748
SRR23329748.6631	1484	55.32	92.16	SRR23329748
SRR23329748.6633	1458	57.61	25.99	SRR23329748
SRR23329748.6634	1417	54.55	26.82	SRR23329748
SRR23329748.6635	1488	49.33	55.68	SRR23329748
SRR23329748.6636	1425	55.86	32.84	SRR23329748
SRR23329748.6637	1441	59.82	93.00	SRR23329748
SRR23329748.6639	1403	55.74	26.14	SRR23329748
SRR23329748.6640	1456	55.91	22.50	SRR23329748
SRR23329748.6641	1450	57.66	41.53	SRR23329748
SRR23329748.6643	1411	55.63	93.00	SRR23329748
SRR23329748.6644	1385	55.67	93.00	SRR23329748
SRR23329748.6645	1479	48.28	37.58	SRR23329748
SRR23329748.6646	1391	56.43	42.41	SRR23329748
SRR23329748.6647	1407	56.43	29.15	SRR23329748
SRR23329748.6648	1406	56.54	34.28	SRR23329748
SRR23329748.6649	1407	56.65	79.57	SRR23329748
SRR23329748.6650	1475	54.24	37.68	SRR23329748
SRR23329748.6651	1472	52.72	29.84	SRR23329748
SRR23329748.6652	1437	56.30	38.55	SRR23329748
SRR23329748.6653	1453	51.75	55.43	SRR23329748
SRR23329748.6654	1407	56.65	79.28	SRR23329748
SRR23329748.6655	1448	55.39	33.44	SRR23329748
SRR23329748.6656	1407	55.72	43.97	SRR23329748
SRR23329748.6657	1475	54.03	42.69	SRR23329748
SRR23329748.6658	1444	56.23	38.98	SRR23329748
SRR23329748.6659	1456	58.93	48.11	SRR23329748
SRR23329748.6661	1439	56.50	93.00	SRR23329748
SRR23329748.6662	1412	54.53	30.76	SRR23329748
SRR23329748.6663	1431	57.65	30.97	SRR23329748
SRR23329748.6664	1467	49.35	92.69	SRR23329748
SRR23329748.6665	1487	49.23	34.54	SRR23329748
SRR23329748.6666	1487	57.03	32.47	SRR23329748
SRR23329748.6667	1411	54.50	58.34	SRR23329748
SRR23329748.6668	1407	56.57	80.25	SRR23329748
SRR23329748.6669	1433	59.25	57.52	SRR23329748
SRR23329748.6670	1484	55.59	93.00	SRR23329748
SRR23329748.6671	1482	49.53	36.71	SRR23329748
SRR23329748.6672	1388	56.56	48.66	SRR23329748
SRR23329748.6673	1421	53.06	33.18	SRR23329748
SRR23329748.6674	1432	56.70	37.00	SRR23329748
SRR23329748.6675	1444	56.86	93.00	SRR23329748
SRR23329748.6676	1457	53.60	33.40	SRR23329748
SRR23329748.6677	1462	51.85	21.92	SRR23329748
SRR23329748.6678	1407	56.65	46.89	SRR23329748
SRR23329748.6679	1407	55.08	88.03	SRR23329748
SRR23329748.6680	1407	56.50	29.74	SRR23329748
SRR23329748.6681	1447	54.87	31.67	SRR23329748
SRR23329748.6682	1486	49.26	25.76	SRR23329748
SRR23329748.6684	1468	49.32	32.86	SRR23329748
SRR23329748.6685	1411	55.92	35.35	SRR23329748
SRR23329748.6686	1476	54.20	35.69	SRR23329748
SRR23329748.6687	1488	51.34	93.00	SRR23329748
SRR23329748.6688	1389	56.66	86.81	SRR23329748
SRR23329748.6689	1408	55.75	91.00	SRR23329748
SRR23329748.6690	1407	55.58	93.00	SRR23329748
SRR23329748.6691	1467	49.42	93.00	SRR23329748
SRR23329748.6692	1458	57.27	83.11	SRR23329748
SRR23329748.6693	1447	55.22	31.34	SRR23329748
SRR23329748.6694	1411	54.50	92.99	SRR23329748
SRR23329748.6696	1419	50.25	25.26	SRR23329748
SRR23329748.6698	1442	60.47	93.00	SRR23329748
SRR23329748.6699	1412	55.59	92.96	SRR23329748
SRR23329748.6700	1412	53.05	36.06	SRR23329748
SRR23329748.6701	1453	54.44	63.62	SRR23329748
SRR23329748.6702	1447	52.52	93.00	SRR23329748
SRR23329748.6704	1488	49.33	92.96	SRR23329748
SRR23329748.6706	1419	50.67	27.26	SRR23329748
SRR23329748.6707	1404	56.62	48.78	SRR23329748
SRR23329748.6708	1421	49.26	30.54	SRR23329748
SRR23329748.6710	1408	55.82	31.57	SRR23329748
SRR23329748.6711	1443	59.32	40.47	SRR23329748
SRR23329748.6713	1454	51.79	81.63	SRR23329748
SRR23329748.6714	1446	55.46	57.40	SRR23329748
SRR23329748.6715	1467	49.35	35.68	SRR23329748
SRR23329748.6716	1485	54.14	51.68	SRR23329748
SRR23329748.6717	1446	57.68	52.57	SRR23329748
SRR23329748.6718	1513	42.96	93.00	SRR23329748
SRR23329748.6719	1470	49.59	26.04	SRR23329748
SRR23329748.6720	1447	57.57	72.53	SRR23329748
SRR23329748.6722	1409	56.07	32.46	SRR23329748
SRR23329748.6723	1460	52.95	93.00	SRR23329748
SRR23329748.6724	1408	56.68	34.89	SRR23329748
SRR23329748.6725	1474	54.34	68.56	SRR23329748
SRR23329748.6726	1458	53.29	93.00	SRR23329748
SRR23329748.6727	1475	53.97	92.85	SRR23329748
SRR23329748.6728	1447	55.63	92.86	SRR23329748
SRR23329748.6729	1468	57.43	39.09	SRR23329748
SRR23329748.6732	1416	56.21	29.80	SRR23329748
SRR23329748.6733	1476	54.07	30.72	SRR23329748
SRR23329748.6734	1437	58.46	93.00	SRR23329748
SRR23329748.6735	1473	53.77	23.45	SRR23329748
SRR23329748.6736	1484	55.46	91.52	SRR23329748
SRR23329748.6737	1453	56.02	58.28	SRR23329748
SRR23329748.6738	1478	48.31	93.00	SRR23329748
SRR23329748.6739	1413	55.56	93.00	SRR23329748
SRR23329748.6740	1469	49.49	22.84	SRR23329748
SRR23329748.6741	1447	55.22	92.97	SRR23329748
SRR23329748.6742	1408	55.82	42.33	SRR23329748
SRR23329748.6743	1438	56.40	93.00	SRR23329748
SRR23329748.6745	1447	55.98	63.59	SRR23329748
SRR23329748.6746	1462	52.53	26.30	SRR23329748
SRR23329748.6747	1437	58.52	47.42	SRR23329748
SRR23329748.6748	1467	57.53	55.76	SRR23329748
SRR23329748.6749	1419	55.67	42.29	SRR23329748
SRR23329748.6750	1473	53.90	26.31	SRR23329748
SRR23329748.6751	1474	53.93	42.68	SRR23329748
SRR23329748.6752	1453	57.05	34.83	SRR23329748
SRR23329748.6754	1403	56.02	79.67	SRR23329748
SRR23329748.6755	1425	54.04	93.00	SRR23329748
SRR23329748.6756	1410	54.96	28.56	SRR23329748
SRR23329748.6757	1407	56.57	58.75	SRR23329748
SRR23329748.6758	1429	50.24	75.46	SRR23329748
SRR23329748.6759	1383	55.03	29.31	SRR23329748
SRR23329748.6760	1407	56.36	68.82	SRR23329748
SRR23329748.6762	1442	50.55	93.00	SRR23329748
SRR23329748.6763	1467	49.49	92.45	SRR23329748
SRR23329748.6764	1408	55.75	60.48	SRR23329748
SRR23329748.6766	1414	53.04	93.00	SRR23329748
SRR23329748.6767	1388	55.76	93.00	SRR23329748
SRR23329748.6768	1467	49.49	73.64	SRR23329748
SRR23329748.6769	1475	53.90	40.69	SRR23329748
SRR23329748.6770	1466	57.30	28.77	SRR23329748
SRR23329748.6771	1431	57.51	92.94	SRR23329748
SRR23329748.6772	1453	56.99	90.28	SRR23329748
SRR23329748.6773	1459	53.39	37.34	SRR23329748
SRR23329748.6774	1418	57.69	26.58	SRR23329748
SRR23329748.6775	1458	51.03	52.49	SRR23329748
SRR23329748.6776	1454	51.79	34.31	SRR23329748
SRR23329748.6777	1407	56.43	25.24	SRR23329748
SRR23329748.6778	1445	58.55	34.07	SRR23329748
SRR23329748.6779	1474	54.07	91.42	SRR23329748
SRR23329748.6780	1473	51.32	93.00	SRR23329748
SRR23329748.6781	1389	56.44	27.37	SRR23329748
SRR23329748.6782	1407	56.50	93.00	SRR23329748
SRR23329748.6783	1407	55.72	53.25	SRR23329748
SRR23329748.6784	1406	55.76	35.48	SRR23329748
SRR23329748.6785	1475	55.59	36.69	SRR23329748
SRR23329748.6786	1478	53.79	33.98	SRR23329748
SRR23329748.6787	1407	56.57	56.66	SRR23329748
SRR23329748.6788	1407	56.01	73.98	SRR23329748
SRR23329748.6789	1485	49.16	20.62	SRR23329748
SRR23329748.6790	1444	59.07	58.99	SRR23329748
SRR23329748.6791	1389	56.59	79.92	SRR23329748
SRR23329748.6792	1434	56.28	20.79	SRR23329748
SRR23329748.6793	1411	55.63	84.67	SRR23329748
SRR23329748.6794	1476	53.86	32.24	SRR23329748
SRR23329748.6795	1452	56.06	92.71	SRR23329748
SRR23329748.6796	1407	55.93	91.65	SRR23329748
SRR23329748.6797	1410	55.82	27.41	SRR23329748
SRR23329748.6798	1467	49.49	92.93	SRR23329748
SRR23329748.6799	1407	55.72	52.38	SRR23329748
SRR23329748.6800	1490	53.96	20.05	SRR23329748
SRR23329748.6801	1408	55.75	53.49	SRR23329748
SRR23329748.6802	1477	54.03	21.94	SRR23329748
SRR23329748.6804	1467	49.49	55.66	SRR23329748
SRR23329748.6805	1407	56.72	20.89	SRR23329748
SRR23329748.6806	1407	56.15	61.42	SRR23329748
SRR23329748.6807	1417	56.60	25.72	SRR23329748
SRR23329748.6808	1414	54.60	39.71	SRR23329748
SRR23329748.6809	1405	56.58	38.11	SRR23329748
SRR23329748.6810	1411	56.34	93.00	SRR23329748
SRR23329748.6811	1478	48.31	93.00	SRR23329748
SRR23329748.6812	1446	55.60	61.11	SRR23329748
SRR23329748.6813	1473	51.26	93.00	SRR23329748
SRR23329748.6814	1411	55.63	31.95	SRR23329748
SRR23329748.6816	1388	55.62	93.00	SRR23329748
SRR23329748.6817	1455	50.31	27.78	SRR23329748
SRR23329748.6818	1466	49.66	20.56	SRR23329748
SRR23329748.6819	1407	56.65	88.68	SRR23329748
SRR23329748.6820	1408	55.82	93.00	SRR23329748
SRR23329748.6821	1473	51.19	93.00	SRR23329748
SRR23329748.6822	1475	54.03	27.64	SRR23329748
SRR23329748.6823	1459	52.91	47.89	SRR23329748
SRR23329748.6824	1474	54.07	92.99	SRR23329748
SRR23329748.6825	1440	57.99	78.00	SRR23329748
SRR23329748.6826	1444	56.79	22.99	SRR23329748
SRR23329748.6827	1412	56.80	93.00	SRR23329748
SRR23329748.6828	1423	45.12	25.26	SRR23329748
SRR23329748.6830	1406	55.90	34.85	SRR23329748
SRR23329748.6831	1412	56.80	60.50	SRR23329748
SRR23329748.6832	1460	50.34	20.68	SRR23329748
SRR23329748.6833	1459	56.13	38.86	SRR23329748
SRR23329748.6834	1411	55.92	65.43	SRR23329748
SRR23329748.6835	1446	58.58	92.97	SRR23329748
SRR23329748.6836	1488	49.33	48.31	SRR23329748
SRR23329748.6837	1432	53.63	61.10	SRR23329748
SRR23329748.6838	1403	56.24	93.00	SRR23329748
SRR23329748.6839	1480	48.38	23.02	SRR23329748
SRR23329748.6840	1488	53.76	20.24	SRR23329748
SRR23329748.6841	1407	56.57	36.31	SRR23329748
SRR23329748.6842	1473	49.29	22.93	SRR23329748
SRR23329748.6843	1467	49.49	93.00	SRR23329748
SRR23329748.6844	1453	56.99	75.54	SRR23329748
SRR23329748.6846	1456	54.95	36.09	SRR23329748
SRR23329748.6847	1461	53.25	92.82	SRR23329748
SRR23329748.6848	1437	56.92	37.59	SRR23329748
SRR23329748.6849	1475	53.97	91.70	SRR23329748
SRR23329748.6850	1481	49.43	46.53	SRR23329748
SRR23329748.6851	1460	56.10	56.63	SRR23329748
SRR23329748.6852	1411	54.43	38.44	SRR23329748
SRR23329748.6853	1454	54.95	29.25	SRR23329748
SRR23329748.6854	1465	55.02	48.56	SRR23329748
SRR23329748.6856	1481	49.43	84.61	SRR23329748
SRR23329748.6857	1422	56.96	60.14	SRR23329748
SRR23329748.6858	1488	49.33	82.29	SRR23329748
SRR23329748.6859	1441	52.39	93.00	SRR23329748
SRR23329748.6860	1447	55.84	90.64	SRR23329748
SRR23329748.6861	1461	53.39	36.85	SRR23329748
SRR23329748.6862	1407	55.65	67.54	SRR23329748
SRR23329748.6863	1475	54.24	90.75	SRR23329748
SRR23329748.6864	1412	55.81	42.96	SRR23329748
SRR23329748.6865	1471	52.48	92.99	SRR23329748
SRR23329748.6866	1446	58.02	93.00	SRR23329748
SRR23329748.6867	1447	56.12	66.59	SRR23329748
SRR23329748.6868	1412	56.80	91.10	SRR23329748
SRR23329748.6869	1473	57.71	30.52	SRR23329748
SRR23329748.6870	1474	53.87	60.91	SRR23329748
SRR23329748.6871	1481	49.49	92.29	SRR23329748
SRR23329748.6872	1404	55.13	30.28	SRR23329748
SRR23329748.6873	1488	49.33	52.72	SRR23329748
SRR23329748.6874	1407	55.79	72.39	SRR23329748
SRR23329748.6875	1488	49.33	35.40	SRR23329748
SRR23329748.6876	1442	50.55	52.57	SRR23329748
SRR23329748.6879	1405	55.87	22.60	SRR23329748
SRR23329748.6880	1459	52.91	80.39	SRR23329748
SRR23329748.6882	1407	56.65	93.00	SRR23329748
SRR23329748.6883	1406	55.62	31.77	SRR23329748
SRR23329748.6884	1461	57.15	27.19	SRR23329748
SRR23329748.6885	1406	56.69	24.31	SRR23329748
SRR23329748.6886	1441	50.52	52.52	SRR23329748
SRR23329748.6887	1461	56.06	35.11	SRR23329748
SRR23329748.6888	1467	57.40	54.65	SRR23329748
SRR23329748.6889	1408	56.46	42.49	SRR23329748
SRR23329748.6891	1405	55.44	29.08	SRR23329748
SRR23329748.6892	1444	58.10	93.00	SRR23329748
SRR23329748.6893	1407	56.57	52.55	SRR23329748
SRR23329748.6894	1419	58.21	44.52	SRR23329748
SRR23329748.6895	1453	56.02	22.69	SRR23329748
SRR23329748.6896	1437	58.52	59.45	SRR23329748
SRR23329748.6898	1411	54.50	92.98	SRR23329748
SRR23329748.6899	1417	50.95	31.13	SRR23329748
SRR23329748.6900	1410	56.67	30.07	SRR23329748
SRR23329748.6901	1407	55.79	65.48	SRR23329748
SRR23329748.6902	1467	49.42	93.00	SRR23329748
SRR23329748.6903	1461	51.13	27.10	SRR23329748
SRR23329748.6904	1467	49.49	77.58	SRR23329748
SRR23329748.6905	1444	58.93	84.37	SRR23329748
SRR23329748.6906	1407	56.65	74.42	SRR23329748
SRR23329748.6907	1454	51.79	43.75	SRR23329748
SRR23329748.6908	1383	54.88	50.40	SRR23329748
SRR23329748.6909	1406	56.54	41.46	SRR23329748
SRR23329748.6910	1412	56.66	22.57	SRR23329748
SRR23329748.6911	1443	50.03	30.26	SRR23329748
SRR23329748.6912	1407	55.72	78.17	SRR23329748
SRR23329748.6913	1406	56.05	35.18	SRR23329748
SRR23329748.6914	1453	51.82	25.88	SRR23329748
SRR23329748.6915	1458	52.81	22.18	SRR23329748
SRR23329748.6916	1420	55.56	22.45	SRR23329748
SRR23329748.6917	1458	53.64	93.00	SRR23329748
SRR23329748.6918	1469	57.45	28.49	SRR23329748
SRR23329748.6919	1454	51.72	93.00	SRR23329748
SRR23329748.6920	1481	49.49	69.91	SRR23329748
SRR23329748.6921	1422	56.96	78.29	SRR23329748
SRR23329748.6922	1407	55.86	46.48	SRR23329748
SRR23329748.6923	1407	55.65	48.14	SRR23329748
SRR23329748.6924	1457	50.24	46.42	SRR23329748
SRR23329748.6925	1488	49.33	38.15	SRR23329748
SRR23329748.6926	1407	56.43	93.00	SRR23329748
SRR23329748.6927	1476	54.40	21.39	SRR23329748
SRR23329748.6928	1475	53.97	51.58	SRR23329748
SRR23329748.6929	1487	49.29	35.71	SRR23329748
SRR23329748.6930	1473	51.39	34.26	SRR23329748
SRR23329748.6931	1475	53.90	76.55	SRR23329748
SRR23329748.6932	1489	49.36	35.69	SRR23329748
SRR23329748.6934	1467	49.35	93.00	SRR23329748
SRR23329748.6935	1489	49.29	32.91	SRR23329748
SRR23329748.6936	1420	57.75	92.99	SRR23329748
SRR23329748.6937	1406	55.76	38.59	SRR23329748
SRR23329748.6938	1467	57.33	93.00	SRR23329748
SRR23329748.6939	1436	49.37	78.86	SRR23329748
SRR23329748.6940	1422	56.96	60.80	SRR23329748
SRR23329748.6941	1447	55.98	75.49	SRR23329748
SRR23329748.6942	1408	55.75	93.00	SRR23329748
SRR23329748.6943	1419	55.60	51.50	SRR23329748
SRR23329748.6944	1447	55.56	81.97	SRR23329748
SRR23329748.6945	1425	45.12	49.95	SRR23329748
SRR23329748.6946	1453	50.45	31.44	SRR23329748
SRR23329748.6947	1407	55.86	92.99	SRR23329748
SRR23329748.6948	1457	51.89	30.44	SRR23329748
SRR23329748.6950	1523	52.33	20.69	SRR23329748
SRR23329748.6951	1487	49.23	35.51	SRR23329748
SRR23329748.6952	1385	55.45	75.57	SRR23329748
SRR23329748.6953	1470	54.15	20.64	SRR23329748
SRR23329748.6954	1405	56.58	31.82	SRR23329748
SRR23329748.6955	1424	53.37	21.21	SRR23329748
SRR23329748.6956	1407	56.57	49.90	SRR23329748
SRR23329748.6957	1493	44.27	22.11	SRR23329748
SRR23329748.6958	1409	56.64	24.60	SRR23329748
SRR23329748.6960	1445	57.85	92.96	SRR23329748
SRR23329748.6961	1450	51.86	22.50	SRR23329748
SRR23329748.6962	1406	55.62	34.48	SRR23329748
SRR23329748.6964	1445	53.15	93.00	SRR23329748
SRR23329748.6965	1483	55.77	27.69	SRR23329748
SRR23329748.6966	1418	47.18	35.11	SRR23329748
SRR23329748.6967	1474	51.49	26.39	SRR23329748
SRR23329748.6968	1412	56.73	35.71	SRR23329748
SRR23329748.6969	1481	49.49	38.58	SRR23329748
SRR23329748.6970	1484	55.66	30.48	SRR23329748
SRR23329748.6971	1444	56.23	93.00	SRR23329748
SRR23329748.6972	1408	55.75	58.19	SRR23329748
SRR23329748.6974	1442	50.55	93.00	SRR23329748
SRR23329748.6975	1407	55.93	51.87	SRR23329748
SRR23329748.6976	1447	56.46	93.00	SRR23329748
SRR23329748.6977	1457	53.88	30.82	SRR23329748
SRR23329748.6978	1407	56.65	36.45	SRR23329748
SRR23329748.6979	1415	50.46	28.24	SRR23329748
SRR23329748.6980	1412	56.80	93.00	SRR23329748
SRR23329748.6981	1475	54.03	93.00	SRR23329748
SRR23329748.6982	1417	56.74	30.48	SRR23329748
SRR23329748.6983	1475	54.17	54.56	SRR23329748
SRR23329748.6984	1475	54.10	93.00	SRR23329748
SRR23329748.6985	1392	56.47	28.20	SRR23329748
SRR23329748.6987	1484	55.53	32.93	SRR23329748
SRR23329748.6988	1473	51.32	93.00	SRR23329748
SRR23329748.6989	1412	57.15	93.00	SRR23329748
SRR23329748.6991	1443	54.75	24.44	SRR23329748
SRR23329748.6992	1475	53.90	45.60	SRR23329748
SRR23329748.6993	1467	49.49	47.66	SRR23329748
SRR23329748.6994	1473	51.26	68.55	SRR23329748
SRR23329748.6996	1386	55.70	40.00	SRR23329748
SRR23329748.6997	1475	53.97	53.69	SRR23329748
SRR23329748.6998	1383	54.95	91.34	SRR23329748
SRR23329748.6999	1475	54.17	93.00	SRR23329748
SRR23329748.7000	1453	55.54	38.61	SRR23329748
SRR23329748.7001	1460	53.56	93.00	SRR23329748
SRR23329748.7002	1488	49.33	93.00	SRR23329748
SRR23329748.7003	1467	49.35	64.71	SRR23329748
SRR23329748.7004	1407	56.15	92.62	SRR23329748
SRR23329748.7005	1484	55.53	33.67	SRR23329748
SRR23329748.7006	1408	55.75	93.00	SRR23329748
SRR23329748.7007	1411	54.50	59.40	SRR23329748
SRR23329748.7008	1474	54.21	32.51	SRR23329748
SRR23329748.7009	1449	57.69	92.94	SRR23329748
SRR23329748.7010	1408	55.75	92.99	SRR23329748
SRR23329748.7011	1488	49.33	74.77	SRR23329748
SRR23329748.7012	1413	55.70	26.54	SRR23329748
SRR23329748.7013	1475	53.97	52.84	SRR23329748
SRR23329748.7014	1427	50.25	28.55	SRR23329748
SRR23329748.7015	1475	54.10	93.00	SRR23329748
SRR23329748.7016	1407	56.43	93.00	SRR23329748
SRR23329748.7017	1451	58.03	62.22	SRR23329748
SRR23329748.7018	1446	56.85	46.61	SRR23329748
SRR23329748.7019	1473	51.32	47.68	SRR23329748
SRR23329748.7020	1483	58.87	19.94	SRR23329748
SRR23329748.7021	1407	55.51	92.63	SRR23329748
SRR23329748.7022	1475	54.24	50.86	SRR23329748
SRR23329748.7023	1483	55.56	37.18	SRR23329748
SRR23329748.7025	1448	55.25	36.83	SRR23329748
SRR23329748.7026	1407	55.15	92.88	SRR23329748
SRR23329748.7027	1439	55.39	20.56	SRR23329748
SRR23329748.7028	1411	54.93	48.70	SRR23329748
SRR23329748.7029	1488	49.26	30.91	SRR23329748
SRR23329748.7030	1412	56.80	43.95	SRR23329748
SRR23329748.7031	1407	56.65	93.00	SRR23329748
SRR23329748.7032	1407	55.93	93.00	SRR23329748
SRR23329748.7033	1387	54.58	93.00	SRR23329748
SRR23329748.7034	1411	55.63	67.48	SRR23329748
SRR23329748.7035	1437	58.52	84.84	SRR23329748
SRR23329748.7036	1474	55.16	20.20	SRR23329748
SRR23329748.7037	1415	56.11	22.04	SRR23329748
SRR23329748.7038	1423	50.18	68.56	SRR23329748
SRR23329748.7039	1407	55.58	52.61	SRR23329748
SRR23329748.7041	1447	55.63	21.78	SRR23329748
SRR23329748.7042	1387	55.95	51.06	SRR23329748
SRR23329748.7043	1439	56.64	25.41	SRR23329748
SRR23329748.7044	1407	56.65	45.61	SRR23329748
SRR23329748.7045	1467	49.42	27.27	SRR23329748
SRR23329748.7046	1454	51.72	93.00	SRR23329748
SRR23329748.7047	1411	54.50	93.00	SRR23329748
SRR23329748.7048	1406	56.54	39.89	SRR23329748
SRR23329748.7049	1407	56.65	78.16	SRR23329748
SRR23329748.7050	1460	53.56	74.53	SRR23329748
SRR23329748.7051	1472	55.10	69.65	SRR23329748
SRR23329748.7052	1447	56.19	92.99	SRR23329748
SRR23329748.7053	1387	55.80	32.07	SRR23329748
SRR23329748.7054	1407	55.65	70.91	SRR23329748
SRR23329748.7055	1442	57.98	34.38	SRR23329748
SRR23329748.7057	1483	55.43	31.48	SRR23329748
SRR23329748.7058	1460	55.89	76.21	SRR23329748
SRR23329748.7059	1424	57.51	93.00	SRR23329748
SRR23329748.7060	1446	57.61	87.97	SRR23329748
SRR23329748.7061	1407	56.65	87.17	SRR23329748
SRR23329748.7062	1444	58.10	45.91	SRR23329748
SRR23329748.7064	1406	56.61	44.15	SRR23329748
SRR23329748.7065	1484	55.39	39.32	SRR23329748
SRR23329748.7066	1452	57.78	23.64	SRR23329748
SRR23329748.7067	1407	55.08	74.41	SRR23329748
SRR23329748.7068	1409	55.71	33.46	SRR23329748
SRR23329748.7069	1488	49.33	30.82	SRR23329748
SRR23329748.7071	1459	52.50	35.62	SRR23329748
SRR23329748.7073	1426	55.68	59.91	SRR23329748
SRR23329748.7074	1450	57.72	38.33	SRR23329748
SRR23329748.7075	1407	55.86	80.25	SRR23329748
SRR23329748.7076	1446	55.53	93.00	SRR23329748
SRR23329748.7077	1445	56.75	28.04	SRR23329748
SRR23329748.7079	1406	55.90	34.90	SRR23329748
SRR23329748.7080	1478	48.31	91.73	SRR23329748
SRR23329748.7081	1475	53.97	76.71	SRR23329748
SRR23329748.7082	1483	54.01	32.31	SRR23329748
SRR23329748.7083	1453	55.47	63.40	SRR23329748
SRR23329748.7084	1430	53.29	30.02	SRR23329748
SRR23329748.7085	1450	56.14	40.57	SRR23329748
SRR23329748.7086	1412	55.81	70.14	SRR23329748
SRR23329748.7087	1438	56.47	35.34	SRR23329748
SRR23329748.7088	1475	54.03	49.47	SRR23329748
SRR23329748.7089	1385	56.46	92.97	SRR23329748
SRR23329748.7090	1469	57.39	35.49	SRR23329748
SRR23329748.7091	1418	56.84	24.00	SRR23329748
SRR23329748.7092	1406	55.69	33.10	SRR23329748
SRR23329748.7093	1431	57.65	67.46	SRR23329748
SRR23329748.7094	1408	56.18	29.08	SRR23329748
SRR23329748.7095	1406	56.40	33.75	SRR23329748
SRR23329748.7096	1481	49.43	43.70	SRR23329748
SRR23329748.7097	1453	58.71	26.99	SRR23329748
SRR23329748.7098	1382	55.86	93.00	SRR23329748
SRR23329748.7099	1407	56.65	90.34	SRR23329748
SRR23329748.7100	1438	58.55	25.47	SRR23329748
SRR23329748.7101	1474	54.21	34.19	SRR23329748
SRR23329748.7102	1385	55.45	93.00	SRR23329748
SRR23329748.7103	1424	54.14	61.07	SRR23329748
SRR23329748.7104	1484	55.53	93.00	SRR23329748
SRR23329748.7105	1411	55.78	25.68	SRR23329748
SRR23329748.7106	1414	55.80	24.24	SRR23329748
SRR23329748.7107	1427	55.43	38.56	SRR23329748
SRR23329748.7108	1489	49.36	36.21	SRR23329748
SRR23329748.7109	1467	57.06	93.00	SRR23329748
SRR23329748.7111	1407	56.65	91.21	SRR23329748
SRR23329748.7112	1475	53.90	38.69	SRR23329748
SRR23329748.7113	1446	58.78	93.00	SRR23329748
SRR23329748.7114	1437	58.46	44.65	SRR23329748
SRR23329748.7115	1458	52.88	39.46	SRR23329748
SRR23329748.7116	1481	49.36	22.50	SRR23329748
SRR23329748.7117	1451	59.34	62.57	SRR23329748
SRR23329748.7118	1516	54.82	93.00	SRR23329748
SRR23329748.7119	1442	57.63	31.08	SRR23329748
SRR23329748.7120	1426	55.12	24.65	SRR23329748
SRR23329748.7121	1475	54.31	68.46	SRR23329748
SRR23329748.7122	1444	58.80	93.00	SRR23329748
SRR23329748.7123	1407	55.65	45.98	SRR23329748
SRR23329748.7124	1430	56.01	25.82	SRR23329748
SRR23329748.7125	1407	56.65	41.14	SRR23329748
SRR23329748.7126	1407	56.79	93.00	SRR23329748
SRR23329748.7127	1412	55.81	68.14	SRR23329748
SRR23329748.7128	1475	54.03	86.09	SRR23329748
SRR23329748.7129	1459	54.01	42.64	SRR23329748
SRR23329748.7130	1475	54.10	79.87	SRR23329748
SRR23329748.7131	1451	50.38	93.00	SRR23329748
SRR23329748.7132	1454	51.79	59.80	SRR23329748
SRR23329748.7133	1449	56.18	44.92	SRR23329748
SRR23329748.7134	1407	55.65	59.20	SRR23329748
SRR23329748.7135	1385	55.38	93.00	SRR23329748
SRR23329748.7136	1446	55.60	72.53	SRR23329748
SRR23329748.7139	1407	55.86	92.59	SRR23329748
SRR23329748.7141	1407	55.93	65.98	SRR23329748
SRR23329748.7142	1430	57.62	38.26	SRR23329748
SRR23329748.7143	1479	52.54	24.46	SRR23329748
SRR23329748.7144	1435	56.10	45.35	SRR23329748
SRR23329748.7145	1491	49.36	27.13	SRR23329748
SRR23329748.7146	1414	52.90	93.00	SRR23329748
SRR23329748.7147	730	55.89	92.96	SRR23329748
SRR23329748.7148	1415	55.97	22.70	SRR23329748
SRR23329748.7149	1459	53.74	32.01	SRR23329748
SRR23329748.7150	1467	57.33	54.51	SRR23329748
SRR23329748.7151	1475	54.24	83.21	SRR23329748
SRR23329748.7152	1473	51.26	92.98	SRR23329748
SRR23329748.7153	1444	56.79	64.99	SRR23329748
SRR23329748.7154	1412	56.80	93.00	SRR23329748
SRR23329748.7155	1475	54.24	92.89	SRR23329748
SRR23329748.7156	1454	51.86	67.55	SRR23329748
SRR23329748.7158	1458	51.03	93.00	SRR23329748
SRR23329748.7159	1481	49.56	43.75	SRR23329748
SRR23329748.7160	1407	55.65	85.34	SRR23329748
SRR23329748.7162	1489	53.86	32.50	SRR23329748
SRR23329748.7163	1407	56.65	46.94	SRR23329748
SRR23329748.7164	1453	54.09	93.00	SRR23329748
SRR23329748.7165	1410	55.60	24.09	SRR23329748
SRR23329748.7166	1460	52.95	87.92	SRR23329748
SRR23329748.7167	1447	57.50	93.00	SRR23329748
SRR23329748.7168	1474	54.07	65.09	SRR23329748
SRR23329748.7169	1409	39.32	91.13	SRR23329748
SRR23329748.7170	1445	55.57	32.52	SRR23329748
SRR23329748.7171	1458	58.09	92.15	SRR23329748
SRR23329748.7172	1459	53.53	34.15	SRR23329748
SRR23329748.7173	1440	52.36	32.91	SRR23329748
SRR23329748.7174	1381	56.48	22.20	SRR23329748
SRR23329748.7175	1465	49.42	33.89	SRR23329748
SRR23329748.7176	1411	54.64	93.00	SRR23329748
SRR23329748.7177	1438	59.67	45.56	SRR23329748
SRR23329748.7178	1473	51.32	67.46	SRR23329748
SRR23329748.7179	1490	53.96	34.26	SRR23329748
SRR23329748.7180	1410	39.29	31.73	SRR23329748
SRR23329748.7181	1442	55.41	27.00	SRR23329748
SRR23329748.7182	1454	51.79	66.10	SRR23329748
SRR23329748.7183	1470	52.59	41.65	SRR23329748
SRR23329748.7184	1436	49.44	92.99	SRR23329748
SRR23329748.7185	1413	53.93	21.17	SRR23329748
SRR23329748.7186	1471	51.33	22.39	SRR23329748
SRR23329748.7187	1463	56.19	25.38	SRR23329748
SRR23329748.7188	1476	54.20	71.66	SRR23329748
SRR23329748.7189	1460	53.56	67.61	SRR23329748
SRR23329748.7190	1466	53.82	21.43	SRR23329748
SRR23329748.7191	1473	53.84	35.57	SRR23329748
SRR23329748.7192	1407	56.08	77.36	SRR23329748
SRR23329748.7193	1446	55.53	93.00	SRR23329748
SRR23329748.7195	1409	59.12	66.96	SRR23329748
SRR23329748.7196	1461	54.96	33.87	SRR23329748
SRR23329748.7197	1476	54.67	62.53	SRR23329748
SRR23329748.7198	1460	53.42	53.25	SRR23329748
SRR23329748.7199	1388	55.69	26.28	SRR23329748
SRR23329748.7200	1410	59.22	29.51	SRR23329748
SRR23329748.7201	1450	57.66	34.63	SRR23329748
SRR23329748.7203	1445	58.48	42.59	SRR23329748
SRR23329748.7204	1387	54.58	93.00	SRR23329748
SRR23329748.7205	1407	55.51	92.54	SRR23329748
SRR23329748.7206	1431	57.65	93.00	SRR23329748
SRR23329748.7207	1475	54.24	90.24	SRR23329748
SRR23329748.7208	1463	53.38	23.33	SRR23329748
SRR23329748.7209	1442	58.60	93.00	SRR23329748
SRR23329748.7211	1467	49.35	91.73	SRR23329748
SRR23329748.7212	1445	57.09	22.89	SRR23329748
SRR23329748.7214	1488	49.33	92.46	SRR23329748
SRR23329748.7215	1473	51.32	93.00	SRR23329748
SRR23329748.7216	1441	57.25	57.00	SRR23329748
SRR23329748.7217	1475	54.03	92.86	SRR23329748
SRR23329748.7218	1484	55.19	93.00	SRR23329748
SRR23329748.7219	1447	55.22	93.00	SRR23329748
SRR23329748.7220	1468	54.02	21.93	SRR23329748
SRR23329748.7221	1391	56.65	33.17	SRR23329748
SRR23329748.7222	1488	53.83	31.03	SRR23329748
SRR23329748.7223	1445	57.85	49.60	SRR23329748
SRR23329748.7224	1481	49.49	29.45	SRR23329748
SRR23329748.7225	1488	49.33	92.72	SRR23329748
SRR23329748.7226	1467	57.46	89.27	SRR23329748
SRR23329748.7227	1451	62.16	22.51	SRR23329748
SRR23329748.7228	1422	56.96	24.39	SRR23329748
SRR23329748.7229	1407	55.65	81.98	SRR23329748
SRR23329748.7230	1467	49.49	93.00	SRR23329748
SRR23329748.7231	1407	56.01	93.00	SRR23329748
SRR23329748.7232	1449	56.18	93.00	SRR23329748
SRR23329748.7233	1408	55.82	93.00	SRR23329748
SRR23329748.7234	1445	58.69	24.52	SRR23329748
SRR23329748.7235	1412	56.80	42.88	SRR23329748
SRR23329748.7236	1454	51.79	79.77	SRR23329748
SRR23329748.7237	1483	54.28	22.25	SRR23329748
SRR23329748.7238	1447	58.74	89.74	SRR23329748
SRR23329748.7239	1473	51.26	69.11	SRR23329748
SRR23329748.7240	1476	54.47	40.56	SRR23329748
SRR23329748.7241	1411	55.92	93.00	SRR23329748
SRR23329748.7242	1475	54.24	92.97	SRR23329748
SRR23329748.7243	1407	55.72	93.00	SRR23329748
SRR23329748.7244	1474	53.87	34.97	SRR23329748
SRR23329748.7245	1411	55.63	66.46	SRR23329748
SRR23329748.7247	1475	53.97	74.89	SRR23329748
SRR23329748.7248	1444	58.93	71.15	SRR23329748
SRR23329748.7249	1475	53.97	35.32	SRR23329748
SRR23329748.7250	1398	55.58	23.06	SRR23329748
SRR23329748.7252	1446	56.71	92.97	SRR23329748
SRR23329748.7253	1407	56.57	93.00	SRR23329748
SRR23329748.7254	1467	49.42	92.98	SRR23329748
SRR23329748.7255	1418	55.71	34.79	SRR23329748
SRR23329748.7256	1475	54.24	75.41	SRR23329748
SRR23329748.7257	1458	58.23	79.82	SRR23329748
SRR23329748.7258	1407	55.93	39.35	SRR23329748
SRR23329748.7259	1447	57.50	93.00	SRR23329748
SRR23329748.7260	1411	55.56	46.73	SRR23329748
SRR23329748.7261	1381	54.82	22.14	SRR23329748
SRR23329748.7262	1454	58.12	40.64	SRR23329748
SRR23329748.7263	1458	57.54	48.63	SRR23329748
SRR23329748.7264	1407	55.65	92.99	SRR23329748
SRR23329748.7266	1488	49.33	93.00	SRR23329748
SRR23329748.7267	1444	56.02	26.75	SRR23329748
SRR23329748.7269	1424	56.11	28.16	SRR23329748
SRR23329748.7270	1447	55.77	36.34	SRR23329748
SRR23329748.7271	1475	54.24	64.76	SRR23329748
SRR23329748.7272	1475	51.39	37.14	SRR23329748
SRR23329748.7273	1385	55.38	92.06	SRR23329748
SRR23329748.7274	1451	51.76	25.12	SRR23329748
SRR23329748.7275	1475	54.10	54.68	SRR23329748
SRR23329748.7276	1447	50.03	30.14	SRR23329748
SRR23329748.7277	1407	56.15	93.00	SRR23329748
SRR23329748.7278	1383	54.88	92.81	SRR23329748
SRR23329748.7279	1484	55.59	92.98	SRR23329748
SRR23329748.7280	1383	54.88	93.00	SRR23329748
SRR23329748.7281	1407	56.08	79.29	SRR23329748
SRR23329748.7282	1476	53.86	25.46	SRR23329748
SRR23329748.7283	1427	50.32	25.06	SRR23329748
SRR23329748.7284	1383	54.52	20.40	SRR23329748
SRR23329748.7286	1443	58.63	61.59	SRR23329748
SRR23329748.7287	1456	56.94	24.43	SRR23329748
SRR23329748.7288	1451	59.34	54.01	SRR23329748
SRR23329748.7289	1407	56.65	38.13	SRR23329748
SRR23329748.7290	1411	54.50	93.00	SRR23329748
SRR23329748.7291	1408	55.61	36.45	SRR23329748
SRR23329748.7292	1443	55.79	26.90	SRR23329748
SRR23329748.7293	1412	56.80	87.82	SRR23329748
SRR23329748.7294	1409	54.79	80.24	SRR23329748
SRR23329748.7295	1446	58.09	25.86	SRR23329748
SRR23329748.7296	1437	56.78	35.20	SRR23329748
SRR23329748.7297	1445	57.92	58.14	SRR23329748
SRR23329748.7298	1165	46.44	23.03	SRR23329748
SRR23329748.7299	1412	56.73	93.00	SRR23329748
SRR23329748.7300	1412	55.81	28.59	SRR23329748
SRR23329748.7301	1458	53.77	93.00	SRR23329748
SRR23329748.7302	1407	56.36	59.45	SRR23329748
SRR23329748.7303	1449	57.69	34.21	SRR23329748
SRR23329748.7304	1475	53.97	41.18	SRR23329748
SRR23329748.7306	1444	58.59	93.00	SRR23329748
SRR23329748.7307	1486	49.26	29.60	SRR23329748
SRR23329748.7308	1384	54.91	59.41	SRR23329748
SRR23329748.7309	1408	55.82	35.28	SRR23329748
SRR23329748.7310	1406	55.83	31.00	SRR23329748
SRR23329748.7312	1437	58.52	35.12	SRR23329748
SRR23329748.7313	1407	56.50	92.91	SRR23329748
SRR23329748.7314	1515	54.85	35.73	SRR23329748
SRR23329748.7316	1402	56.49	26.09	SRR23329748
SRR23329748.7317	1422	56.82	92.95	SRR23329748
SRR23329748.7319	1483	57.11	34.20	SRR23329748
SRR23329748.7320	1412	55.81	92.99	SRR23329748
SRR23329748.7322	1407	56.43	92.68	SRR23329748
SRR23329748.7323	1407	56.08	92.95	SRR23329748
SRR23329748.7324	1413	56.76	55.25	SRR23329748
SRR23329748.7325	1474	54.07	89.75	SRR23329748
SRR23329748.7326	1415	56.68	29.37	SRR23329748
SRR23329748.7327	1481	49.43	93.00	SRR23329748
SRR23329748.7329	1385	55.45	52.41	SRR23329748
SRR23329748.7330	1460	53.56	46.43	SRR23329748
SRR23329748.7331	1469	55.14	25.76	SRR23329748
SRR23329748.7332	1460	52.95	36.64	SRR23329748
SRR23329748.7333	1473	51.26	33.33	SRR23329748
SRR23329748.7334	1481	49.49	32.89	SRR23329748
SRR23329748.7335	1446	55.53	27.33	SRR23329748
SRR23329748.7336	1454	53.65	31.81	SRR23329748
SRR23329748.7337	1329	54.63	93.00	SRR23329748
SRR23329748.7338	1473	51.32	90.67	SRR23329748
SRR23329748.7339	1411	54.50	92.98	SRR23329748
SRR23329748.7340	1446	54.77	31.21	SRR23329748
SRR23329748.7341	1404	56.62	26.61	SRR23329748
SRR23329748.7342	1406	56.54	27.45	SRR23329748
SRR23329748.7343	1455	51.75	23.91	SRR23329748
SRR23329748.7344	1437	56.85	71.03	SRR23329748
SRR23329748.7345	1405	55.59	22.28	SRR23329748
SRR23329748.7346	1475	53.90	76.52	SRR23329748
SRR23329748.7347	1416	55.01	20.17	SRR23329748
SRR23329748.7348	1503	54.29	24.04	SRR23329748
SRR23329748.7349	1475	53.90	89.12	SRR23329748
SRR23329748.7350	1468	57.43	38.94	SRR23329748
SRR23329748.7352	1472	54.28	20.07	SRR23329748
SRR23329748.7353	1407	56.57	92.95	SRR23329748
SRR23329748.7354	1381	56.34	30.35	SRR23329748
SRR23329748.7355	1412	55.88	24.93	SRR23329748
SRR23329748.7356	1474	51.42	93.00	SRR23329748
SRR23329748.7357	1412	56.94	23.19	SRR23329748
SRR23329748.7358	1412	56.80	55.23	SRR23329748
SRR23329748.7359	1408	55.75	93.00	SRR23329748
SRR23329748.7360	1407	56.36	26.13	SRR23329748
SRR23329748.7361	1404	56.05	25.37	SRR23329748
SRR23329748.7362	1473	51.39	54.02	SRR23329748
SRR23329748.7363	1459	55.86	32.03	SRR23329748
SRR23329748.7364	1458	56.86	63.53	SRR23329748
SRR23329748.7365	1473	51.19	93.00	SRR23329748
SRR23329748.7366	1445	56.82	37.14	SRR23329748
SRR23329748.7367	1481	49.43	33.63	SRR23329748
SRR23329748.7368	1478	58.86	90.42	SRR23329748
SRR23329748.7369	1459	52.84	93.00	SRR23329748
SRR23329748.7370	1494	55.42	22.33	SRR23329748
SRR23329748.7371	1473	51.39	25.14	SRR23329748
SRR23329748.7372	1453	54.09	41.53	SRR23329748
SRR23329748.7373	1408	55.68	33.36	SRR23329748
SRR23329748.7374	1412	56.80	93.00	SRR23329748
SRR23329748.7375	1413	55.56	93.00	SRR23329748
SRR23329748.7376	1407	55.65	89.72	SRR23329748
SRR23329748.7377	1387	55.66	43.31	SRR23329748
SRR23329748.7378	1460	52.74	58.61	SRR23329748
SRR23329748.7379	1458	58.16	93.00	SRR23329748
SRR23329748.7380	1451	59.48	93.00	SRR23329748
SRR23329748.7381	1385	55.45	93.00	SRR23329748
SRR23329748.7382	1412	56.73	93.00	SRR23329748
SRR23329748.7383	1380	59.93	28.78	SRR23329748
SRR23329748.7384	1475	51.39	65.68	SRR23329748
SRR23329748.7385	1475	51.32	59.68	SRR23329748
SRR23329748.7386	1474	54.41	44.50	SRR23329748
SRR23329748.7388	1473	54.11	92.84	SRR23329748
SRR23329748.7389	1434	55.51	31.17	SRR23329748
SRR23329748.7390	1435	56.93	23.52	SRR23329748
SRR23329748.7391	1404	56.62	28.99	SRR23329748
SRR23329748.7392	1447	56.81	27.09	SRR23329748
SRR23329748.7393	1412	56.73	37.30	SRR23329748
SRR23329748.7394	1432	53.56	91.38	SRR23329748
SRR23329748.7395	1407	55.65	62.34	SRR23329748
SRR23329748.7397	1407	55.51	46.33	SRR23329748
SRR23329748.7398	1447	58.95	47.41	SRR23329748
SRR23329748.7400	1968	55.18	44.38	SRR23329748
SRR23329748.7401	1423	53.34	29.55	SRR23329748
SRR23329748.7403	1486	54.17	34.90	SRR23329748
SRR23329748.7404	1456	57.62	30.16	SRR23329748
SRR23329748.7405	1386	56.42	34.12	SRR23329748
SRR23329748.7406	1481	49.29	21.97	SRR23329748
SRR23329748.7407	1389	56.66	92.99	SRR23329748
SRR23329748.7408	1469	58.20	68.70	SRR23329748
SRR23329748.7409	1475	54.03	92.84	SRR23329748
SRR23329748.7410	1411	55.92	34.29	SRR23329748
SRR23329748.7411	1412	55.81	93.00	SRR23329748
SRR23329748.7412	1443	56.83	71.35	SRR23329748
SRR23329748.7413	1407	56.65	43.55	SRR23329748
SRR23329748.7414	1470	52.65	89.53	SRR23329748
SRR23329748.7415	1452	59.37	26.17	SRR23329748
SRR23329748.7416	1409	59.19	49.99	SRR23329748
SRR23329748.7417	1445	53.15	35.53	SRR23329748
SRR23329748.7418	1408	55.82	44.49	SRR23329748
SRR23329748.7419	1407	55.65	53.41	SRR23329748
SRR23329748.7420	1410	55.89	20.12	SRR23329748
SRR23329748.7421	1454	51.79	41.54	SRR23329748
SRR23329748.7422	1406	55.19	83.23	SRR23329748
SRR23329748.7423	1423	50.18	45.35	SRR23329748
SRR23329748.7424	1383	55.17	86.31	SRR23329748
SRR23329748.7425	1407	56.50	55.48	SRR23329748
SRR23329748.7426	1449	56.52	63.60	SRR23329748
SRR23329748.7427	1413	55.48	86.37	SRR23329748
SRR23329748.7428	1447	57.50	36.95	SRR23329748
SRR23329748.7429	1454	51.79	83.14	SRR23329748
SRR23329748.7430	1431	53.67	36.27	SRR23329748
SRR23329748.7431	1403	56.02	28.15	SRR23329748
SRR23329748.7432	1407	55.86	92.42	SRR23329748
SRR23329748.7435	1473	51.39	93.00	SRR23329748
SRR23329748.7436	1423	55.31	20.40	SRR23329748
SRR23329748.7437	1481	49.43	44.06	SRR23329748
SRR23329748.7438	1459	58.81	20.36	SRR23329748
SRR23329748.7439	1486	49.33	28.63	SRR23329748
SRR23329748.7440	1424	54.14	38.57	SRR23329748
SRR23329748.7441	1410	56.88	35.51	SRR23329748
SRR23329748.7442	1447	54.87	83.69	SRR23329748
SRR23329748.7443	1460	54.18	37.60	SRR23329748
SRR23329748.7444	1475	54.24	92.27	SRR23329748
SRR23329748.7445	1437	57.76	93.00	SRR23329748
SRR23329748.7446	1407	56.65	93.00	SRR23329748
SRR23329748.7447	1429	56.75	22.92	SRR23329748
SRR23329748.7448	1422	56.96	81.71	SRR23329748
SRR23329748.7449	1436	53.48	84.27	SRR23329748
SRR23329748.7450	1419	55.67	58.86	SRR23329748
SRR23329748.7451	1475	53.90	75.55	SRR23329748
SRR23329748.7452	1407	56.15	93.00	SRR23329748
SRR23329748.7453	1406	56.61	79.48	SRR23329748
SRR23329748.7454	1470	52.65	42.30	SRR23329748
SRR23329748.7455	2733	41.46	31.14	SRR23329748
SRR23329748.7456	1445	58.27	93.00	SRR23329748
SRR23329748.7457	1444	60.39	93.00	SRR23329748
SRR23329748.7458	1468	57.22	21.85	SRR23329748
SRR23329748.7459	1468	51.36	23.96	SRR23329748
SRR23329748.7460	1407	56.65	49.38	SRR23329748
SRR23329748.7461	1445	59.03	26.96	SRR23329748
SRR23329748.7462	1447	54.32	20.40	SRR23329748
SRR23329748.7464	1475	54.24	60.60	SRR23329748
SRR23329748.7465	1446	58.78	55.79	SRR23329748
SRR23329748.7466	1407	55.65	92.96	SRR23329748
SRR23329748.7467	1471	52.48	93.00	SRR23329748
SRR23329748.7468	1460	53.63	92.99	SRR23329748
SRR23329748.7469	1406	55.55	44.42	SRR23329748
SRR23329748.7470	1447	55.63	82.87	SRR23329748
SRR23329748.7471	1478	58.25	92.20	SRR23329748
SRR23329748.7472	1484	55.39	92.95	SRR23329748
SRR23329748.7473	1486	49.26	33.70	SRR23329748
SRR23329748.7474	1407	55.65	89.69	SRR23329748
SRR23329748.7475	1433	58.34	21.16	SRR23329748
SRR23329748.7476	1437	58.52	87.91	SRR23329748
SRR23329748.7478	1468	49.46	28.94	SRR23329748
SRR23329748.7479	1474	54.14	34.61	SRR23329748
SRR23329748.7480	1449	49.90	91.95	SRR23329748
SRR23329748.7481	1454	50.48	92.68	SRR23329748
SRR23329748.7482	1475	53.90	93.00	SRR23329748
SRR23329748.7483	1411	55.63	91.19	SRR23329748
SRR23329748.7484	1493	49.36	24.33	SRR23329748
SRR23329748.7485	1476	51.36	34.26	SRR23329748
SRR23329748.7486	1500	53.87	27.44	SRR23329748
SRR23329748.7487	961	56.30	93.00	SRR23329748
SRR23329748.7488	1968	55.18	89.95	SRR23329748
SRR23329748.7489	1415	54.06	72.46	SRR23329748
SRR23329748.7490	1481	49.56	77.28	SRR23329748
SRR23329748.7491	1467	53.78	22.93	SRR23329748
SRR23329748.7492	1418	57.33	93.00	SRR23329748
SRR23329748.7493	1486	53.77	24.92	SRR23329748
SRR23329748.7494	1407	56.43	92.95	SRR23329748
SRR23329748.7496	1407	55.72	92.29	SRR23329748
SRR23329748.7497	1428	50.07	28.68	SRR23329748
SRR23329748.7498	1470	52.45	28.81	SRR23329748
SRR23329748.7500	1424	55.69	92.98	SRR23329748
SRR23329748.7501	1411	54.50	93.00	SRR23329748
SRR23329748.7502	1435	56.24	92.96	SRR23329748
SRR23329748.7503	1407	56.65	49.38	SRR23329748
SRR23329748.7504	1489	53.93	86.14	SRR23329748
SRR23329748.7505	1485	55.82	30.48	SRR23329748
SRR23329748.7506	1420	55.70	50.96	SRR23329748
SRR23329748.7507	1473	51.26	93.00	SRR23329748
SRR23329748.7508	1411	54.78	87.60	SRR23329748
SRR23329748.7509	1412	55.74	93.00	SRR23329748
SRR23329748.7510	1407	56.65	20.93	SRR23329748
SRR23329748.7511	1408	56.61	27.14	SRR23329748
SRR23329748.7512	1402	55.71	31.14	SRR23329748
SRR23329748.7513	1469	58.20	92.99	SRR23329748
SRR23329748.7514	1389	55.15	47.41	SRR23329748
SRR23329748.7515	1438	58.48	28.51	SRR23329748
SRR23329748.7516	1407	55.65	38.37	SRR23329748
SRR23329748.7517	1460	53.56	71.67	SRR23329748
SRR23329748.7518	1460	53.42	92.72	SRR23329748
SRR23329748.7519	1444	58.80	93.00	SRR23329748
SRR23329748.7520	1410	56.52	34.93	SRR23329748
SRR23329748.7521	1407	56.65	40.35	SRR23329748
SRR23329748.7522	1477	53.96	33.18	SRR23329748
SRR23329748.7523	1408	52.34	22.99	SRR23329748
SRR23329748.7524	1475	53.97	45.59	SRR23329748
SRR23329748.7525	1415	54.06	38.38	SRR23329748
SRR23329748.7526	1472	49.52	25.95	SRR23329748
SRR23329748.7527	1490	49.46	21.40	SRR23329748
SRR23329748.7528	1421	53.06	93.00	SRR23329748
SRR23329748.7529	1425	55.58	34.32	SRR23329748
SRR23329748.7530	1474	51.22	30.01	SRR23329748
SRR23329748.7531	1475	54.03	23.33	SRR23329748
SRR23329748.7532	1484	55.05	93.00	SRR23329748
SRR23329748.7533	1415	56.54	21.43	SRR23329748
SRR23329748.7534	1475	53.90	63.68	SRR23329748
SRR23329748.7536	1488	49.33	89.50	SRR23329748
SRR23329748.7537	1464	57.45	23.71	SRR23329748
SRR23329748.7538	1404	57.05	93.00	SRR23329748
SRR23329748.7539	1459	53.19	35.07	SRR23329748
SRR23329748.7540	1475	53.90	55.60	SRR23329748
SRR23329748.7541	1445	53.15	87.43	SRR23329748
SRR23329748.7542	1407	56.57	93.00	SRR23329748
SRR23329748.7543	1473	53.84	24.30	SRR23329748
SRR23329748.7544	1431	57.51	32.52	SRR23329748
SRR23329748.7545	1467	49.49	91.92	SRR23329748
SRR23329748.7546	1406	48.51	27.80	SRR23329748
SRR23329748.7547	1526	53.41	93.00	SRR23329748
SRR23329748.7548	1468	49.39	30.30	SRR23329748
SRR23329748.7550	1412	56.80	90.68	SRR23329748
SRR23329748.7551	1460	58.08	32.72	SRR23329748
SRR23329748.7552	1412	56.16	21.90	SRR23329748
SRR23329748.7554	1467	49.42	93.00	SRR23329748
SRR23329748.7555	1468	54.16	22.72	SRR23329748
SRR23329748.7556	1391	58.81	91.52	SRR23329748
SRR23329748.7557	1439	58.23	24.00	SRR23329748
SRR23329748.7558	1445	54.19	30.91	SRR23329748
SRR23329748.7559	1460	57.33	41.91	SRR23329748
SRR23329748.7560	1484	55.59	56.71	SRR23329748
SRR23329748.7561	1453	57.33	93.00	SRR23329748
SRR23329748.7562	1445	57.85	92.88	SRR23329748
SRR23329748.7563	1407	56.72	42.48	SRR23329748
SRR23329748.7564	1444	58.93	66.04	SRR23329748
SRR23329748.7565	1481	49.43	41.70	SRR23329748
SRR23329748.7566	1449	55.35	84.73	SRR23329748
SRR23329748.7567	1475	54.03	81.36	SRR23329748
SRR23329748.7568	1481	49.43	91.67	SRR23329748
SRR23329748.7569	1407	55.72	68.47	SRR23329748
SRR23329748.7570	1410	56.74	33.23	SRR23329748
SRR23329748.7573	1447	57.91	79.13	SRR23329748
SRR23329748.7574	1481	49.49	93.00	SRR23329748
SRR23329748.7576	1475	54.24	92.20	SRR23329748
SRR23329748.7577	1475	51.25	29.14	SRR23329748
SRR23329748.7578	1412	55.81	93.00	SRR23329748
SRR23329748.7579	1497	53.91	21.96	SRR23329748
SRR23329748.7580	1437	58.46	84.50	SRR23329748
SRR23329748.7581	1385	56.46	43.41	SRR23329748
SRR23329748.7582	1454	56.26	24.08	SRR23329748
SRR23329748.7583	1426	56.38	24.20	SRR23329748
SRR23329748.7584	1421	54.26	93.00	SRR23329748
SRR23329748.7585	1481	49.43	92.98	SRR23329748
SRR23329748.7586	1411	54.50	45.50	SRR23329748
SRR23329748.7587	1413	55.56	35.98	SRR23329748
SRR23329748.7589	1475	51.39	42.90	SRR23329748
SRR23329748.7590	1407	55.93	93.00	SRR23329748
SRR23329748.7591	1390	55.18	35.94	SRR23329748
SRR23329748.7592	1472	51.15	40.59	SRR23329748
SRR23329748.7593	1411	54.50	50.46	SRR23329748
SRR23329748.7594	1471	59.89	79.04	SRR23329748
SRR23329748.7595	1407	55.86	36.30	SRR23329748
SRR23329748.7596	1476	54.20	53.23	SRR23329748
SRR23329748.7597	1405	55.59	38.27	SRR23329748
SRR23329748.7598	1481	49.43	73.65	SRR23329748
SRR23329748.7599	1476	53.86	38.69	SRR23329748
SRR23329748.7600	1475	54.03	69.44	SRR23329748
SRR23329748.7602	1462	56.43	22.52	SRR23329748
SRR23329748.7603	1484	55.53	59.64	SRR23329748
SRR23329748.7605	1435	49.48	33.46	SRR23329748
SRR23329748.7606	1494	55.35	22.04	SRR23329748
SRR23329748.7607	1446	55.60	91.02	SRR23329748
SRR23329748.7608	1453	56.16	25.34	SRR23329748
SRR23329748.7610	1467	49.49	93.00	SRR23329748
SRR23329748.7611	1408	56.68	37.67	SRR23329748
SRR23329748.7612	1493	50.97	22.84	SRR23329748
SRR23329748.7613	1407	55.65	83.79	SRR23329748
SRR23329748.7615	1445	56.82	31.54	SRR23329748
SRR23329748.7616	1490	49.40	30.61	SRR23329748
SRR23329748.7617	1440	56.46	44.52	SRR23329748
SRR23329748.7618	1447	56.67	66.59	SRR23329748
SRR23329748.7619	1488	49.33	76.39	SRR23329748
SRR23329748.7620	1543	55.93	21.64	SRR23329748
SRR23329748.7621	1411	54.50	93.00	SRR23329748
SRR23329748.7622	1497	49.50	25.14	SRR23329748
SRR23329748.7623	1475	53.83	91.44	SRR23329748
SRR23329748.7624	1407	55.01	90.63	SRR23329748
SRR23329748.7625	1499	49.50	22.91	SRR23329748
SRR23329748.7626	1478	58.25	92.97	SRR23329748
SRR23329748.7627	1455	51.82	33.58	SRR23329748
SRR23329748.7628	1407	55.93	93.00	SRR23329748
SRR23329748.7629	1450	57.72	29.35	SRR23329748
SRR23329748.7630	1470	52.65	54.67	SRR23329748
SRR23329748.7631	1383	54.88	92.81	SRR23329748
SRR23329748.7632	1489	53.93	28.48	SRR23329748
SRR23329748.7633	1403	55.88	27.48	SRR23329748
SRR23329748.7634	1425	56.63	68.88	SRR23329748
SRR23329748.7635	1407	55.65	92.99	SRR23329748
SRR23329748.7636	1389	55.15	93.00	SRR23329748
SRR23329748.7637	1407	55.72	28.47	SRR23329748
SRR23329748.7638	1442	52.15	93.00	SRR23329748
SRR23329748.7639	1478	51.96	93.00	SRR23329748
SRR23329748.7640	1406	55.19	54.46	SRR23329748
SRR23329748.7642	1448	57.60	39.60	SRR23329748
SRR23329748.7643	1437	58.52	54.47	SRR23329748
SRR23329748.7644	1409	54.65	93.00	SRR23329748
SRR23329748.7645	1475	53.97	93.00	SRR23329748
SRR23329748.7646	1454	53.85	52.27	SRR23329748
SRR23329748.7648	1412	55.81	93.00	SRR23329748
SRR23329748.7652	1474	53.93	38.95	SRR23329748
SRR23329748.7653	1471	52.48	30.04	SRR23329748
SRR23329748.7654	1403	56.02	45.46	SRR23329748
SRR23329748.7655	1446	55.60	80.91	SRR23329748
SRR23329748.7656	1430	57.48	34.81	SRR23329748
SRR23329748.7657	1475	53.90	48.42	SRR23329748
SRR23329748.7658	1488	49.26	93.00	SRR23329748
SRR23329748.7659	1481	49.49	37.69	SRR23329748
SRR23329748.7660	1454	53.85	73.49	SRR23329748
SRR23329748.7661	1405	55.80	34.89	SRR23329748
SRR23329748.7662	1409	56.00	28.53	SRR23329748
SRR23329748.7663	1407	56.43	93.00	SRR23329748
SRR23329748.7664	1407	56.36	93.00	SRR23329748
SRR23329748.7665	1467	49.35	92.56	SRR23329748
SRR23329748.7666	1452	56.47	20.31	SRR23329748
SRR23329748.7667	1407	55.72	89.17	SRR23329748
SRR23329748.7668	1444	58.38	52.59	SRR23329748
SRR23329748.7669	1477	54.43	87.04	SRR23329748
SRR23329748.7670	1451	57.68	29.43	SRR23329748
SRR23329748.7671	1411	54.00	72.97	SRR23329748
SRR23329748.7672	1481	53.88	28.83	SRR23329748
SRR23329748.7673	1407	56.57	92.51	SRR23329748
SRR23329748.7674	1407	55.58	62.48	SRR23329748
SRR23329748.7675	1460	55.00	75.98	SRR23329748
SRR23329748.7676	1438	56.19	30.78	SRR23329748
SRR23329748.7677	1385	55.38	51.85	SRR23329748
SRR23329748.7678	1555	55.95	31.12	SRR23329748
SRR23329748.7679	1467	49.35	93.00	SRR23329748
SRR23329748.7680	1454	51.79	93.00	SRR23329748
SRR23329748.7682	1474	54.07	60.47	SRR23329748
SRR23329748.7683	1404	55.98	20.64	SRR23329748
SRR23329748.7684	1447	55.22	50.14	SRR23329748
SRR23329748.7685	1475	51.39	93.00	SRR23329748
SRR23329748.7686	1476	59.35	39.69	SRR23329748
SRR23329748.7687	1410	56.81	32.46	SRR23329748
SRR23329748.7688	1438	53.34	88.43	SRR23329748
SRR23329748.7689	1412	56.73	51.94	SRR23329748
SRR23329748.7690	1433	59.25	80.78	SRR23329748
SRR23329748.7691	1475	54.03	93.00	SRR23329748
SRR23329748.7692	1409	55.57	26.82	SRR23329748
SRR23329748.7693	1407	56.65	36.44	SRR23329748
SRR23329748.7695	1441	56.63	20.21	SRR23329748
SRR23329748.7696	1475	53.90	93.00	SRR23329748
SRR23329748.7697	1438	56.95	92.47	SRR23329748
SRR23329748.7698	1475	53.90	92.91	SRR23329748
SRR23329748.7699	1414	55.80	23.74	SRR23329748
SRR23329748.7700	1407	55.65	49.17	SRR23329748
SRR23329748.7701	1496	49.26	23.06	SRR23329748
SRR23329748.7702	1555	56.14	23.96	SRR23329748
SRR23329748.7703	1487	49.29	46.73	SRR23329748
SRR23329748.7704	1407	56.65	36.20	SRR23329748
SRR23329748.7705	1486	54.37	41.78	SRR23329748
SRR23329748.7706	1411	55.92	43.44	SRR23329748
SRR23329748.7707	1406	55.62	29.90	SRR23329748
SRR23329748.7708	1407	56.65	76.39	SRR23329748
SRR23329748.7709	1489	53.93	93.00	SRR23329748
SRR23329748.7710	1467	49.28	89.05	SRR23329748
SRR23329748.7711	1407	55.79	91.57	SRR23329748
SRR23329748.7713	1444	51.39	93.00	SRR23329748
SRR23329748.7714	1412	56.80	65.32	SRR23329748
SRR23329748.7715	1407	56.65	93.00	SRR23329748
SRR23329748.7716	1412	54.53	92.96	SRR23329748
SRR23329748.7717	1433	59.25	92.14	SRR23329748
SRR23329748.7718	1484	54.99	93.00	SRR23329748
SRR23329748.7719	1456	58.93	39.34	SRR23329748
SRR23329748.7720	1383	54.88	93.00	SRR23329748
SRR23329748.7721	1409	56.42	24.06	SRR23329748
SRR23329748.7722	1471	53.84	29.83	SRR23329748
SRR23329748.7723	1448	55.59	30.69	SRR23329748
SRR23329748.7724	1489	53.86	89.48	SRR23329748
SRR23329748.7725	1447	57.50	93.00	SRR23329748
SRR23329748.7726	1450	56.14	41.55	SRR23329748
SRR23329748.7727	1459	57.23	66.63	SRR23329748
SRR23329748.7728	1489	49.29	39.44	SRR23329748
SRR23329748.7729	1409	56.56	32.51	SRR23329748
SRR23329748.7730	1437	58.52	53.57	SRR23329748
SRR23329748.7731	1454	51.79	93.00	SRR23329748
SRR23329748.7732	1449	57.76	51.95	SRR23329748
SRR23329748.7733	1420	47.32	21.91	SRR23329748
SRR23329748.7734	1403	56.52	31.30	SRR23329748
SRR23329748.7735	1475	53.90	93.00	SRR23329748
SRR23329748.7737	1488	49.33	92.96	SRR23329748
SRR23329748.7738	1438	59.67	39.66	SRR23329748
SRR23329748.7739	1411	55.49	24.43	SRR23329748
SRR23329748.7740	1452	57.02	35.62	SRR23329748
SRR23329748.7741	1411	55.63	93.00	SRR23329748
SRR23329748.7743	1415	55.97	24.25	SRR23329748
SRR23329748.7744	1409	55.64	23.39	SRR23329748
SRR23329748.7745	1467	49.49	28.66	SRR23329748
SRR23329748.7746	1385	55.45	73.37	SRR23329748
SRR23329748.7747	1409	53.51	58.79	SRR23329748
SRR23329748.7748	1407	55.65	93.00	SRR23329748
SRR23329748.7749	1407	56.57	37.02	SRR23329748
SRR23329748.7750	1447	55.77	84.00	SRR23329748
SRR23329748.7751	1437	56.85	33.61	SRR23329748
SRR23329748.7752	1478	48.31	29.55	SRR23329748
SRR23329748.7753	1456	58.93	80.28	SRR23329748
SRR23329748.7754	1407	56.08	93.00	SRR23329748
SRR23329748.7755	1452	56.47	27.42	SRR23329748
SRR23329748.7756	1414	56.65	21.61	SRR23329748
SRR23329748.7757	1411	56.34	35.43	SRR23329748
SRR23329748.7758	1484	55.46	87.34	SRR23329748
SRR23329748.7759	1419	55.53	24.35	SRR23329748
SRR23329748.7760	1475	54.24	40.93	SRR23329748
SRR23329748.7761	1487	49.29	48.71	SRR23329748
SRR23329748.7762	1473	51.26	33.63	SRR23329748
SRR23329748.7763	1474	53.93	37.25	SRR23329748
SRR23329748.7764	1385	55.67	62.71	SRR23329748
SRR23329748.7766	1476	51.42	27.21	SRR23329748
SRR23329748.7767	1456	58.79	92.98	SRR23329748
SRR23329748.7768	1447	55.01	93.00	SRR23329748
SRR23329748.7769	1441	52.60	91.37	SRR23329748
SRR23329748.7770	1477	53.83	30.35	SRR23329748
SRR23329748.7771	1472	55.10	93.00	SRR23329748
SRR23329748.7772	1441	52.39	93.00	SRR23329748
SRR23329748.7773	1473	51.32	92.54	SRR23329748
SRR23329748.7774	1471	52.48	73.30	SRR23329748
SRR23329748.7775	1458	52.88	35.88	SRR23329748
SRR23329748.7777	1489	54.00	91.21	SRR23329748
SRR23329748.7778	1408	55.68	32.43	SRR23329748
SRR23329748.7779	1407	56.43	78.58	SRR23329748
SRR23329748.7780	1408	55.68	41.17	SRR23329748
SRR23329748.7781	1467	49.49	93.00	SRR23329748
SRR23329748.7782	1407	55.93	66.69	SRR23329748
SRR23329748.7783	1475	54.24	67.22	SRR23329748
SRR23329748.7784	1484	55.39	69.64	SRR23329748
SRR23329748.7785	1385	55.45	72.78	SRR23329748
SRR23329748.7786	1484	55.39	93.00	SRR23329748
SRR23329748.7787	1407	54.73	33.36	SRR23329748
SRR23329748.7789	1419	55.74	26.00	SRR23329748
SRR23329748.7791	1437	58.52	63.64	SRR23329748
SRR23329748.7792	1475	54.10	62.68	SRR23329748
SRR23329748.7793	1459	53.53	32.63	SRR23329748
SRR23329748.7794	1484	55.53	75.59	SRR23329748
SRR23329748.7795	1474	54.34	92.32	SRR23329748
SRR23329748.7796	1474	54.21	89.66	SRR23329748
SRR23329748.7797	1444	55.06	21.09	SRR23329748
SRR23329748.7798	1445	56.26	37.23	SRR23329748
SRR23329748.7799	1453	54.85	76.31	SRR23329748
SRR23329748.7800	1412	55.81	93.00	SRR23329748
SRR23329748.7801	1476	54.27	35.32	SRR23329748
SRR23329748.7803	1412	55.52	35.79	SRR23329748
SRR23329748.7805	1428	56.16	43.54	SRR23329748
SRR23329748.7806	1407	56.65	39.08	SRR23329748
SRR23329748.7807	1407	56.08	72.20	SRR23329748
SRR23329748.7808	1484	55.32	90.11	SRR23329748
SRR23329748.7809	1474	53.93	44.68	SRR23329748
SRR23329748.7810	1447	56.46	93.00	SRR23329748
SRR23329748.7812	1444	58.93	92.97	SRR23329748
SRR23329748.7813	1454	51.79	93.00	SRR23329748
SRR23329748.7814	1383	54.88	85.55	SRR23329748
SRR23329748.7815	1407	56.43	79.74	SRR23329748
SRR23329748.7816	1503	53.89	25.22	SRR23329748
SRR23329748.7817	1478	53.79	92.32	SRR23329748
SRR23329748.7818	1475	53.97	66.73	SRR23329748
SRR23329748.7820	1445	56.26	26.91	SRR23329748
SRR23329748.7821	1446	56.36	34.03	SRR23329748
SRR23329748.7822	1488	49.33	93.00	SRR23329748
SRR23329748.7823	1473	59.88	29.54	SRR23329748
SRR23329748.7824	1442	57.98	89.31	SRR23329748
SRR23329748.7825	1490	49.33	29.98	SRR23329748
SRR23329748.7826	1480	49.46	39.17	SRR23329748
SRR23329748.7827	1423	50.04	51.47	SRR23329748
SRR23329748.7828	1434	58.09	22.07	SRR23329748
SRR23329748.7829	1433	56.59	28.83	SRR23329748
SRR23329748.7830	1475	54.10	85.06	SRR23329748
SRR23329748.7831	1467	49.42	93.00	SRR23329748
SRR23329748.7832	1424	57.58	28.87	SRR23329748
SRR23329748.7834	1407	55.51	93.00	SRR23329748
SRR23329748.7835	1444	58.86	90.04	SRR23329748
SRR23329748.7836	1452	57.09	31.31	SRR23329748
SRR23329748.7837	1475	54.03	55.33	SRR23329748
SRR23329748.7838	1406	55.83	33.97	SRR23329748
SRR23329748.7839	1406	55.76	32.19	SRR23329748
SRR23329748.7840	1475	51.19	48.64	SRR23329748
SRR23329748.7841	1474	54.07	70.13	SRR23329748
SRR23329748.7842	1452	56.47	27.37	SRR23329748
SRR23329748.7843	1436	56.96	53.57	SRR23329748
SRR23329748.7844	1440	57.29	45.94	SRR23329748
SRR23329748.7845	1424	57.51	92.93	SRR23329748
SRR23329748.7846	1476	52.44	30.22	SRR23329748
SRR23329748.7847	1407	55.72	77.36	SRR23329748
SRR23329748.7848	1473	53.84	28.99	SRR23329748
SRR23329748.7849	1467	57.60	87.30	SRR23329748
SRR23329748.7850	1408	55.75	81.22	SRR23329748
SRR23329748.7851	1477	51.39	56.90	SRR23329748
SRR23329748.7852	1383	54.88	68.39	SRR23329748
SRR23329748.7853	1437	56.92	25.11	SRR23329748
SRR23329748.7854	1428	53.01	61.54	SRR23329748
SRR23329748.7855	1446	55.74	43.65	SRR23329748
SRR23329748.7856	1474	54.00	34.57	SRR23329748
SRR23329748.7857	1408	55.75	63.88	SRR23329748
SRR23329748.7858	1389	56.52	26.60	SRR23329748
SRR23329748.7859	1475	54.10	40.79	SRR23329748
SRR23329748.7860	1484	55.53	34.04	SRR23329748
SRR23329748.7861	1526	53.34	89.88	SRR23329748
SRR23329748.7862	1406	55.19	93.00	SRR23329748
SRR23329748.7863	1473	51.26	45.82	SRR23329748
SRR23329748.7864	1408	55.61	35.71	SRR23329748
SRR23329748.7865	1445	57.92	65.19	SRR23329748
SRR23329748.7866	1479	54.09	25.05	SRR23329748
SRR23329748.7867	1404	55.77	47.74	SRR23329748
SRR23329748.7869	1408	55.75	53.03	SRR23329748
SRR23329748.7870	1444	56.86	92.98	SRR23329748
SRR23329748.7871	1411	54.57	26.34	SRR23329748
SRR23329748.7872	1407	56.08	93.00	SRR23329748
SRR23329748.7873	1443	56.20	34.75	SRR23329748
SRR23329748.7874	1463	56.19	93.00	SRR23329748
SRR23329748.7875	1407	56.65	57.14	SRR23329748
SRR23329748.7876	1467	55.49	93.00	SRR23329748
SRR23329748.7877	1407	56.50	92.54	SRR23329748
SRR23329748.7878	1408	55.82	85.48	SRR23329748
SRR23329748.7879	1370	59.78	21.76	SRR23329748
SRR23329748.7880	1383	55.82	93.00	SRR23329748
SRR23329748.7881	1470	52.65	93.00	SRR23329748
SRR23329748.7882	1475	54.17	37.00	SRR23329748
SRR23329748.7883	1481	49.43	60.71	SRR23329748
SRR23329748.7885	1439	59.76	46.07	SRR23329748
SRR23329748.7886	1447	56.46	57.50	SRR23329748
SRR23329748.7887	1467	57.53	33.38	SRR23329748
SRR23329748.7888	1486	49.26	34.70	SRR23329748
SRR23329748.7889	1383	54.88	55.40	SRR23329748
SRR23329748.7890	1434	57.60	24.24	SRR23329748
SRR23329748.7891	1407	56.01	92.54	SRR23329748
SRR23329748.7892	1403	57.16	38.81	SRR23329748
SRR23329748.7893	1406	55.62	34.58	SRR23329748
SRR23329748.7894	1470	52.65	89.82	SRR23329748
SRR23329748.7896	1475	53.90	23.07	SRR23329748
SRR23329748.7897	1407	55.93	34.08	SRR23329748
SRR23329748.7898	1488	49.33	30.30	SRR23329748
SRR23329748.7899	1406	57.25	61.95	SRR23329748
SRR23329748.7900	1439	50.87	80.81	SRR23329748
SRR23329748.7901	1440	56.04	37.31	SRR23329748
SRR23329748.7902	1429	55.77	92.94	SRR23329748
SRR23329748.7903	1484	49.12	21.67	SRR23329748
SRR23329748.7904	1473	51.39	44.60	SRR23329748
SRR23329748.7905	1406	55.19	69.49	SRR23329748
SRR23329748.7906	1488	49.33	48.65	SRR23329748
SRR23329748.7907	1475	53.90	93.00	SRR23329748
SRR23329748.7908	1411	55.63	35.97	SRR23329748
SRR23329748.7909	1437	49.48	33.55	SRR23329748
SRR23329748.7910	1390	56.55	24.67	SRR23329748
SRR23329748.7911	1436	57.80	92.42	SRR23329748
SRR23329748.7912	1447	54.87	86.73	SRR23329748
SRR23329748.7913	1444	58.86	28.96	SRR23329748
SRR23329748.7914	1482	55.26	29.06	SRR23329748
SRR23329748.7915	1406	56.54	34.31	SRR23329748
SRR23329748.7916	1447	55.91	93.00	SRR23329748
SRR23329748.7917	1453	54.09	48.28	SRR23329748
SRR23329748.7918	1475	53.90	92.55	SRR23329748
SRR23329748.7919	1423	50.18	93.00	SRR23329748
SRR23329748.7920	1475	53.90	91.06	SRR23329748
SRR23329748.7921	1442	58.88	27.87	SRR23329748
SRR23329748.7922	1447	56.60	28.62	SRR23329748
SRR23329748.7923	1446	55.60	85.18	SRR23329748
SRR23329748.7924	1386	55.99	67.32	SRR23329748
SRR23329748.7926	1407	56.08	93.00	SRR23329748
SRR23329748.7927	1418	56.35	20.05	SRR23329748
SRR23329748.7928	1471	53.64	35.95	SRR23329748
SRR23329748.7929	1442	50.55	93.00	SRR23329748
SRR23329748.7930	1385	55.67	34.64	SRR23329748
SRR23329748.7931	1467	49.42	38.47	SRR23329748
SRR23329748.7932	1412	56.80	36.16	SRR23329748
SRR23329748.7933	1467	57.12	50.49	SRR23329748
SRR23329748.7934	1445	57.85	86.50	SRR23329748
SRR23329748.7936	1447	55.77	92.14	SRR23329748
SRR23329748.7937	1459	57.57	83.29	SRR23329748
SRR23329748.7938	1459	56.13	36.47	SRR23329748
SRR23329748.7940	1481	49.36	54.16	SRR23329748
SRR23329748.7941	1411	54.50	93.00	SRR23329748
SRR23329748.7942	1424	55.69	93.00	SRR23329748
SRR23329748.7943	1421	57.78	35.46	SRR23329748
SRR23329748.7944	1475	51.32	53.44	SRR23329748
SRR23329748.7946	1475	53.90	31.90	SRR23329748
SRR23329748.7947	1475	49.49	20.30	SRR23329748
SRR23329748.7948	1454	51.86	89.19	SRR23329748
SRR23329748.7949	1466	49.32	35.04	SRR23329748
SRR23329748.7950	1407	55.86	93.00	SRR23329748
SRR23329748.7951	1475	53.90	93.00	SRR23329748
SRR23329748.7952	1474	53.87	42.13	SRR23329748
SRR23329748.7953	1407	56.43	79.19	SRR23329748
SRR23329748.7954	1389	56.44	47.42	SRR23329748
SRR23329748.7955	1465	49.28	28.04	SRR23329748
SRR23329748.7956	1473	51.26	93.00	SRR23329748
SRR23329748.7957	1407	55.44	59.25	SRR23329748
SRR23329748.7958	1424	56.67	29.34	SRR23329748
SRR23329748.7959	1412	55.81	81.90	SRR23329748
SRR23329748.7962	1413	55.84	41.50	SRR23329748
SRR23329748.7964	1436	57.80	93.00	SRR23329748
SRR23329748.7965	1488	49.33	93.00	SRR23329748
SRR23329748.7966	1407	56.65	93.00	SRR23329748
SRR23329748.7967	1413	57.75	80.87	SRR23329748
SRR23329748.7968	1484	55.32	93.00	SRR23329748
SRR23329748.7969	1407	55.65	93.00	SRR23329748
SRR23329748.7970	1408	56.68	20.39	SRR23329748
SRR23329748.7971	1385	56.46	37.62	SRR23329748
SRR23329748.7972	1439	57.96	50.59	SRR23329748
SRR23329748.7973	1411	54.50	23.69	SRR23329748
SRR23329748.7974	1407	56.43	51.93	SRR23329748
SRR23329748.7975	1475	53.97	93.00	SRR23329748
SRR23329748.7976	1493	49.43	27.13	SRR23329748
SRR23329748.7977	1475	54.31	75.39	SRR23329748
SRR23329748.7978	1445	55.57	53.44	SRR23329748
SRR23329748.7979	1480	51.55	21.41	SRR23329748
SRR23329748.7980	1417	56.60	26.80	SRR23329748
SRR23329748.7981	1475	53.90	42.45	SRR23329748
SRR23329748.7982	1445	58.89	93.00	SRR23329748
SRR23329748.7983	1484	55.59	90.74	SRR23329748
SRR23329748.7984	1473	51.26	82.06	SRR23329748
SRR23329748.7985	1473	53.84	29.59	SRR23329748
SRR23329748.7986	1467	49.35	92.99	SRR23329748
SRR23329748.7987	1487	49.29	27.42	SRR23329748
SRR23329748.7988	1467	49.28	48.18	SRR23329748
SRR23329748.7989	1467	57.06	86.54	SRR23329748
SRR23329748.7990	1482	54.66	72.44	SRR23329748
SRR23329748.7991	1389	56.52	66.10	SRR23329748
SRR23329748.7992	1437	58.52	50.99	SRR23329748
SRR23329748.7993	1488	49.33	59.12	SRR23329748
SRR23329748.7994	1443	57.52	23.77	SRR23329748
SRR23329748.7995	1489	54.00	84.08	SRR23329748
SRR23329748.7996	1486	54.17	35.41	SRR23329748
SRR23329748.7997	1408	56.11	32.92	SRR23329748
SRR23329748.7998	1421	54.26	53.28	SRR23329748
SRR23329748.7999	1466	57.44	30.85	SRR23329748
SRR23329748.8000	1476	54.13	30.68	SRR23329748
SRR23329748.8001	1488	49.33	42.26	SRR23329748
SRR23329748.8002	1488	49.33	93.00	SRR23329748
SRR23329748.8003	1407	56.01	33.66	SRR23329748
SRR23329748.8005	1425	50.11	27.32	SRR23329748
SRR23329748.8006	1441	58.22	31.61	SRR23329748
SRR23329748.8007	1467	49.49	93.00	SRR23329748
SRR23329748.8008	1389	56.59	59.61	SRR23329748
SRR23329748.8009	1412	55.81	43.45	SRR23329748
SRR23329748.8012	1444	56.86	51.45	SRR23329748
SRR23329748.8013	1408	55.75	66.31	SRR23329748
SRR23329748.8015	1396	52.29	47.57	SRR23329748
SRR23329748.8016	1409	54.65	49.43	SRR23329748
SRR23329748.8018	1407	54.87	92.86	SRR23329748
SRR23329748.8019	1449	55.35	59.92	SRR23329748
SRR23329748.8020	1410	54.47	36.22	SRR23329748
SRR23329748.8021	1481	49.43	92.88	SRR23329748
SRR23329748.8022	1433	49.48	30.52	SRR23329748
SRR23329748.8023	1407	56.43	93.00	SRR23329748
SRR23329748.8024	1408	56.32	48.08	SRR23329748
SRR23329748.8025	1457	57.58	66.62	SRR23329748
SRR23329748.8026	1406	55.19	48.71	SRR23329748
SRR23329748.8027	1413	55.56	38.38	SRR23329748
SRR23329748.8028	1467	57.46	88.25	SRR23329748
SRR23329748.8029	1381	55.54	23.64	SRR23329748
SRR23329748.8031	1413	55.98	28.49	SRR23329748
SRR23329748.8032	1407	55.22	33.62	SRR23329748
SRR23329748.8033	1446	57.95	30.99	SRR23329748
SRR23329748.8034	1467	49.49	51.65	SRR23329748
SRR23329748.8035	1444	58.73	92.76	SRR23329748
SRR23329748.8036	1477	54.37	93.00	SRR23329748
SRR23329748.8037	1475	54.10	58.43	SRR23329748
SRR23329748.8038	1457	57.38	32.50	SRR23329748
SRR23329748.8039	1389	56.66	49.34	SRR23329748
SRR23329748.8040	1407	55.93	52.77	SRR23329748
SRR23329748.8041	1467	49.49	93.00	SRR23329748
SRR23329748.8042	1481	49.56	75.52	SRR23329748
SRR23329748.8043	1442	50.55	91.02	SRR23329748
SRR23329748.8044	1411	54.50	33.06	SRR23329748
SRR23329748.8045	1475	54.10	30.02	SRR23329748
SRR23329748.8046	1478	48.31	93.00	SRR23329748
SRR23329748.8047	1387	54.58	93.00	SRR23329748
SRR23329748.8048	1470	57.35	20.24	SRR23329748
SRR23329748.8049	1453	54.03	52.79	SRR23329748
SRR23329748.8050	1467	49.49	81.27	SRR23329748
SRR23329748.8051	1445	58.55	92.94	SRR23329748
SRR23329748.8052	1408	55.75	30.97	SRR23329748
SRR23329748.8053	1460	53.42	89.48	SRR23329748
SRR23329748.8054	1467	49.28	92.93	SRR23329748
SRR23329748.8055	1475	54.10	46.24	SRR23329748
SRR23329748.8056	1408	56.68	31.00	SRR23329748
SRR23329748.8057	1458	56.93	93.00	SRR23329748
SRR23329748.8058	1407	55.93	93.00	SRR23329748
SRR23329748.8059	1444	56.37	92.77	SRR23329748
SRR23329748.8060	1488	49.33	93.00	SRR23329748
SRR23329748.8061	1422	54.15	25.39	SRR23329748
SRR23329748.8062	1479	57.54	91.27	SRR23329748
SRR23329748.8063	1444	58.86	93.00	SRR23329748
SRR23329748.8064	1389	56.52	36.67	SRR23329748
SRR23329748.8065	1483	55.36	31.04	SRR23329748
SRR23329748.8066	1406	56.40	93.00	SRR23329748
SRR23329748.8068	1409	56.14	31.45	SRR23329748
SRR23329748.8069	1514	44.19	90.59	SRR23329748
SRR23329748.8070	1475	53.90	35.93	SRR23329748
SRR23329748.8071	1486	54.24	61.38	SRR23329748
SRR23329748.8073	1451	59.41	51.08	SRR23329748
SRR23329748.8074	1444	55.54	23.96	SRR23329748
SRR23329748.8075	1999	53.83	23.95	SRR23329748
SRR23329748.8076	1412	56.80	93.00	SRR23329748
SRR23329748.8077	1407	56.65	91.80	SRR23329748
SRR23329748.8078	1386	55.92	89.91	SRR23329748
SRR23329748.8080	1493	55.12	23.33	SRR23329748
SRR23329748.8081	1442	50.62	92.76	SRR23329748
SRR23329748.8082	1485	51.72	28.76	SRR23329748
SRR23329748.8083	1425	56.00	37.89	SRR23329748
SRR23329748.8084	1406	55.90	41.74	SRR23329748
SRR23329748.8085	1462	52.80	30.75	SRR23329748
SRR23329748.8086	1406	55.19	93.00	SRR23329748
SRR23329748.8087	1488	49.33	90.33	SRR23329748
SRR23329748.8088	1481	49.36	31.32	SRR23329748
SRR23329748.8089	1406	56.26	91.82	SRR23329748
SRR23329748.8090	1411	54.57	93.00	SRR23329748
SRR23329748.8091	1442	50.49	93.00	SRR23329748
SRR23329748.8092	1407	55.65	57.26	SRR23329748
SRR23329748.8093	1419	55.67	42.71	SRR23329748
SRR23329748.8094	1451	59.34	92.63	SRR23329748
SRR23329748.8095	1481	49.56	45.29	SRR23329748
SRR23329748.8097	1454	50.48	93.00	SRR23329748
SRR23329748.8098	1473	51.39	93.00	SRR23329748
SRR23329748.8099	1445	57.85	85.70	SRR23329748
SRR23329748.8100	1400	55.86	21.01	SRR23329748
SRR23329748.8101	1451	59.34	92.97	SRR23329748
SRR23329748.8102	1389	56.52	70.32	SRR23329748
SRR23329748.8103	1478	48.38	22.59	SRR23329748
SRR23329748.8104	1467	49.42	70.98	SRR23329748
SRR23329748.8105	1466	57.37	93.00	SRR23329748
SRR23329748.8106	1409	56.00	32.97	SRR23329748
SRR23329748.8107	1457	55.04	71.86	SRR23329748
SRR23329748.8108	1407	55.65	34.13	SRR23329748
SRR23329748.8109	1475	51.05	30.52	SRR23329748
SRR23329748.8110	1411	56.77	38.20	SRR23329748
SRR23329748.8111	1475	54.24	60.47	SRR23329748
SRR23329748.8112	1481	49.43	92.98	SRR23329748
SRR23329748.8113	1475	54.17	41.36	SRR23329748
SRR23329748.8114	1408	55.75	93.00	SRR23329748
SRR23329748.8116	1411	55.92	23.96	SRR23329748
SRR23329748.8117	1475	53.90	79.42	SRR23329748
SRR23329748.8118	1404	56.20	26.61	SRR23329748
SRR23329748.8119	1407	56.65	93.00	SRR23329748
SRR23329748.8120	1448	55.32	36.05	SRR23329748
SRR23329748.8121	1484	55.53	75.59	SRR23329748
SRR23329748.8123	1445	56.89	93.00	SRR23329748
SRR23329748.8124	1411	55.63	93.00	SRR23329748
SRR23329748.8125	1447	55.91	29.24	SRR23329748
SRR23329748.8126	1473	51.26	49.67	SRR23329748
SRR23329748.8127	1407	55.65	36.64	SRR23329748
SRR23329748.8128	1429	56.82	20.76	SRR23329748
SRR23329748.8129	1413	55.84	35.64	SRR23329748
SRR23329748.8130	1409	55.57	31.74	SRR23329748
SRR23329748.8131	1424	57.65	24.81	SRR23329748
SRR23329748.8132	1411	56.34	39.45	SRR23329748
SRR23329748.8133	1407	56.65	65.36	SRR23329748
SRR23329748.8134	1460	53.56	92.93	SRR23329748
SRR23329748.8135	1441	53.23	80.30	SRR23329748
SRR23329748.8136	1446	57.26	22.84	SRR23329748
SRR23329748.8137	1468	57.49	31.04	SRR23329748
SRR23329748.8138	1473	51.19	34.68	SRR23329748
SRR23329748.8139	1473	51.19	41.11	SRR23329748
SRR23329748.8140	1488	49.33	93.00	SRR23329748
SRR23329748.8141	1493	49.23	21.46	SRR23329748
SRR23329748.8142	1445	50.10	30.95	SRR23329748
SRR23329748.8143	1469	51.12	37.12	SRR23329748
SRR23329748.8144	1488	49.40	38.68	SRR23329748
SRR23329748.8145	1488	49.33	90.98	SRR23329748
SRR23329748.8146	1407	56.57	93.00	SRR23329748
SRR23329748.8147	1478	53.72	23.30	SRR23329748
SRR23329748.8148	1405	55.80	30.64	SRR23329748
SRR23329748.8149	1407	56.65	73.11	SRR23329748
SRR23329748.8150	1447	56.19	27.80	SRR23329748
SRR23329748.8151	1412	56.73	82.36	SRR23329748
SRR23329748.8152	1446	56.36	30.24	SRR23329748
SRR23329748.8153	1454	51.79	48.36	SRR23329748
SRR23329748.8154	1457	55.39	22.99	SRR23329748
SRR23329748.8155	1445	57.79	40.52	SRR23329748
SRR23329748.8156	1447	56.39	89.47	SRR23329748
SRR23329748.8157	1432	53.63	93.00	SRR23329748
SRR23329748.8158	1426	45.09	93.00	SRR23329748
SRR23329748.8159	1487	49.29	35.72	SRR23329748
SRR23329748.8160	1420	50.14	33.91	SRR23329748
SRR23329748.8161	1485	55.69	92.80	SRR23329748
SRR23329748.8162	1407	56.72	49.24	SRR23329748
SRR23329748.8163	1431	56.67	37.96	SRR23329748
SRR23329748.8165	1407	55.65	52.81	SRR23329748
SRR23329748.8166	1407	56.01	49.14	SRR23329748
SRR23329748.8167	1487	49.36	36.64	SRR23329748
SRR23329748.8168	1407	56.65	38.44	SRR23329748
SRR23329748.8169	1445	57.85	67.59	SRR23329748
SRR23329748.8170	1407	55.65	92.99	SRR23329748
SRR23329748.8171	1478	48.31	63.43	SRR23329748
SRR23329748.8172	1475	54.24	93.00	SRR23329748
SRR23329748.8173	1432	56.63	80.66	SRR23329748
SRR23329748.8174	1446	55.60	49.43	SRR23329748
SRR23329748.8175	1488	49.33	86.18	SRR23329748
SRR23329748.8176	1473	51.26	87.68	SRR23329748
SRR23329748.8177	1453	54.85	34.59	SRR23329748
SRR23329748.8178	1407	55.65	93.00	SRR23329748
SRR23329748.8179	1450	50.34	50.58	SRR23329748
SRR23329748.8180	1447	57.57	86.81	SRR23329748
SRR23329748.8181	1473	59.47	25.74	SRR23329748
SRR23329748.8182	1454	51.79	55.62	SRR23329748
SRR23329748.8183	1475	54.10	61.08	SRR23329748
SRR23329748.8184	1467	57.40	93.00	SRR23329748
SRR23329748.8185	1421	56.79	57.90	SRR23329748
SRR23329748.8186	1445	58.55	55.59	SRR23329748
SRR23329748.8187	1435	56.24	54.99	SRR23329748
SRR23329748.8188	1388	54.61	30.83	SRR23329748
SRR23329748.8189	1477	52.88	45.92	SRR23329748
SRR23329748.8190	1451	59.34	92.97	SRR23329748
SRR23329748.8191	1488	49.19	54.74	SRR23329748
SRR23329748.8193	1404	55.91	22.54	SRR23329748
SRR23329748.8194	1412	56.73	93.00	SRR23329748
SRR23329748.8195	1473	51.26	93.00	SRR23329748
SRR23329748.8196	1407	56.15	72.92	SRR23329748
SRR23329748.8197	1447	55.22	62.60	SRR23329748
SRR23329748.8198	1446	55.95	32.38	SRR23329748
SRR23329748.8199	1470	49.39	25.30	SRR23329748
SRR23329748.8200	1407	56.65	83.02	SRR23329748
SRR23329748.8201	1407	56.65	40.48	SRR23329748
SRR23329748.8202	1459	52.84	93.00	SRR23329748
SRR23329748.8203	1475	53.97	93.00	SRR23329748
SRR23329748.8205	1407	55.65	92.05	SRR23329748
SRR23329748.8206	1446	55.60	93.00	SRR23329748
SRR23329748.8207	1459	54.15	33.20	SRR23329748
SRR23329748.8208	1436	58.70	34.30	SRR23329748
SRR23329748.8209	1474	53.87	25.77	SRR23329748
SRR23329748.8210	1417	56.67	29.16	SRR23329748
SRR23329748.8211	1488	49.33	66.54	SRR23329748
SRR23329748.8212	1412	56.80	93.00	SRR23329748
SRR23329748.8213	1445	57.79	92.91	SRR23329748
SRR23329748.8214	1388	55.55	93.00	SRR23329748
SRR23329748.8215	1407	55.86	66.47	SRR23329748
SRR23329748.8216	1407	55.65	92.65	SRR23329748
SRR23329748.8217	1407	56.65	91.92	SRR23329748
SRR23329748.8218	1384	55.64	33.31	SRR23329748
SRR23329748.8219	1409	54.72	47.53	SRR23329748
SRR23329748.8220	1435	49.34	33.11	SRR23329748
SRR23329748.8221	1475	54.03	49.69	SRR23329748
SRR23329748.8223	1445	57.23	51.78	SRR23329748
SRR23329748.8224	1407	56.01	93.00	SRR23329748
SRR23329748.8225	1513	50.69	20.62	SRR23329748
SRR23329748.8227	1444	56.23	75.52	SRR23329748
SRR23329748.8228	1484	55.32	92.78	SRR23329748
SRR23329748.8229	1483	55.29	29.02	SRR23329748
SRR23329748.8230	1407	56.65	67.46	SRR23329748
SRR23329748.8231	1474	54.00	30.26	SRR23329748
SRR23329748.8232	1412	55.81	60.45	SRR23329748
SRR23329748.8233	1407	55.65	93.00	SRR23329748
SRR23329748.8234	1422	54.08	37.78	SRR23329748
SRR23329748.8235	1403	56.02	92.99	SRR23329748
SRR23329748.8236	1486	54.98	31.25	SRR23329748
SRR23329748.8237	1454	51.79	93.00	SRR23329748
SRR23329748.8238	1467	57.53	31.63	SRR23329748
SRR23329748.8239	1467	49.63	93.00	SRR23329748
SRR23329748.8241	1387	54.58	20.34	SRR23329748
SRR23329748.8242	1409	53.51	68.47	SRR23329748
SRR23329748.8243	1447	55.77	92.96	SRR23329748
SRR23329748.8244	1473	51.19	42.36	SRR23329748
SRR23329748.8245	1454	51.86	76.35	SRR23329748
SRR23329748.8246	1386	56.49	30.16	SRR23329748
SRR23329748.8247	1473	51.39	92.93	SRR23329748
SRR23329748.8248	1436	57.80	93.00	SRR23329748
SRR23329748.8249	1488	49.33	40.34	SRR23329748
SRR23329748.8250	1407	56.65	53.48	SRR23329748
SRR23329748.8251	1473	51.26	93.00	SRR23329748
SRR23329748.8252	1482	49.39	33.68	SRR23329748
SRR23329748.8253	1456	58.93	93.00	SRR23329748
SRR23329748.8254	1445	57.23	91.71	SRR23329748
SRR23329748.8255	1447	55.84	93.00	SRR23329748
SRR23329748.8256	1403	56.02	93.00	SRR23329748
SRR23329748.8257	1406	56.12	26.49	SRR23329748
SRR23329748.8258	1407	56.65	93.00	SRR23329748
SRR23329748.8259	1472	57.20	25.97	SRR23329748
SRR23329748.8260	1446	55.95	42.95	SRR23329748
SRR23329748.8261	1416	56.85	28.13	SRR23329748
SRR23329748.8262	1424	50.21	34.46	SRR23329748
SRR23329748.8264	1487	49.29	34.64	SRR23329748
SRR23329748.8265	1467	57.33	54.03	SRR23329748
SRR23329748.8266	1453	54.09	93.00	SRR23329748
SRR23329748.8267	1476	54.27	26.07	SRR23329748
SRR23329748.8268	1407	55.86	93.00	SRR23329748
SRR23329748.8269	1408	55.97	27.72	SRR23329748
SRR23329748.8270	1484	55.46	82.32	SRR23329748
SRR23329748.8271	1446	56.36	44.29	SRR23329748
SRR23329748.8272	1448	57.73	35.36	SRR23329748
SRR23329748.8273	1481	49.43	41.56	SRR23329748
SRR23329748.8274	1444	56.37	42.10	SRR23329748
SRR23329748.8275	1408	55.75	93.00	SRR23329748
SRR23329748.8276	1487	49.29	34.27	SRR23329748
SRR23329748.8277	1454	58.18	38.36	SRR23329748
SRR23329748.8278	1235	46.56	27.24	SRR23329748
SRR23329748.8279	1439	58.30	44.81	SRR23329748
SRR23329748.8280	1392	56.39	25.26	SRR23329748
SRR23329748.8281	1386	55.48	30.82	SRR23329748
SRR23329748.8282	1475	54.24	88.48	SRR23329748
SRR23329748.8283	1413	56.69	20.91	SRR23329748
SRR23329748.8284	1389	55.65	36.69	SRR23329748
SRR23329748.8285	1453	54.44	36.10	SRR23329748
SRR23329748.8286	1444	56.37	93.00	SRR23329748
SRR23329748.8287	1488	49.33	27.43	SRR23329748
SRR23329748.8288	1474	54.00	79.13	SRR23329748
SRR23329748.8289	1475	54.24	37.69	SRR23329748
SRR23329748.8290	1413	55.48	51.22	SRR23329748
SRR23329748.8291	1479	58.76	39.52	SRR23329748
SRR23329748.8292	1484	55.26	90.47	SRR23329748
SRR23329748.8294	1446	55.67	92.97	SRR23329748
SRR23329748.8295	1388	55.62	54.34	SRR23329748
SRR23329748.8296	1407	55.86	73.98	SRR23329748
SRR23329748.8297	1475	54.10	32.15	SRR23329748
SRR23329748.8298	1408	55.75	49.28	SRR23329748
SRR23329748.8299	1474	53.87	37.04	SRR23329748
SRR23329748.8300	1436	49.51	92.50	SRR23329748
SRR23329748.8301	1528	53.40	22.33	SRR23329748
SRR23329748.8302	1413	55.41	40.93	SRR23329748
SRR23329748.8303	1482	44.13	92.98	SRR23329748
SRR23329748.8304	1475	51.25	48.48	SRR23329748
SRR23329748.8305	1437	56.92	79.38	SRR23329748
SRR23329748.8306	1388	55.62	76.23	SRR23329748
SRR23329748.8307	1444	56.23	24.90	SRR23329748
SRR23329748.8308	1475	54.03	51.30	SRR23329748
SRR23329748.8309	1412	56.80	34.39	SRR23329748
SRR23329748.8310	1475	54.10	41.38	SRR23329748
SRR23329748.8311	1474	51.36	39.68	SRR23329748
SRR23329748.8312	1475	53.90	93.00	SRR23329748
SRR23329748.8313	1475	53.97	79.37	SRR23329748
SRR23329748.8314	1411	54.50	93.00	SRR23329748
SRR23329748.8315	1446	55.60	67.28	SRR23329748
SRR23329748.8316	1455	55.74	21.40	SRR23329748
SRR23329748.8317	1420	56.41	93.00	SRR23329748
SRR23329748.8318	1409	55.86	42.65	SRR23329748
SRR23329748.8319	1489	53.93	43.31	SRR23329748
SRR23329748.8320	1404	57.12	58.69	SRR23329748
SRR23329748.8321	1473	51.12	93.00	SRR23329748
SRR23329748.8322	1450	58.83	20.76	SRR23329748
SRR23329748.8323	1526	53.34	49.09	SRR23329748
SRR23329748.8324	1451	51.62	22.81	SRR23329748
SRR23329748.8325	1407	55.93	41.59	SRR23329748
SRR23329748.8326	1459	57.16	50.64	SRR23329748
SRR23329748.8327	1454	56.26	21.02	SRR23329748
SRR23329748.8328	1407	56.65	47.41	SRR23329748
SRR23329748.8329	1454	51.79	35.63	SRR23329748
SRR23329748.8330	1475	54.17	51.36	SRR23329748
SRR23329748.8332	1164	46.48	91.96	SRR23329748
SRR23329748.8333	1444	56.37	62.95	SRR23329748
SRR23329748.8334	1405	56.58	20.93	SRR23329748
SRR23329748.8335	1479	57.40	27.90	SRR23329748
SRR23329748.8336	1421	56.79	93.00	SRR23329748
SRR23329748.8337	1484	55.59	56.71	SRR23329748
SRR23329748.8338	1467	49.49	48.39	SRR23329748
SRR23329748.8339	1475	53.90	51.52	SRR23329748
SRR23329748.8340	1420	55.49	42.41	SRR23329748
SRR23329748.8341	1383	54.88	93.00	SRR23329748
SRR23329748.8342	1444	56.37	93.00	SRR23329748
SRR23329748.8343	1454	53.51	27.42	SRR23329748
SRR23329748.8344	1408	56.39	34.60	SRR23329748
SRR23329748.8345	1412	55.81	36.71	SRR23329748
SRR23329748.8346	1475	53.97	48.39	SRR23329748
SRR23329748.8347	1409	55.00	20.33	SRR23329748
SRR23329748.8348	1436	57.80	93.00	SRR23329748
SRR23329748.8349	1444	56.86	93.00	SRR23329748
SRR23329748.8350	1481	49.49	65.40	SRR23329748
SRR23329748.8351	1465	49.49	26.57	SRR23329748
SRR23329748.8352	1418	57.40	48.46	SRR23329748
SRR23329748.8353	1406	55.76	27.07	SRR23329748
SRR23329748.8354	1445	57.79	93.00	SRR23329748
SRR23329748.8355	1459	57.64	63.78	SRR23329748
SRR23329748.8356	1411	56.77	50.21	SRR23329748
SRR23329748.8357	1483	49.43	31.24	SRR23329748
SRR23329748.8358	1408	55.75	92.97	SRR23329748
SRR23329748.8359	1483	54.15	27.62	SRR23329748
SRR23329748.8360	1479	54.02	22.02	SRR23329748
SRR23329748.8361	1473	51.39	29.13	SRR23329748
SRR23329748.8362	1467	49.42	93.00	SRR23329748
SRR23329748.8363	1407	55.93	93.00	SRR23329748
SRR23329748.8364	1412	56.80	55.93	SRR23329748
SRR23329748.8365	1446	55.88	34.60	SRR23329748
SRR23329748.8366	1502	49.33	23.18	SRR23329748
SRR23329748.8367	1453	55.75	93.00	SRR23329748
SRR23329748.8368	1488	49.33	93.00	SRR23329748
SRR23329748.8370	1478	53.92	34.92	SRR23329748
SRR23329748.8371	1459	52.43	60.25	SRR23329748
SRR23329748.8372	1473	51.39	50.55	SRR23329748
SRR23329748.8373	1405	56.58	26.05	SRR23329748
SRR23329748.8374	1406	55.19	93.00	SRR23329748
SRR23329748.8375	1454	51.79	78.08	SRR23329748
SRR23329748.8376	1516	54.88	93.00	SRR23329748
SRR23329748.8377	1407	56.65	67.70	SRR23329748
SRR23329748.8378	1445	57.85	60.11	SRR23329748
SRR23329748.8379	1432	53.63	74.03	SRR23329748
SRR23329748.8380	1407	56.01	68.56	SRR23329748
SRR23329748.8381	1405	55.94	28.65	SRR23329748
SRR23329748.8383	1407	55.93	51.39	SRR23329748
SRR23329748.8384	1411	56.70	32.69	SRR23329748
SRR23329748.8385	1473	51.19	44.65	SRR23329748
SRR23329748.8386	1488	49.33	93.00	SRR23329748
SRR23329748.8387	1527	53.37	35.59	SRR23329748
SRR23329748.8388	1475	53.90	44.85	SRR23329748
SRR23329748.8389	1404	55.56	30.43	SRR23329748
SRR23329748.8390	1467	57.40	92.72	SRR23329748
SRR23329748.8393	1461	57.08	67.68	SRR23329748
SRR23329748.8394	1407	56.57	93.00	SRR23329748
SRR23329748.8396	1407	55.93	51.77	SRR23329748
SRR23329748.8397	1488	49.33	39.75	SRR23329748
SRR23329748.8398	1442	50.55	93.00	SRR23329748
SRR23329748.8399	1488	49.33	37.47	SRR23329748
SRR23329748.8400	1411	56.34	52.45	SRR23329748
SRR23329748.8401	1454	53.85	91.95	SRR23329748
SRR23329748.8402	1470	52.65	48.88	SRR23329748
SRR23329748.8403	1444	55.75	26.56	SRR23329748
SRR23329748.8404	1475	53.90	43.25	SRR23329748
SRR23329748.8405	1386	55.99	84.71	SRR23329748
SRR23329748.8406	1459	52.91	92.99	SRR23329748
SRR23329748.8407	1414	50.57	26.19	SRR23329748
SRR23329748.8408	1475	54.10	92.86	SRR23329748
SRR23329748.8409	1464	49.52	21.00	SRR23329748
SRR23329748.8411	1481	49.43	59.66	SRR23329748
SRR23329748.8412	1459	57.23	64.06	SRR23329748
SRR23329748.8413	1407	56.57	38.80	SRR23329748
SRR23329748.8414	1410	55.89	20.26	SRR23329748
SRR23329748.8415	1467	57.53	78.29	SRR23329748
SRR23329748.8416	1471	59.89	93.00	SRR23329748
SRR23329748.8417	1412	56.80	93.00	SRR23329748
SRR23329748.8418	1412	57.08	30.55	SRR23329748
SRR23329748.8419	1411	54.50	88.47	SRR23329748
SRR23329748.8420	1446	58.58	30.61	SRR23329748
SRR23329748.8421	1473	51.32	51.89	SRR23329748
SRR23329748.8422	1407	55.86	89.16	SRR23329748
SRR23329748.8423	1486	54.17	61.47	SRR23329748
SRR23329748.8424	1490	49.40	53.71	SRR23329748
SRR23329748.8425	1385	55.67	76.31	SRR23329748
SRR23329748.8426	1467	57.40	29.71	SRR23329748
SRR23329748.8427	1475	53.90	93.00	SRR23329748
SRR23329748.8428	1443	57.87	35.43	SRR23329748
SRR23329748.8430	1388	54.39	92.83	SRR23329748
SRR23329748.8433	1475	53.97	47.01	SRR23329748
SRR23329748.8434	1415	55.76	23.36	SRR23329748
SRR23329748.8435	1407	56.15	46.02	SRR23329748
SRR23329748.8436	1488	49.33	73.01	SRR23329748
SRR23329748.8437	1412	55.81	90.54	SRR23329748
SRR23329748.8438	1456	56.39	25.59	SRR23329748
SRR23329748.8439	1408	56.68	60.48	SRR23329748
SRR23329748.8440	1451	59.34	92.97	SRR23329748
SRR23329748.8441	1415	56.68	21.33	SRR23329748
SRR23329748.8442	1411	54.43	36.57	SRR23329748
SRR23329748.8443	1444	58.93	93.00	SRR23329748
SRR23329748.8445	1489	49.16	24.49	SRR23329748
SRR23329748.8446	1481	49.43	65.69	SRR23329748
SRR23329748.8447	1403	56.02	87.14	SRR23329748
SRR23329748.8448	1406	56.54	50.29	SRR23329748
SRR23329748.8449	1478	53.99	33.95	SRR23329748
SRR23329748.8450	1674	46.54	92.84	SRR23329748
SRR23329748.8451	1441	52.39	39.58	SRR23329748
SRR23329748.8452	1427	45.20	37.38	SRR23329748
SRR23329748.8453	1473	51.26	93.00	SRR23329748
SRR23329748.8454	1475	54.17	93.00	SRR23329748
SRR23329748.8455	1407	56.43	93.00	SRR23329748
SRR23329748.8456	1488	49.33	35.57	SRR23329748
SRR23329748.8457	1457	51.89	25.27	SRR23329748
SRR23329748.8458	1412	55.59	36.28	SRR23329748
SRR23329748.8459	1407	56.65	88.54	SRR23329748
SRR23329748.8460	1454	53.78	93.00	SRR23329748
SRR23329748.8461	1479	49.63	26.47	SRR23329748
SRR23329748.8462	1404	57.12	83.81	SRR23329748
SRR23329748.8463	1474	53.93	31.35	SRR23329748
SRR23329748.8464	1408	56.68	35.49	SRR23329748
SRR23329748.8465	1475	53.90	92.45	SRR23329748
SRR23329748.8466	1407	55.58	54.33	SRR23329748
SRR23329748.8467	1459	54.01	90.24	SRR23329748
SRR23329748.8469	1409	59.12	90.67	SRR23329748
SRR23329748.8470	1448	61.05	23.79	SRR23329748
SRR23329748.8471	1449	57.69	74.55	SRR23329748
SRR23329748.8472	1489	53.93	93.00	SRR23329748
SRR23329748.8473	1460	52.47	36.00	SRR23329748
SRR23329748.8474	1413	55.56	36.57	SRR23329748
SRR23329748.8475	1383	54.81	82.04	SRR23329748
SRR23329748.8476	1419	57.58	32.15	SRR23329748
SRR23329748.8477	1409	55.43	28.93	SRR23329748
SRR23329748.8478	1404	55.70	25.43	SRR23329748
SRR23329748.8479	1526	53.41	38.58	SRR23329748
SRR23329748.8480	1436	49.37	92.71	SRR23329748
SRR23329748.8481	1450	59.45	24.95	SRR23329748
SRR23329748.8483	1411	54.71	85.62	SRR23329748
SRR23329748.8484	1424	57.51	30.96	SRR23329748
SRR23329748.8485	1411	55.92	91.55	SRR23329748
SRR23329748.8486	1413	55.48	93.00	SRR23329748
SRR23329748.8487	1444	60.39	93.00	SRR23329748
SRR23329748.8488	1481	49.43	32.21	SRR23329748
SRR23329748.8489	1383	54.88	51.41	SRR23329748
SRR23329748.8490	1475	53.97	86.88	SRR23329748
SRR23329748.8491	1413	50.53	92.28	SRR23329748
SRR23329748.8492	1408	55.82	93.00	SRR23329748
SRR23329748.8493	1447	58.53	20.66	SRR23329748
SRR23329748.8494	1462	56.70	24.18	SRR23329748
SRR23329748.8495	1392	55.46	21.33	SRR23329748
SRR23329748.8496	1407	56.65	93.00	SRR23329748
SRR23329748.8497	1454	51.79	45.36	SRR23329748
SRR23329748.8498	1411	51.81	93.00	SRR23329748
SRR23329748.8499	1446	55.60	55.60	SRR23329748
SRR23329748.8500	1407	55.65	93.00	SRR23329748
SRR23329748.8501	1446	50.76	33.75	SRR23329748
SRR23329748.8502	1483	55.56	32.07	SRR23329748
SRR23329748.8503	1412	55.81	93.00	SRR23329748
SRR23329748.8504	1404	55.56	29.28	SRR23329748
SRR23329748.8505	1460	53.56	92.99	SRR23329748
SRR23329748.8506	1424	56.74	93.00	SRR23329748
SRR23329748.8507	1458	57.27	92.64	SRR23329748
SRR23329748.8508	739	40.19	93.00	SRR23329748
SRR23329748.8509	1442	57.91	91.32	SRR23329748
SRR23329748.8510	1471	52.41	92.60	SRR23329748
SRR23329748.8511	1447	55.84	83.98	SRR23329748
SRR23329748.8512	1406	56.61	37.83	SRR23329748
SRR23329748.8513	1470	57.41	19.99	SRR23329748
SRR23329748.8514	1460	53.56	49.62	SRR23329748
SRR23329748.8515	1411	55.63	93.00	SRR23329748
SRR23329748.8516	1467	49.42	87.29	SRR23329748
SRR23329748.8517	1407	55.65	93.00	SRR23329748
SRR23329748.8518	1384	54.91	34.63	SRR23329748
SRR23329748.8520	1412	53.97	34.32	SRR23329748
SRR23329748.8521	1407	56.08	72.44	SRR23329748
SRR23329748.8522	1405	56.58	28.90	SRR23329748
SRR23329748.8523	1407	55.93	92.98	SRR23329748
SRR23329748.8525	1475	53.97	40.64	SRR23329748
SRR23329748.8526	1475	53.90	39.69	SRR23329748
SRR23329748.8527	1478	54.13	33.63	SRR23329748
SRR23329748.8528	1445	57.85	93.00	SRR23329748
SRR23329748.8529	1475	54.17	31.11	SRR23329748
SRR23329748.8530	1451	59.41	46.18	SRR23329748
SRR23329748.8531	1436	49.44	93.00	SRR23329748
SRR23329748.8532	1401	55.96	23.27	SRR23329748
SRR23329748.8533	1473	54.18	28.00	SRR23329748
SRR23329748.8534	1444	56.86	37.03	SRR23329748
SRR23329748.8535	1481	49.56	54.61	SRR23329748
SRR23329748.8536	1408	55.75	92.99	SRR23329748
SRR23329748.8537	1407	55.65	22.53	SRR23329748
SRR23329748.8538	1467	49.49	50.36	SRR23329748
SRR23329748.8539	1443	56.90	27.13	SRR23329748
SRR23329748.8540	1407	56.08	91.56	SRR23329748
SRR23329748.8541	1428	53.08	78.14	SRR23329748
SRR23329748.8542	1448	55.66	44.59	SRR23329748
SRR23329748.8543	1387	54.58	36.41	SRR23329748
SRR23329748.8544	1488	49.33	93.00	SRR23329748
SRR23329748.8545	1407	55.93	93.00	SRR23329748
SRR23329748.8546	1409	56.64	25.01	SRR23329748
SRR23329748.8547	1442	56.31	29.21	SRR23329748
SRR23329748.8548	1467	57.40	93.00	SRR23329748
SRR23329748.8549	1439	52.47	35.86	SRR23329748
SRR23329748.8550	1488	49.33	34.72	SRR23329748
SRR23329748.8551	1454	51.79	93.00	SRR23329748
SRR23329748.8552	1467	49.35	93.00	SRR23329748
SRR23329748.8553	1442	57.98	93.00	SRR23329748
SRR23329748.8554	1407	56.08	43.45	SRR23329748
SRR23329748.8555	1446	55.60	93.00	SRR23329748
SRR23329748.8556	1475	53.90	93.00	SRR23329748
SRR23329748.8557	1413	55.48	40.39	SRR23329748
SRR23329748.8558	1411	54.71	93.00	SRR23329748
SRR23329748.8559	1410	55.74	27.33	SRR23329748
SRR23329748.8561	1401	55.96	29.02	SRR23329748
SRR23329748.8562	1444	56.72	26.08	SRR23329748
SRR23329748.8563	1405	55.80	28.44	SRR23329748
SRR23329748.8564	1446	55.60	37.54	SRR23329748
SRR23329748.8565	1457	55.04	92.45	SRR23329748
SRR23329748.8566	1469	53.85	29.48	SRR23329748
SRR23329748.8567	1488	49.33	66.79	SRR23329748
SRR23329748.8568	1406	55.62	38.71	SRR23329748
SRR23329748.8569	1470	53.81	30.21	SRR23329748
SRR23329748.8570	1412	55.81	93.00	SRR23329748
SRR23329748.8571	1448	56.63	34.70	SRR23329748
SRR23329748.8572	1475	54.24	42.90	SRR23329748
SRR23329748.8573	1475	53.97	92.99	SRR23329748
SRR23329748.8574	1442	50.55	65.99	SRR23329748
SRR23329748.8576	1387	54.58	84.69	SRR23329748
SRR23329748.8577	1445	55.57	24.45	SRR23329748
SRR23329748.8578	1408	55.75	91.86	SRR23329748
SRR23329748.8579	1437	58.52	92.85	SRR23329748
SRR23329748.8581	1488	49.33	76.60	SRR23329748
SRR23329748.8582	1479	53.96	21.17	SRR23329748
SRR23329748.8584	1437	58.46	62.63	SRR23329748
SRR23329748.8585	1474	49.39	24.08	SRR23329748
SRR23329748.8588	1488	49.33	68.27	SRR23329748
SRR23329748.8589	1467	49.35	93.00	SRR23329748
SRR23329748.8590	1411	54.50	34.27	SRR23329748
SRR23329748.8591	1407	55.93	93.00	SRR23329748
SRR23329748.8592	1412	56.80	93.00	SRR23329748
SRR23329748.8593	1476	53.93	78.23	SRR23329748
SRR23329748.8594	1465	53.99	20.90	SRR23329748
SRR23329748.8595	1436	49.37	92.96	SRR23329748
SRR23329748.8596	1456	58.10	26.40	SRR23329748
SRR23329748.8597	1458	57.20	92.43	SRR23329748
SRR23329748.8598	1446	58.78	93.00	SRR23329748
SRR23329748.8599	1459	52.98	89.79	SRR23329748
SRR23329748.8600	1408	56.68	31.89	SRR23329748
SRR23329748.8602	1407	56.43	58.51	SRR23329748
SRR23329748.8603	1407	56.01	92.99	SRR23329748
SRR23329748.8604	1441	52.39	93.00	SRR23329748
SRR23329748.8605	1473	51.39	73.59	SRR23329748
SRR23329748.8606	1446	55.53	49.46	SRR23329748
SRR23329748.8607	1385	56.46	49.41	SRR23329748
SRR23329748.8608	1473	51.26	39.34	SRR23329748
SRR23329748.8609	1407	56.65	41.47	SRR23329748
SRR23329748.8610	1552	55.86	35.72	SRR23329748
SRR23329748.8611	1460	56.03	93.00	SRR23329748
SRR23329748.8612	1407	55.86	39.65	SRR23329748
SRR23329748.8613	1526	53.34	64.83	SRR23329748
SRR23329748.8614	1475	53.83	33.40	SRR23329748
SRR23329748.8615	1441	52.53	86.76	SRR23329748
SRR23329748.8616	1409	55.78	27.34	SRR23329748
SRR23329748.8617	1475	53.97	44.14	SRR23329748
SRR23329748.8618	1481	49.43	93.00	SRR23329748
SRR23329748.8619	1437	57.41	22.39	SRR23329748
SRR23329748.8620	1479	54.02	29.68	SRR23329748
SRR23329748.8621	1459	52.50	54.51	SRR23329748
SRR23329748.8622	1486	54.17	92.94	SRR23329748
SRR23329748.8623	1455	51.82	37.23	SRR23329748
SRR23329748.8624	1444	56.23	90.56	SRR23329748
SRR23329748.8625	1475	54.24	36.69	SRR23329748
SRR23329748.8626	1555	55.88	26.20	SRR23329748
SRR23329748.8627	1407	55.72	93.00	SRR23329748
SRR23329748.8628	1446	55.46	62.42	SRR23329748
SRR23329748.8629	1407	56.08	93.00	SRR23329748
SRR23329748.8630	1407	56.57	46.94	SRR23329748
SRR23329748.8631	1414	55.87	22.76	SRR23329748
SRR23329748.8632	1484	55.32	92.98	SRR23329748
SRR23329748.8635	1405	55.59	32.50	SRR23329748
SRR23329748.8636	1406	56.54	93.00	SRR23329748
SRR23329748.8637	1407	56.01	93.00	SRR23329748
SRR23329748.8638	1441	57.60	92.88	SRR23329748
SRR23329748.8639	1488	49.26	92.82	SRR23329748
SRR23329748.8640	1407	56.36	93.00	SRR23329748
SRR23329748.8641	1445	53.15	92.98	SRR23329748
SRR23329748.8642	1387	56.09	89.69	SRR23329748
SRR23329748.8643	1415	56.61	26.91	SRR23329748
SRR23329748.8644	1412	56.73	93.00	SRR23329748
SRR23329748.8645	1439	56.36	23.39	SRR23329748
SRR23329748.8647	1423	50.25	93.00	SRR23329748
SRR23329748.8648	1475	54.24	92.69	SRR23329748
SRR23329748.8649	1435	56.17	35.57	SRR23329748
SRR23329748.8650	1485	55.49	40.47	SRR23329748
SRR23329748.8651	1444	58.80	92.99	SRR23329748
SRR23329748.8652	1487	55.28	85.09	SRR23329748
SRR23329748.8654	1407	56.43	31.36	SRR23329748
SRR23329748.8655	1438	58.62	66.90	SRR23329748
SRR23329748.8656	1473	54.24	36.06	SRR23329748
SRR23329748.8657	1477	52.88	36.09	SRR23329748
SRR23329748.8658	1488	49.33	42.52	SRR23329748
SRR23329748.8660	1407	56.08	93.00	SRR23329748
SRR23329748.8661	1458	57.27	40.63	SRR23329748
SRR23329748.8662	1417	56.74	25.07	SRR23329748
SRR23329748.8663	1407	55.72	63.43	SRR23329748
SRR23329748.8664	1454	51.79	92.82	SRR23329748
SRR23329748.8665	1468	53.75	20.38	SRR23329748
SRR23329748.8666	1474	54.27	48.68	SRR23329748
SRR23329748.8667	1475	54.03	51.68	SRR23329748
SRR23329748.8668	1385	55.67	72.85	SRR23329748
SRR23329748.8669	1454	51.72	39.60	SRR23329748
SRR23329748.8670	1412	52.90	30.28	SRR23329748
SRR23329748.8671	1446	55.60	29.76	SRR23329748
SRR23329748.8672	1418	57.40	51.73	SRR23329748
SRR23329748.8673	1467	49.49	39.55	SRR23329748
SRR23329748.8674	1408	56.61	23.22	SRR23329748
SRR23329748.8675	1445	57.85	92.85	SRR23329748
SRR23329748.8676	1409	54.65	33.22	SRR23329748
SRR23329748.8677	1471	51.39	34.38	SRR23329748
SRR23329748.8679	1409	39.18	62.09	SRR23329748
SRR23329748.8680	1475	54.24	38.69	SRR23329748
SRR23329748.8681	1409	56.28	29.20	SRR23329748
SRR23329748.8682	1481	49.56	93.00	SRR23329748
SRR23329748.8684	1445	56.82	92.88	SRR23329748
SRR23329748.8685	1407	55.65	47.48	SRR23329748
SRR23329748.8686	1407	55.58	75.39	SRR23329748
SRR23329748.8687	1407	56.65	92.27	SRR23329748
SRR23329748.8688	1446	55.60	34.26	SRR23329748
SRR23329748.8689	1466	55.46	20.48	SRR23329748
SRR23329748.8690	1475	53.97	39.59	SRR23329748
SRR23329748.8691	1448	55.94	24.61	SRR23329748
SRR23329748.8692	1460	56.16	93.00	SRR23329748
SRR23329748.8693	1407	55.93	40.39	SRR23329748
SRR23329748.8694	1447	55.77	79.87	SRR23329748
SRR23329748.8695	1411	54.71	93.00	SRR23329748
SRR23329748.8696	1417	56.88	23.48	SRR23329748
SRR23329748.8697	1409	54.72	93.00	SRR23329748
SRR23329748.8698	1387	56.38	27.06	SRR23329748
SRR23329748.8699	1474	53.87	34.12	SRR23329748
SRR23329748.8700	1432	57.54	24.77	SRR23329748
SRR23329748.8701	1412	56.73	21.54	SRR23329748
SRR23329748.8702	1406	56.12	51.47	SRR23329748
SRR23329748.8703	1407	56.43	27.46	SRR23329748
SRR23329748.8704	1471	52.48	92.16	SRR23329748
SRR23329748.8705	1475	53.97	91.72	SRR23329748
SRR23329748.8706	1450	50.34	30.04	SRR23329748
SRR23329748.8707	1406	56.61	35.68	SRR23329748
SRR23329748.8708	1475	54.10	34.32	SRR23329748
SRR23329748.8709	1391	54.71	34.89	SRR23329748
SRR23329748.8710	1416	50.56	93.00	SRR23329748
SRR23329748.8711	1444	59.07	92.05	SRR23329748
SRR23329748.8712	1410	54.61	26.46	SRR23329748
SRR23329748.8713	1462	56.16	33.74	SRR23329748
SRR23329748.8714	1413	53.01	30.49	SRR23329748
SRR23329748.8715	1406	56.54	74.42	SRR23329748
SRR23329748.8716	1440	58.33	34.42	SRR23329748
SRR23329748.8717	1385	55.45	63.22	SRR23329748
SRR23329748.8718	1474	54.21	35.71	SRR23329748
SRR23329748.8719	1408	56.61	29.70	SRR23329748
SRR23329748.8720	1465	55.15	41.56	SRR23329748
SRR23329748.8721	1488	55.51	27.08	SRR23329748
SRR23329748.8722	1410	54.61	42.49	SRR23329748
SRR23329748.8723	1396	52.29	93.00	SRR23329748
SRR23329748.8724	1438	53.34	92.68	SRR23329748
SRR23329748.8725	1487	49.29	79.52	SRR23329748
SRR23329748.8726	1468	57.49	33.53	SRR23329748
SRR23329748.8727	1408	55.75	92.43	SRR23329748
SRR23329748.8729	1411	54.64	81.57	SRR23329748
SRR23329748.8730	1445	53.15	51.47	SRR23329748
SRR23329748.8731	1408	56.61	23.46	SRR23329748
SRR23329748.8732	1438	50.63	49.47	SRR23329748
SRR23329748.8733	1459	52.78	40.39	SRR23329748
SRR23329748.8735	1483	49.36	20.57	SRR23329748
SRR23329748.8736	1407	55.65	93.00	SRR23329748
SRR23329748.8737	1487	49.16	21.42	SRR23329748
SRR23329748.8738	1392	55.75	26.35	SRR23329748
SRR23329748.8739	1454	51.79	92.23	SRR23329748
SRR23329748.8740	1454	51.79	60.36	SRR23329748
SRR23329748.8741	1407	55.86	91.67	SRR23329748
SRR23329748.8742	1475	53.97	48.38	SRR23329748
SRR23329748.8743	1475	54.24	93.00	SRR23329748
SRR23329748.8744	1475	54.10	91.43	SRR23329748
SRR23329748.8745	1468	57.56	27.30	SRR23329748
SRR23329748.8746	1442	52.43	33.61	SRR23329748
SRR23329748.8747	1412	56.80	85.84	SRR23329748
SRR23329748.8748	1412	56.80	83.04	SRR23329748
SRR23329748.8750	1475	54.24	91.13	SRR23329748
SRR23329748.8751	1474	53.87	33.79	SRR23329748
SRR23329748.8752	1486	49.26	26.21	SRR23329748
SRR23329748.8754	1460	53.56	35.53	SRR23329748
SRR23329748.8755	1488	49.26	65.81	SRR23329748
SRR23329748.8756	1477	53.49	21.99	SRR23329748
SRR23329748.8757	1409	53.44	93.00	SRR23329748
SRR23329748.8758	1407	56.08	73.30	SRR23329748
SRR23329748.8759	1409	39.32	38.11	SRR23329748
SRR23329748.8760	1448	50.83	25.34	SRR23329748
SRR23329748.8761	1467	57.46	93.00	SRR23329748
SRR23329748.8762	1444	56.79	92.04	SRR23329748
SRR23329748.8763	1470	57.55	34.17	SRR23329748
SRR23329748.8765	1445	58.55	93.00	SRR23329748
SRR23329748.8766	1467	49.35	92.97	SRR23329748
SRR23329748.8767	1438	58.55	32.65	SRR23329748
SRR23329748.8768	1454	51.79	39.37	SRR23329748
SRR23329748.8770	1436	49.44	93.00	SRR23329748
SRR23329748.8771	1375	55.42	20.96	SRR23329748
SRR23329748.8772	1412	56.80	93.00	SRR23329748
SRR23329748.8773	1403	55.95	26.36	SRR23329748
SRR23329748.8774	1467	49.49	28.22	SRR23329748
SRR23329748.8775	1449	56.18	37.61	SRR23329748
SRR23329748.8776	1407	56.79	63.47	SRR23329748
SRR23329748.8777	1408	55.68	67.46	SRR23329748
SRR23329748.8779	1409	58.91	78.34	SRR23329748
SRR23329748.8780	1388	56.63	27.60	SRR23329748
SRR23329748.8781	1442	50.55	93.00	SRR23329748
SRR23329748.8782	1453	57.26	93.00	SRR23329748
SRR23329748.8783	1473	51.19	42.57	SRR23329748
SRR23329748.8784	1415	55.76	32.46	SRR23329748
SRR23329748.8785	1468	49.46	36.66	SRR23329748
SRR23329748.8786	1407	56.65	92.99	SRR23329748
SRR23329748.8788	1407	55.65	86.51	SRR23329748
SRR23329748.8789	1424	56.25	92.74	SRR23329748
SRR23329748.8790	1488	49.33	34.72	SRR23329748
SRR23329748.8791	1412	56.37	20.90	SRR23329748
SRR23329748.8792	1408	48.44	93.00	SRR23329748
SRR23329748.8793	1427	56.34	30.04	SRR23329748
SRR23329748.8794	1389	56.59	52.25	SRR23329748
SRR23329748.8796	1967	55.21	31.40	SRR23329748
SRR23329748.8797	1418	57.19	29.33	SRR23329748
SRR23329748.8798	1407	56.65	90.67	SRR23329748
SRR23329748.8799	1426	54.00	24.22	SRR23329748
SRR23329748.8800	1407	56.65	59.48	SRR23329748
SRR23329748.8801	1478	58.12	51.73	SRR23329748
SRR23329748.8802	1426	45.09	92.95	SRR23329748
SRR23329748.8803	1467	49.42	82.15	SRR23329748
SRR23329748.8804	1411	54.00	44.02	SRR23329748
SRR23329748.8805	1475	54.24	53.17	SRR23329748
SRR23329748.8806	1477	51.32	21.60	SRR23329748
SRR23329748.8807	1408	55.75	93.00	SRR23329748
SRR23329748.8808	1453	56.09	92.91	SRR23329748
SRR23329748.8809	1476	51.15	23.39	SRR23329748
SRR23329748.8810	1404	55.77	67.22	SRR23329748
SRR23329748.8811	1481	49.43	79.00	SRR23329748
SRR23329748.8812	1444	59.07	42.03	SRR23329748
SRR23329748.8813	1407	55.72	93.00	SRR23329748
SRR23329748.8814	1386	54.33	21.31	SRR23329748
SRR23329748.8815	1407	55.58	93.00	SRR23329748
SRR23329748.8816	1444	56.37	83.12	SRR23329748
SRR23329748.8817	1469	49.49	26.62	SRR23329748
SRR23329748.8818	1408	55.61	32.61	SRR23329748
SRR23329748.8819	1410	56.74	25.37	SRR23329748
SRR23329748.8820	1445	57.85	33.72	SRR23329748
SRR23329748.8821	1426	55.75	24.45	SRR23329748
SRR23329748.8822	1473	51.32	56.06	SRR23329748
SRR23329748.8823	1470	52.65	81.33	SRR23329748
SRR23329748.8824	1467	52.69	36.98	SRR23329748
SRR23329748.8825	1391	56.65	27.20	SRR23329748
SRR23329748.8827	1447	55.22	30.88	SRR23329748
SRR23329748.8828	1558	56.10	32.59	SRR23329748
SRR23329748.8829	1407	56.01	37.40	SRR23329748
SRR23329748.8830	1481	49.43	80.02	SRR23329748
SRR23329748.8831	1409	57.06	91.76	SRR23329748
SRR23329748.8832	1410	56.67	21.12	SRR23329748
SRR23329748.8833	1407	55.65	92.95	SRR23329748
SRR23329748.8834	1457	57.52	33.03	SRR23329748
SRR23329748.8835	1440	57.99	42.80	SRR23329748
SRR23329748.8836	1446	55.67	39.11	SRR23329748
SRR23329748.8837	1408	56.39	90.23	SRR23329748
SRR23329748.8838	1375	55.64	21.07	SRR23329748
SRR23329748.8839	1526	53.41	93.00	SRR23329748
SRR23329748.8840	1440	50.56	52.03	SRR23329748
SRR23329748.8841	1412	55.67	22.54	SRR23329748
SRR23329748.8842	1467	49.35	93.00	SRR23329748
SRR23329748.8843	1414	52.90	49.50	SRR23329748
SRR23329748.8844	1388	56.05	93.00	SRR23329748
SRR23329748.8845	1407	55.65	68.47	SRR23329748
SRR23329748.8846	1404	56.05	35.47	SRR23329748
SRR23329748.8847	1410	55.67	29.27	SRR23329748
SRR23329748.8848	1475	54.24	91.36	SRR23329748
SRR23329748.8849	1480	49.39	33.33	SRR23329748
SRR23329748.8850	1412	55.81	92.96	SRR23329748
SRR23329748.8851	1438	56.33	93.00	SRR23329748
SRR23329748.8852	1447	57.84	92.20	SRR23329748
SRR23329748.8853	1407	56.15	93.00	SRR23329748
SRR23329748.8854	1412	56.80	47.79	SRR23329748
SRR23329748.8855	1407	56.65	93.00	SRR23329748
SRR23329748.8856	1475	54.24	92.89	SRR23329748
SRR23329748.8857	1385	55.67	86.72	SRR23329748
SRR23329748.8858	1445	57.79	58.30	SRR23329748
SRR23329748.8859	1453	57.05	83.12	SRR23329748
SRR23329748.8860	1475	53.97	28.85	SRR23329748
SRR23329748.8862	1450	55.38	33.45	SRR23329748
SRR23329748.8863	1485	53.20	32.42	SRR23329748
SRR23329748.8864	1489	49.29	35.69	SRR23329748
SRR23329748.8865	1444	58.38	85.69	SRR23329748
SRR23329748.8867	1407	56.36	62.13	SRR23329748
SRR23329748.8868	1475	54.24	93.00	SRR23329748
SRR23329748.8870	1413	55.56	27.82	SRR23329748
SRR23329748.8871	1407	56.65	35.31	SRR23329748
SRR23329748.8872	1454	51.79	93.00	SRR23329748
SRR23329748.8873	1412	55.81	84.49	SRR23329748
SRR23329748.8874	1485	55.69	51.49	SRR23329748
SRR23329748.8875	1443	59.04	39.22	SRR23329748
SRR23329748.8876	1408	55.75	74.90	SRR23329748
SRR23329748.8877	1407	56.01	93.00	SRR23329748
SRR23329748.8880	1453	55.47	93.00	SRR23329748
SRR23329748.8881	1436	49.44	92.77	SRR23329748
SRR23329748.8882	1383	54.88	93.00	SRR23329748
SRR23329748.8883	1476	51.15	25.41	SRR23329748
SRR23329748.8884	1470	52.65	62.20	SRR23329748
SRR23329748.8885	1412	55.52	33.59	SRR23329748
SRR23329748.8886	1407	56.01	93.00	SRR23329748
SRR23329748.8887	1419	56.73	41.11	SRR23329748
SRR23329748.8888	1455	51.82	26.49	SRR23329748
SRR23329748.8889	1407	56.57	35.25	SRR23329748
SRR23329748.8890	1412	56.59	28.80	SRR23329748
SRR23329748.8891	1407	56.57	46.95	SRR23329748
SRR23329748.8892	1402	56.28	21.08	SRR23329748
SRR23329748.8893	1490	57.58	25.04	SRR23329748
SRR23329748.8894	1411	54.15	93.00	SRR23329748
SRR23329748.8895	1408	55.75	41.49	SRR23329748
SRR23329748.8896	1423	56.99	20.49	SRR23329748
SRR23329748.8897	1407	56.08	61.48	SRR23329748
SRR23329748.8898	1417	56.81	26.58	SRR23329748
SRR23329748.8899	1456	58.17	85.66	SRR23329748
SRR23329748.8900	1408	50.92	93.00	SRR23329748
SRR23329748.8901	1448	52.56	33.38	SRR23329748
SRR23329748.8902	1407	56.43	72.39	SRR23329748
SRR23329748.8903	1444	56.37	48.94	SRR23329748
SRR23329748.8904	1475	54.24	42.40	SRR23329748
SRR23329748.8905	1424	56.32	41.14	SRR23329748
SRR23329748.8906	1488	49.26	92.83	SRR23329748
SRR23329748.8908	1441	58.78	28.52	SRR23329748
SRR23329748.8909	1460	52.47	36.18	SRR23329748
SRR23329748.8910	1407	48.40	31.73	SRR23329748
SRR23329748.8911	1412	56.80	54.36	SRR23329748
SRR23329748.8912	1457	54.91	28.62	SRR23329748
SRR23329748.8913	1410	56.60	21.27	SRR23329748
SRR23329748.8914	1475	54.31	93.00	SRR23329748
SRR23329748.8915	1441	57.25	71.53	SRR23329748
SRR23329748.8916	1408	56.68	74.89	SRR23329748
SRR23329748.8917	1412	55.81	45.46	SRR23329748
SRR23329748.8918	1449	56.52	68.42	SRR23329748
SRR23329748.8919	1475	54.17	36.68	SRR23329748
SRR23329748.8920	1407	56.65	93.00	SRR23329748
SRR23329748.8921	1442	57.84	25.94	SRR23329748
SRR23329748.8922	1385	55.45	92.92	SRR23329748
SRR23329748.8924	1416	56.85	25.97	SRR23329748
SRR23329748.8925	1454	51.93	93.00	SRR23329748
SRR23329748.8926	1475	54.24	90.49	SRR23329748
SRR23329748.8927	1407	55.93	93.00	SRR23329748
SRR23329748.8928	1444	58.03	37.87	SRR23329748
SRR23329748.8929	1412	56.73	78.35	SRR23329748
SRR23329748.8930	1481	49.43	80.22	SRR23329748
SRR23329748.8931	1385	55.60	93.00	SRR23329748
SRR23329748.8932	1437	49.48	27.06	SRR23329748
SRR23329748.8933	1407	56.65	93.00	SRR23329748
SRR23329748.8934	1407	55.93	92.95	SRR23329748
SRR23329748.8935	1411	56.84	33.67	SRR23329748
SRR23329748.8936	1407	55.65	58.90	SRR23329748
SRR23329748.8937	1479	54.02	33.01	SRR23329748
SRR23329748.8938	1487	49.36	34.01	SRR23329748
SRR23329748.8939	1467	49.42	93.00	SRR23329748
SRR23329748.8940	1403	56.02	35.03	SRR23329748
SRR23329748.8941	1488	49.33	37.27	SRR23329748
SRR23329748.8942	1473	51.39	39.01	SRR23329748
SRR23329748.8943	1408	55.75	47.43	SRR23329748
SRR23329748.8944	1411	54.43	91.06	SRR23329748
SRR23329748.8945	1407	56.65	93.00	SRR23329748
SRR23329748.8946	1444	58.86	78.34	SRR23329748
SRR23329748.8947	1454	51.79	61.61	SRR23329748
SRR23329748.8948	1409	53.51	92.95	SRR23329748
SRR23329748.8949	1436	57.80	62.87	SRR23329748
SRR23329748.8950	1488	49.33	93.00	SRR23329748
SRR23329748.8951	1412	56.80	64.49	SRR23329748
SRR23329748.8952	1483	55.43	26.88	SRR23329748
SRR23329748.8953	1488	49.33	49.33	SRR23329748
SRR23329748.8954	1412	56.80	41.47	SRR23329748
SRR23329748.8955	1389	56.59	79.70	SRR23329748
SRR23329748.8956	1459	54.22	41.56	SRR23329748
SRR23329748.8957	1406	56.69	31.18	SRR23329748
SRR23329748.8958	1434	55.44	35.05	SRR23329748
SRR23329748.8959	1410	54.89	41.32	SRR23329748
SRR23329748.8960	1481	49.43	92.72	SRR23329748
SRR23329748.8961	1481	52.80	23.82	SRR23329748
SRR23329748.8962	1446	55.60	86.50	SRR23329748
SRR23329748.8963	1407	56.08	93.00	SRR23329748
SRR23329748.8964	1407	56.01	84.70	SRR23329748
SRR23329748.8965	1479	58.89	93.00	SRR23329748
SRR23329748.8966	1445	58.82	42.58	SRR23329748
SRR23329748.8967	1407	56.65	81.38	SRR23329748
SRR23329748.8968	1473	51.26	83.20	SRR23329748
SRR23329748.8969	1488	49.33	93.00	SRR23329748
SRR23329748.8970	1445	57.85	67.22	SRR23329748
SRR23329748.8971	1411	55.92	93.00	SRR23329748
SRR23329748.8972	1436	49.37	35.52	SRR23329748
SRR23329748.8973	1488	49.33	93.00	SRR23329748
SRR23329748.8974	1482	54.66	92.77	SRR23329748
SRR23329748.8975	1454	50.62	92.86	SRR23329748
SRR23329748.8976	1458	53.57	32.76	SRR23329748
SRR23329748.8977	1408	55.75	93.00	SRR23329748
SRR23329748.8978	1407	55.65	63.15	SRR23329748
SRR23329748.8979	1407	55.65	71.90	SRR23329748
SRR23329748.8980	1458	57.27	89.25	SRR23329748
SRR23329748.8981	1481	54.22	27.70	SRR23329748
SRR23329748.8982	1444	56.23	91.88	SRR23329748
SRR23329748.8983	1451	59.34	79.40	SRR23329748
SRR23329748.8984	1449	56.18	31.74	SRR23329748
SRR23329748.8985	1499	49.37	21.85	SRR23329748
SRR23329748.8986	1460	55.00	55.62	SRR23329748
SRR23329748.8987	1480	55.61	20.64	SRR23329748
SRR23329748.8988	1460	53.56	69.62	SRR23329748
SRR23329748.8989	1407	55.58	93.00	SRR23329748
SRR23329748.8990	1457	55.04	65.08	SRR23329748
SRR23329748.8991	1397	52.25	52.70	SRR23329748
SRR23329748.8992	1406	56.47	22.14	SRR23329748
SRR23329748.8993	1444	58.73	84.38	SRR23329748
SRR23329748.8994	1406	56.61	29.42	SRR23329748
SRR23329748.8996	1467	49.35	92.88	SRR23329748
SRR23329748.8997	1393	56.78	25.61	SRR23329748
SRR23329748.8998	1475	53.90	42.47	SRR23329748
SRR23329748.8999	1459	57.23	73.35	SRR23329748
SRR23329748.9000	1407	56.01	62.46	SRR23329748
SRR23329748.9001	1488	49.33	45.31	SRR23329748
SRR23329748.9002	1473	51.26	93.00	SRR23329748
SRR23329748.9003	1412	56.80	92.98	SRR23329748
SRR23329748.9004	1481	56.99	20.77	SRR23329748
SRR23329748.9005	1467	49.42	79.84	SRR23329748
SRR23329748.9006	1412	55.81	83.04	SRR23329748
SRR23329748.9007	1391	55.50	21.09	SRR23329748
SRR23329748.9008	1407	52.67	72.35	SRR23329748
SRR23329748.9009	1402	56.42	20.31	SRR23329748
SRR23329748.9010	1447	56.67	64.73	SRR23329748
SRR23329748.9012	1475	53.97	93.00	SRR23329748
SRR23329748.9013	1467	49.42	39.23	SRR23329748
SRR23329748.9014	1407	56.65	92.93	SRR23329748
SRR23329748.9015	1406	56.33	83.91	SRR23329748
SRR23329748.9016	1411	55.63	74.60	SRR23329748
SRR23329748.9017	1475	54.17	40.69	SRR23329748
SRR23329748.9019	1493	49.16	24.99	SRR23329748
SRR23329748.9020	1485	51.65	73.71	SRR23329748
SRR23329748.9021	1467	49.49	86.55	SRR23329748
SRR23329748.9022	1405	55.52	25.24	SRR23329748
SRR23329748.9023	1480	55.20	20.68	SRR23329748
SRR23329748.9024	1411	54.64	42.88	SRR23329748
SRR23329748.9025	1470	50.75	43.66	SRR23329748
SRR23329748.9026	1445	57.79	57.32	SRR23329748
SRR23329748.9027	1459	52.50	52.21	SRR23329748
SRR23329748.9028	1488	49.33	93.00	SRR23329748
SRR23329748.9029	1408	48.65	89.31	SRR23329748
SRR23329748.9030	1429	55.21	93.00	SRR23329748
SRR23329748.9031	1484	55.32	91.50	SRR23329748
SRR23329748.9032	1446	55.53	92.75	SRR23329748
SRR23329748.9033	1447	54.87	93.00	SRR23329748
SRR23329748.9034	1449	57.69	30.90	SRR23329748
SRR23329748.9035	1423	50.18	76.11	SRR23329748
SRR23329748.9036	1407	56.57	92.99	SRR23329748
SRR23329748.9037	1409	56.00	32.64	SRR23329748
SRR23329748.9038	1412	55.81	23.89	SRR23329748
SRR23329748.9039	1401	58.53	20.78	SRR23329748
SRR23329748.9040	1488	49.26	93.00	SRR23329748
SRR23329748.9041	1460	53.42	57.82	SRR23329748
SRR23329748.9042	1478	48.31	37.70	SRR23329748
SRR23329748.9043	1413	56.76	35.93	SRR23329748
SRR23329748.9044	1481	49.43	92.09	SRR23329748
SRR23329748.9045	1458	52.54	31.77	SRR23329748
SRR23329748.9046	1407	56.08	30.56	SRR23329748
SRR23329748.9047	2060	36.99	51.07	SRR23329748
SRR23329748.9048	1479	49.43	31.35	SRR23329748
SRR23329748.9049	1475	54.24	93.00	SRR23329748
SRR23329748.9050	1406	55.62	30.28	SRR23329748
SRR23329748.9051	1411	56.77	27.96	SRR23329748
SRR23329748.9052	1474	54.07	29.62	SRR23329748
SRR23329748.9053	1454	51.79	49.87	SRR23329748
SRR23329748.9054	1475	54.24	80.20	SRR23329748
SRR23329748.9055	1433	59.25	93.00	SRR23329748
SRR23329748.9056	1475	53.97	50.30	SRR23329748
SRR23329748.9057	1438	56.33	36.34	SRR23329748
SRR23329748.9058	1412	55.81	93.00	SRR23329748
SRR23329748.9059	1441	56.21	24.19	SRR23329748
SRR23329748.9060	1420	56.41	37.52	SRR23329748
SRR23329748.9061	1409	53.51	92.29	SRR23329748
SRR23329748.9062	1407	55.86	92.95	SRR23329748
SRR23329748.9063	1445	57.65	85.73	SRR23329748
SRR23329748.9064	1454	51.72	57.62	SRR23329748
SRR23329748.9065	1451	57.75	20.83	SRR23329748
SRR23329748.9066	1406	55.69	23.92	SRR23329748
SRR23329748.9067	1407	56.65	91.03	SRR23329748
SRR23329748.9068	1488	49.33	89.90	SRR23329748
SRR23329748.9069	1444	52.35	33.37	SRR23329748
SRR23329748.9070	1481	49.56	76.60	SRR23329748
SRR23329748.9071	1435	56.10	93.00	SRR23329748
SRR23329748.9072	1447	61.23	85.27	SRR23329748
SRR23329748.9075	1488	49.33	52.26	SRR23329748
SRR23329748.9076	1473	51.26	44.95	SRR23329748
SRR23329748.9077	1485	54.14	93.00	SRR23329748
SRR23329748.9078	1396	52.22	36.41	SRR23329748
SRR23329748.9079	1460	53.42	78.45	SRR23329748
SRR23329748.9080	1488	49.33	68.90	SRR23329748
SRR23329748.9081	1459	57.23	29.04	SRR23329748
SRR23329748.9082	1438	56.95	36.83	SRR23329748
SRR23329748.9083	1425	55.65	42.84	SRR23329748
SRR23329748.9084	1454	58.18	92.92	SRR23329748
SRR23329748.9085	1415	55.76	21.38	SRR23329748
SRR23329748.9086	1412	56.80	92.94	SRR23329748
SRR23329748.9087	1475	54.10	86.18	SRR23329748
SRR23329748.9088	1387	55.66	30.70	SRR23329748
SRR23329748.9090	1486	54.17	71.96	SRR23329748
SRR23329748.9091	1475	53.90	93.00	SRR23329748
SRR23329748.9092	1399	55.90	27.70	SRR23329748
SRR23329748.9093	1387	54.58	32.62	SRR23329748
SRR23329748.9094	1407	55.93	92.60	SRR23329748
SRR23329748.9095	1470	52.65	93.00	SRR23329748
SRR23329748.9096	1469	52.69	31.36	SRR23329748
SRR23329748.9097	1413	55.98	30.87	SRR23329748
SRR23329748.9098	1472	54.14	34.26	SRR23329748
SRR23329748.9100	1467	49.49	92.89	SRR23329748
SRR23329748.9101	1481	50.98	34.70	SRR23329748
SRR23329748.9102	1481	49.49	93.00	SRR23329748
SRR23329748.9103	1447	55.84	77.48	SRR23329748
SRR23329748.9104	1466	55.05	57.66	SRR23329748
SRR23329748.9105	1407	56.57	36.18	SRR23329748
SRR23329748.9106	1467	49.28	92.74	SRR23329748
SRR23329748.9107	1453	56.02	93.00	SRR23329748
SRR23329748.9108	1446	56.57	65.23	SRR23329748
SRR23329748.9109	1412	55.74	92.77	SRR23329748
SRR23329748.9111	1475	55.53	62.44	SRR23329748
SRR23329748.9112	1475	54.24	34.38	SRR23329748
SRR23329748.9113	1406	55.62	93.00	SRR23329748
SRR23329748.9114	1447	57.50	92.91	SRR23329748
SRR23329748.9115	1447	56.19	72.57	SRR23329748
SRR23329748.9116	1407	55.58	58.64	SRR23329748
SRR23329748.9117	1489	53.93	92.91	SRR23329748
SRR23329748.9119	1441	59.82	44.59	SRR23329748
SRR23329748.9120	1445	57.85	80.58	SRR23329748
SRR23329748.9122	1446	55.60	93.00	SRR23329748
SRR23329748.9123	1446	55.53	93.00	SRR23329748
SRR23329748.9124	1480	49.26	35.21	SRR23329748
SRR23329748.9125	1475	53.97	47.67	SRR23329748
SRR23329748.9126	1460	53.49	31.10	SRR23329748
SRR23329748.9127	1481	49.56	80.89	SRR23329748
SRR23329748.9128	1444	58.86	93.00	SRR23329748
SRR23329748.9130	1447	55.63	93.00	SRR23329748
SRR23329748.9131	1445	57.85	46.56	SRR23329748
SRR23329748.9132	1409	56.64	33.29	SRR23329748
SRR23329748.9133	1443	59.11	21.49	SRR23329748
SRR23329748.9134	1407	56.15	93.00	SRR23329748
SRR23329748.9135	1411	54.50	51.26	SRR23329748
SRR23329748.9136	1407	56.65	92.98	SRR23329748
SRR23329748.9137	1405	56.51	34.36	SRR23329748
SRR23329748.9138	1420	53.10	20.12	SRR23329748
SRR23329748.9139	1409	54.72	57.43	SRR23329748
SRR23329748.9140	1407	55.86	84.98	SRR23329748
SRR23329748.9141	1437	58.52	93.00	SRR23329748
SRR23329748.9142	1413	56.69	25.27	SRR23329748
SRR23329748.9143	1403	55.95	21.85	SRR23329748
SRR23329748.9144	1407	56.79	92.92	SRR23329748
SRR23329748.9145	1458	53.43	25.93	SRR23329748
SRR23329748.9146	1406	55.97	32.46	SRR23329748
SRR23329748.9147	1474	54.07	28.74	SRR23329748
SRR23329748.9148	1422	57.17	20.83	SRR23329748
SRR23329748.9149	1407	55.86	34.69	SRR23329748
SRR23329748.9150	1444	58.93	46.79	SRR23329748
SRR23329748.9151	1475	53.97	91.62	SRR23329748
SRR23329748.9152	1412	55.81	86.41	SRR23329748
SRR23329748.9153	1433	59.18	39.50	SRR23329748
SRR23329748.9154	1467	49.42	93.00	SRR23329748
SRR23329748.9155	1488	49.33	93.00	SRR23329748
SRR23329748.9156	1445	57.30	64.11	SRR23329748
SRR23329748.9157	1410	56.60	25.81	SRR23329748
SRR23329748.9158	1458	53.70	25.85	SRR23329748
SRR23329748.9159	1488	49.33	78.50	SRR23329748
SRR23329748.9160	1407	55.93	87.04	SRR23329748
SRR23329748.9161	1444	58.86	68.79	SRR23329748
SRR23329748.9162	1407	56.65	30.26	SRR23329748
SRR23329748.9163	1467	49.35	92.46	SRR23329748
SRR23329748.9164	1487	49.29	32.81	SRR23329748
SRR23329748.9165	1423	50.04	92.93	SRR23329748
SRR23329748.9166	1409	56.56	27.30	SRR23329748
SRR23329748.9167	1453	55.75	89.22	SRR23329748
SRR23329748.9168	1460	53.42	92.97	SRR23329748
SRR23329748.9169	1473	51.39	37.34	SRR23329748
SRR23329748.9170	1407	56.65	35.43	SRR23329748
SRR23329748.9171	1458	54.53	35.03	SRR23329748
SRR23329748.9172	1408	55.75	82.43	SRR23329748
SRR23329748.9173	1475	54.17	93.00	SRR23329748
SRR23329748.9174	1446	55.53	93.00	SRR23329748
SRR23329748.9175	1407	55.86	59.47	SRR23329748
SRR23329748.9176	1387	54.58	93.00	SRR23329748
SRR23329748.9177	1408	55.75	92.94	SRR23329748
SRR23329748.9178	1403	52.60	26.92	SRR23329748
SRR23329748.9179	1385	55.74	93.00	SRR23329748
SRR23329748.9180	1455	51.75	25.10	SRR23329748
SRR23329748.9181	1408	56.11	24.38	SRR23329748
SRR23329748.9182	1445	57.85	83.87	SRR23329748
SRR23329748.9183	1411	55.92	68.86	SRR23329748
SRR23329748.9184	1407	56.65	58.83	SRR23329748
SRR23329748.9185	1484	55.26	35.65	SRR23329748
SRR23329748.9186	1475	54.17	64.63	SRR23329748
SRR23329748.9187	1475	54.24	42.04	SRR23329748
SRR23329748.9188	1452	55.72	25.34	SRR23329748
SRR23329748.9189	1405	55.23	32.91	SRR23329748
SRR23329748.9190	1442	50.55	93.00	SRR23329748
SRR23329748.9191	1456	58.93	51.44	SRR23329748
SRR23329748.9192	1409	54.65	92.44	SRR23329748
SRR23329748.9193	1488	49.33	66.66	SRR23329748
SRR23329748.9194	1461	57.08	87.27	SRR23329748
SRR23329748.9195	1407	56.01	61.44	SRR23329748
SRR23329748.9196	1407	55.93	39.29	SRR23329748
SRR23329748.9197	1450	56.41	92.00	SRR23329748
SRR23329748.9198	1467	57.46	42.73	SRR23329748
SRR23329748.9200	1419	55.60	60.30	SRR23329748
SRR23329748.9201	1407	55.93	48.77	SRR23329748
SRR23329748.9202	1493	51.31	21.97	SRR23329748
SRR23329748.9203	1444	58.93	34.21	SRR23329748
SRR23329748.9204	1488	49.33	33.15	SRR23329748
SRR23329748.9205	1446	55.60	70.58	SRR23329748
SRR23329748.9206	1465	52.76	31.21	SRR23329748
SRR23329748.9207	1412	55.81	56.88	SRR23329748
SRR23329748.9208	1485	54.14	93.00	SRR23329748
SRR23329748.9209	1446	56.29	93.00	SRR23329748
SRR23329748.9210	1488	49.33	44.83	SRR23329748
SRR23329748.9211	1445	57.23	55.20	SRR23329748
SRR23329748.9212	1452	57.02	36.49	SRR23329748
SRR23329748.9213	1488	49.33	91.71	SRR23329748
SRR23329748.9214	1408	56.68	27.97	SRR23329748
SRR23329748.9215	1412	54.53	28.14	SRR23329748
SRR23329748.9216	1448	58.77	23.77	SRR23329748
SRR23329748.9217	1411	55.71	26.54	SRR23329748
SRR23329748.9218	1473	51.26	66.67	SRR23329748
SRR23329748.9219	1408	55.68	39.16	SRR23329748
SRR23329748.9220	1472	55.10	92.98	SRR23329748
SRR23329748.9221	1454	53.51	30.10	SRR23329748
SRR23329748.9222	1413	55.56	84.32	SRR23329748
SRR23329748.9223	1421	55.24	20.15	SRR23329748
SRR23329748.9224	1407	56.65	51.95	SRR23329748
SRR23329748.9225	1436	49.37	76.47	SRR23329748
SRR23329748.9226	1551	55.90	30.92	SRR23329748
SRR23329748.9227	1407	56.65	93.00	SRR23329748
SRR23329748.9228	1475	54.03	48.53	SRR23329748
SRR23329748.9229	1440	55.90	36.52	SRR23329748
SRR23329748.9230	1446	57.33	35.19	SRR23329748
SRR23329748.9231	1412	55.74	24.60	SRR23329748
SRR23329748.9232	1458	53.70	86.95	SRR23329748
SRR23329748.9233	1444	58.86	93.00	SRR23329748
SRR23329748.9234	1459	54.01	29.18	SRR23329748
SRR23329748.9235	1472	52.45	23.54	SRR23329748
SRR23329748.9236	1475	54.31	91.73	SRR23329748
SRR23329748.9237	1407	56.01	21.14	SRR23329748
SRR23329748.9239	1412	55.59	93.00	SRR23329748
SRR23329748.9240	1475	53.90	46.05	SRR23329748
SRR23329748.9241	1439	53.44	74.64	SRR23329748
SRR23329748.9242	1412	56.73	52.74	SRR23329748
SRR23329748.9243	1471	54.04	25.56	SRR23329748
SRR23329748.9244	1412	39.38	38.11	SRR23329748
SRR23329748.9245	1407	56.65	33.75	SRR23329748
SRR23329748.9246	1475	54.10	62.33	SRR23329748
SRR23329748.9247	1475	53.97	41.04	SRR23329748
SRR23329748.9248	1478	51.49	23.68	SRR23329748
SRR23329748.9249	1447	55.56	93.00	SRR23329748
SRR23329748.9250	1402	56.21	22.88	SRR23329748
SRR23329748.9251	1442	57.84	46.69	SRR23329748
SRR23329748.9252	1968	55.18	62.94	SRR23329748
SRR23329748.9253	1407	56.08	92.96	SRR23329748
SRR23329748.9254	1462	55.27	20.12	SRR23329748
SRR23329748.9255	1526	53.34	66.78	SRR23329748
SRR23329748.9256	1412	55.88	22.10	SRR23329748
SRR23329748.9257	1447	55.15	93.00	SRR23329748
SRR23329748.9258	1408	56.61	32.61	SRR23329748
SRR23329748.9259	1413	54.64	93.00	SRR23329748
SRR23329748.9260	1443	56.06	44.11	SRR23329748
SRR23329748.9261	1481	55.44	29.13	SRR23329748
SRR23329748.9262	1407	56.57	67.47	SRR23329748
SRR23329748.9263	1488	49.33	36.31	SRR23329748
SRR23329748.9264	1473	52.68	27.61	SRR23329748
SRR23329748.9265	1485	54.14	77.59	SRR23329748
SRR23329748.9266	1438	57.72	25.30	SRR23329748
SRR23329748.9267	1446	58.02	86.47	SRR23329748
SRR23329748.9268	1481	59.76	92.98	SRR23329748
SRR23329748.9269	1383	54.88	93.00	SRR23329748
SRR23329748.9270	1387	54.58	79.39	SRR23329748
SRR23329748.9271	1407	56.79	80.38	SRR23329748
SRR23329748.9272	1408	55.75	92.54	SRR23329748
SRR23329748.9273	1484	55.53	55.91	SRR23329748
SRR23329748.9274	1458	57.75	53.26	SRR23329748
SRR23329748.9275	1407	55.65	44.14	SRR23329748
SRR23329748.9276	1447	57.50	93.00	SRR23329748
SRR23329748.9277	1453	57.05	80.58	SRR23329748
SRR23329748.9279	1488	49.33	81.44	SRR23329748
SRR23329748.9280	1441	54.55	22.53	SRR23329748
SRR23329748.9281	1407	56.72	23.17	SRR23329748
SRR23329748.9282	1448	57.87	20.57	SRR23329748
SRR23329748.9283	1451	55.20	26.17	SRR23329748
SRR23329748.9284	1462	54.24	22.79	SRR23329748
SRR23329748.9285	1474	53.93	43.43	SRR23329748
SRR23329748.9286	1444	60.39	92.85	SRR23329748
SRR23329748.9287	1438	59.11	42.50	SRR23329748
SRR23329748.9288	1408	55.89	21.21	SRR23329748
SRR23329748.9289	1409	56.07	22.91	SRR23329748
SRR23329748.9290	1474	49.93	27.01	SRR23329748
SRR23329748.9291	1407	56.29	93.00	SRR23329748
SRR23329748.9292	1436	56.82	54.54	SRR23329748
SRR23329748.9293	1432	53.70	78.06	SRR23329748
SRR23329748.9294	1446	55.26	33.38	SRR23329748
SRR23329748.9295	1473	51.19	49.68	SRR23329748
SRR23329748.9296	1437	49.34	43.56	SRR23329748
SRR23329748.9297	1413	55.98	49.01	SRR23329748
SRR23329748.9298	1453	54.09	75.78	SRR23329748
SRR23329748.9299	1437	58.52	36.57	SRR23329748
SRR23329748.9300	1449	57.69	92.94	SRR23329748
SRR23329748.9302	1488	49.33	92.86	SRR23329748
SRR23329748.9303	1442	50.49	93.00	SRR23329748
SRR23329748.9304	1420	56.13	93.00	SRR23329748
SRR23329748.9305	1440	58.33	93.00	SRR23329748
SRR23329748.9307	1475	51.32	74.68	SRR23329748
SRR23329748.9308	1439	59.62	93.00	SRR23329748
SRR23329748.9309	1474	54.14	43.88	SRR23329748
SRR23329748.9310	1411	55.71	93.00	SRR23329748
SRR23329748.9311	1407	56.65	70.46	SRR23329748
SRR23329748.9312	1421	52.99	82.15	SRR23329748
SRR23329748.9313	1481	49.36	58.70	SRR23329748
SRR23329748.9314	1468	51.98	20.99	SRR23329748
SRR23329748.9315	1471	54.32	33.38	SRR23329748
SRR23329748.9316	1968	55.18	34.74	SRR23329748
SRR23329748.9317	1459	52.91	38.16	SRR23329748
SRR23329748.9318	1411	55.63	81.17	SRR23329748
SRR23329748.9319	1424	55.41	42.13	SRR23329748
SRR23329748.9320	1407	56.01	93.00	SRR23329748
SRR23329748.9321	1414	47.81	36.32	SRR23329748
SRR23329748.9322	1475	55.53	61.60	SRR23329748
SRR23329748.9323	1467	49.35	93.00	SRR23329748
SRR23329748.9324	1411	56.70	29.79	SRR23329748
SRR23329748.9325	1463	57.35	27.30	SRR23329748
SRR23329748.9326	1407	55.93	45.06	SRR23329748
SRR23329748.9327	1491	49.36	22.80	SRR23329748
SRR23329748.9328	1490	49.33	22.29	SRR23329748
SRR23329748.9329	1481	49.36	93.00	SRR23329748
SRR23329748.9330	1458	53.70	72.60	SRR23329748
SRR23329748.9331	1475	54.24	38.17	SRR23329748
SRR23329748.9332	1454	56.19	25.35	SRR23329748
SRR23329748.9333	1474	53.87	42.50	SRR23329748
SRR23329748.9334	1406	56.61	55.46	SRR23329748
SRR23329748.9335	1472	53.80	27.79	SRR23329748
SRR23329748.9336	1414	53.04	92.98	SRR23329748
SRR23329748.9337	1435	45.44	21.76	SRR23329748
SRR23329748.9338	1456	54.26	28.82	SRR23329748
SRR23329748.9339	1438	56.40	45.56	SRR23329748
SRR23329748.9340	1456	58.93	35.63	SRR23329748
SRR23329748.9341	435	40.23	45.97	SRR23329748
SRR23329748.9342	1407	56.65	93.00	SRR23329748
SRR23329748.9343	1469	57.52	32.13	SRR23329748
SRR23329748.9344	1427	56.27	25.93	SRR23329748
SRR23329748.9345	1469	53.85	21.32	SRR23329748
SRR23329748.9346	1407	56.65	36.28	SRR23329748
SRR23329748.9347	1407	56.65	93.00	SRR23329748
SRR23329748.9348	1380	55.29	41.94	SRR23329748
SRR23329748.9350	1449	55.49	22.75	SRR23329748
SRR23329748.9351	1441	52.60	37.35	SRR23329748
SRR23329748.9352	1488	49.33	39.68	SRR23329748
SRR23329748.9353	1436	58.43	29.64	SRR23329748
SRR23329748.9354	1484	57.14	91.13	SRR23329748
SRR23329748.9355	1431	57.51	92.79	SRR23329748
SRR23329748.9356	1407	55.79	28.99	SRR23329748
SRR23329748.9358	1446	55.60	35.94	SRR23329748
SRR23329748.9359	1408	55.75	92.81	SRR23329748
SRR23329748.9360	1408	55.61	34.64	SRR23329748
SRR23329748.9362	1475	54.17	52.09	SRR23329748
SRR23329748.9363	1458	50.27	92.94	SRR23329748
SRR23329748.9364	1446	58.78	74.54	SRR23329748
SRR23329748.9365	1446	58.78	92.99	SRR23329748
SRR23329748.9366	1480	54.19	21.21	SRR23329748
SRR23329748.9367	1444	58.80	87.96	SRR23329748
SRR23329748.9368	1407	56.08	73.91	SRR23329748
SRR23329748.9369	1488	49.40	93.00	SRR23329748
SRR23329748.9370	1389	56.52	39.20	SRR23329748
SRR23329748.9371	1484	54.11	21.06	SRR23329748
SRR23329748.9372	1407	56.01	36.10	SRR23329748
SRR23329748.9373	1445	57.85	38.91	SRR23329748
SRR23329748.9374	1412	56.73	69.36	SRR23329748
SRR23329748.9375	1484	55.46	69.69	SRR23329748
SRR23329748.9377	1407	55.93	93.00	SRR23329748
SRR23329748.9378	1406	55.69	40.04	SRR23329748
SRR23329748.9380	1467	49.42	50.61	SRR23329748
SRR23329748.9381	1445	55.09	26.47	SRR23329748
SRR23329748.9382	1475	53.97	89.13	SRR23329748
SRR23329748.9383	1453	54.78	62.62	SRR23329748
SRR23329748.9384	1407	56.15	58.45	SRR23329748
SRR23329748.9385	1431	53.60	38.48	SRR23329748
SRR23329748.9386	1389	56.37	92.96	SRR23329748
SRR23329748.9387	1388	54.32	24.05	SRR23329748
SRR23329748.9388	1467	57.40	87.89	SRR23329748
SRR23329748.9389	1435	56.24	87.92	SRR23329748
SRR23329748.9390	1472	57.81	43.00	SRR23329748
SRR23329748.9391	1473	51.19	38.06	SRR23329748
SRR23329748.9392	1447	57.57	91.92	SRR23329748
SRR23329748.9393	1477	52.88	93.00	SRR23329748
SRR23329748.9394	1407	55.93	93.00	SRR23329748
SRR23329748.9395	1432	56.56	20.67	SRR23329748
SRR23329748.9396	1419	55.67	48.64	SRR23329748
SRR23329748.9397	1481	49.43	70.38	SRR23329748
SRR23329748.9398	1478	54.33	31.63	SRR23329748
SRR23329748.9399	1407	56.50	40.36	SRR23329748
SRR23329748.9400	1475	54.24	93.00	SRR23329748
SRR23329748.9401	1407	55.65	93.00	SRR23329748
SRR23329748.9402	1418	55.64	27.32	SRR23329748
SRR23329748.9403	1467	49.42	76.44	SRR23329748
SRR23329748.9404	1420	56.34	26.98	SRR23329748
SRR23329748.9405	1466	49.59	35.43	SRR23329748
SRR23329748.9406	1467	54.94	26.73	SRR23329748
SRR23329748.9407	1460	55.00	93.00	SRR23329748
SRR23329748.9408	1427	57.46	40.90	SRR23329748
SRR23329748.9409	1447	55.15	92.99	SRR23329748
SRR23329748.9410	1415	59.15	22.14	SRR23329748
SRR23329748.9411	1445	50.03	44.57	SRR23329748
SRR23329748.9412	1436	49.37	93.00	SRR23329748
SRR23329748.9413	1433	58.41	24.62	SRR23329748
SRR23329748.9414	1412	55.81	40.19	SRR23329748
SRR23329748.9415	1454	51.72	93.00	SRR23329748
SRR23329748.9416	1471	54.93	25.35	SRR23329748
SRR23329748.9418	1407	55.65	93.00	SRR23329748
SRR23329748.9419	1429	56.89	24.61	SRR23329748
SRR23329748.9420	1488	49.33	93.00	SRR23329748
SRR23329748.9421	1434	50.21	24.51	SRR23329748
SRR23329748.9423	1387	56.02	44.63	SRR23329748
SRR23329748.9424	1424	54.07	38.54	SRR23329748
SRR23329748.9425	1437	56.92	53.28	SRR23329748
SRR23329748.9426	1404	56.70	91.97	SRR23329748
SRR23329748.9427	1407	56.29	41.06	SRR23329748
SRR23329748.9428	1435	60.07	27.92	SRR23329748
SRR23329748.9429	1410	55.74	40.09	SRR23329748
SRR23329748.9430	1408	56.68	38.77	SRR23329748
SRR23329748.9431	1405	56.01	40.88	SRR23329748
SRR23329748.9432	1383	55.82	92.97	SRR23329748
SRR23329748.9433	1482	54.66	38.49	SRR23329748
SRR23329748.9434	1467	49.28	83.68	SRR23329748
SRR23329748.9435	1407	54.66	29.13	SRR23329748
SRR23329748.9436	1436	56.89	35.66	SRR23329748
SRR23329748.9437	1413	56.76	32.39	SRR23329748
SRR23329748.9438	1488	49.26	93.00	SRR23329748
SRR23329748.9439	1446	55.60	64.60	SRR23329748
SRR23329748.9440	1444	56.23	68.57	SRR23329748
SRR23329748.9441	1418	57.33	93.00	SRR23329748
SRR23329748.9442	1421	52.01	53.28	SRR23329748
SRR23329748.9443	1447	56.32	93.00	SRR23329748
SRR23329748.9444	1430	56.64	23.32	SRR23329748
SRR23329748.9445	1447	56.19	92.54	SRR23329748
SRR23329748.9446	1433	57.22	25.40	SRR23329748
SRR23329748.9447	1427	55.64	27.61	SRR23329748
SRR23329748.9448	2701	56.65	20.93	SRR23329748
SRR23329748.9450	1484	55.26	53.68	SRR23329748
SRR23329748.9451	1407	56.79	44.34	SRR23329748
SRR23329748.9453	1454	51.79	69.31	SRR23329748
SRR23329748.9454	1421	56.79	93.00	SRR23329748
SRR23329748.9455	1436	56.41	35.97	SRR23329748
SRR23329748.9456	1473	51.19	39.04	SRR23329748
SRR23329748.9457	1411	54.50	93.00	SRR23329748
SRR23329748.9458	1213	50.21	86.68	SRR23329748
SRR23329748.9459	1458	56.86	93.00	SRR23329748
SRR23329748.9460	1422	56.47	32.40	SRR23329748
SRR23329748.9462	1481	49.43	42.32	SRR23329748
SRR23329748.9463	1407	55.93	61.28	SRR23329748
SRR23329748.9465	1412	56.80	73.93	SRR23329748
SRR23329748.9466	1453	56.99	92.82	SRR23329748
SRR23329748.9467	1407	55.65	47.54	SRR23329748
SRR23329748.9468	1406	56.33	93.00	SRR23329748
SRR23329748.9469	1411	54.50	41.86	SRR23329748
SRR23329748.9470	1493	49.36	24.65	SRR23329748
SRR23329748.9471	1411	56.77	35.49	SRR23329748
SRR23329748.9472	1473	51.19	91.46	SRR23329748
SRR23329748.9473	1412	56.80	92.97	SRR23329748
SRR23329748.9475	1460	53.77	26.29	SRR23329748
SRR23329748.9477	1467	57.26	33.33	SRR23329748
SRR23329748.9478	1467	49.49	85.50	SRR23329748
SRR23329748.9479	1488	49.33	90.34	SRR23329748
SRR23329748.9480	1469	49.29	25.19	SRR23329748
SRR23329748.9481	1385	55.45	37.83	SRR23329748
SRR23329748.9482	1407	55.93	88.49	SRR23329748
SRR23329748.9483	1444	57.27	21.35	SRR23329748
SRR23329748.9484	1459	52.91	93.00	SRR23329748
SRR23329748.9485	1475	51.39	33.66	SRR23329748
SRR23329748.9486	1408	55.97	67.92	SRR23329748
SRR23329748.9487	1436	49.37	46.47	SRR23329748
SRR23329748.9489	1438	56.95	93.00	SRR23329748
SRR23329748.9490	1447	54.87	42.64	SRR23329748
SRR23329748.9491	1411	55.71	29.47	SRR23329748
SRR23329748.9492	1461	53.46	34.64	SRR23329748
SRR23329748.9493	1412	56.80	93.00	SRR23329748
SRR23329748.9494	1436	50.28	65.30	SRR23329748
SRR23329748.9495	1407	56.65	84.91	SRR23329748
SRR23329748.9497	1475	53.90	89.75	SRR23329748
SRR23329748.9498	1407	55.65	75.99	SRR23329748
SRR23329748.9499	1484	55.46	92.99	SRR23329748
SRR23329748.9500	1460	56.23	92.87	SRR23329748
SRR23329748.9501	1407	56.01	67.21	SRR23329748
SRR23329748.9503	1385	55.45	91.01	SRR23329748
SRR23329748.9504	1453	51.75	29.86	SRR23329748
SRR23329748.9505	1445	57.85	67.62	SRR23329748
SRR23329748.9506	1467	49.35	92.93	SRR23329748
SRR23329748.9507	1447	57.57	65.26	SRR23329748
SRR23329748.9508	1414	53.04	92.95	SRR23329748
SRR23329748.9509	1452	56.68	53.62	SRR23329748
SRR23329748.9510	1478	58.86	23.04	SRR23329748
SRR23329748.9511	1461	56.06	76.54	SRR23329748
SRR23329748.9512	1475	54.24	75.56	SRR23329748
SRR23329748.9513	1445	58.13	30.52	SRR23329748
SRR23329748.9515	1407	55.65	24.29	SRR23329748
SRR23329748.9516	1407	55.86	67.30	SRR23329748
SRR23329748.9517	2005	53.82	28.28	SRR23329748
SRR23329748.9518	1407	56.15	93.00	SRR23329748
SRR23329748.9519	1412	56.80	93.00	SRR23329748
SRR23329748.9521	1444	58.31	58.38	SRR23329748
SRR23329748.9522	1489	49.36	29.02	SRR23329748
SRR23329748.9524	1467	57.33	92.56	SRR23329748
SRR23329748.9525	1456	55.29	23.13	SRR23329748
SRR23329748.9526	1483	55.36	56.19	SRR23329748
SRR23329748.9527	1441	54.13	32.66	SRR23329748
SRR23329748.9528	1460	54.93	43.47	SRR23329748
SRR23329748.9529	1412	56.80	93.00	SRR23329748
SRR23329748.9530	1440	49.38	23.93	SRR23329748
SRR23329748.9531	1445	57.85	32.46	SRR23329748
SRR23329748.9532	1454	51.79	93.00	SRR23329748
SRR23329748.9533	1408	56.46	24.38	SRR23329748
SRR23329748.9534	1435	56.79	33.51	SRR23329748
SRR23329748.9535	1456	61.40	21.08	SRR23329748
SRR23329748.9536	1425	54.11	82.63	SRR23329748
SRR23329748.9537	1415	56.75	85.63	SRR23329748
SRR23329748.9538	1435	57.07	24.93	SRR23329748
SRR23329748.9539	1442	58.32	31.46	SRR23329748
SRR23329748.9540	1446	58.23	37.34	SRR23329748
SRR23329748.9542	1388	54.54	26.19	SRR23329748
SRR23329748.9543	1488	49.33	55.73	SRR23329748
SRR23329748.9544	1488	49.33	89.85	SRR23329748
SRR23329748.9545	1408	56.82	23.73	SRR23329748
SRR23329748.9547	1488	49.33	93.00	SRR23329748
SRR23329748.9548	1406	55.83	25.21	SRR23329748
SRR23329748.9549	1407	56.72	22.79	SRR23329748
SRR23329748.9550	1452	56.34	20.36	SRR23329748
SRR23329748.9551	1419	56.73	26.05	SRR23329748
SRR23329748.9552	1459	57.64	45.58	SRR23329748
SRR23329748.9554	1407	55.72	93.00	SRR23329748
SRR23329748.9555	1488	49.33	93.00	SRR23329748
SRR23329748.9556	1489	53.93	76.56	SRR23329748
SRR23329748.9557	1488	49.40	25.06	SRR23329748
SRR23329748.9558	1407	55.58	92.43	SRR23329748
SRR23329748.9559	1449	55.28	92.96	SRR23329748
SRR23329748.9560	1408	55.68	28.93	SRR23329748
SRR23329748.9561	1450	56.00	21.14	SRR23329748
SRR23329748.9563	1442	57.35	93.00	SRR23329748
SRR23329748.9564	1452	54.06	36.55	SRR23329748
SRR23329748.9565	1407	56.01	31.24	SRR23329748
SRR23329748.9566	1466	57.37	53.39	SRR23329748
SRR23329748.9567	1460	55.00	34.20	SRR23329748
SRR23329748.9568	1412	56.80	92.97	SRR23329748
SRR23329748.9569	1459	52.84	65.58	SRR23329748
SRR23329748.9570	1474	54.27	30.53	SRR23329748
SRR23329748.9571	1460	53.56	64.64	SRR23329748
SRR23329748.9572	1442	58.53	47.29	SRR23329748
SRR23329748.9573	1487	49.36	24.31	SRR23329748
SRR23329748.9574	1412	55.81	93.00	SRR23329748
SRR23329748.9575	1445	58.20	93.00	SRR23329748
SRR23329748.9576	1476	54.13	93.00	SRR23329748
SRR23329748.9577	1407	55.93	34.47	SRR23329748
SRR23329748.9578	1443	56.20	34.27	SRR23329748
SRR23329748.9579	1475	54.24	41.63	SRR23329748
SRR23329748.9581	1479	57.61	26.42	SRR23329748
SRR23329748.9583	1406	56.54	34.68	SRR23329748
SRR23329748.9584	1426	56.80	30.63	SRR23329748
SRR23329748.9585	1445	57.79	48.92	SRR23329748
SRR23329748.9586	1475	54.10	92.91	SRR23329748
SRR23329748.9587	1401	50.39	47.01	SRR23329748
SRR23329748.9588	1473	51.39	93.00	SRR23329748
SRR23329748.9589	1411	54.50	92.64	SRR23329748
SRR23329748.9590	1403	55.10	30.35	SRR23329748
SRR23329748.9591	1431	58.35	28.76	SRR23329748
SRR23329748.9592	1409	56.21	93.00	SRR23329748
SRR23329748.9593	1452	50.55	93.00	SRR23329748
SRR23329748.9594	1407	57.29	63.47	SRR23329748
SRR23329748.9595	1454	51.79	93.00	SRR23329748
SRR23329748.9596	1475	53.97	46.33	SRR23329748
SRR23329748.9597	1456	58.86	64.20	SRR23329748
SRR23329748.9598	1164	46.48	91.52	SRR23329748
SRR23329748.9599	1412	55.59	72.00	SRR23329748
SRR23329748.9600	1489	53.93	66.21	SRR23329748
SRR23329748.9601	1475	54.24	77.98	SRR23329748
SRR23329748.9603	1407	56.08	42.46	SRR23329748
SRR23329748.9604	1440	57.99	34.54	SRR23329748
SRR23329748.9605	1407	56.15	74.06	SRR23329748
SRR23329748.9606	1418	54.44	23.47	SRR23329748
SRR23329748.9607	1460	54.25	32.24	SRR23329748
SRR23329748.9608	1454	55.43	28.81	SRR23329748
SRR23329748.9609	1489	53.86	93.00	SRR23329748
SRR23329748.9610	1475	53.90	92.93	SRR23329748
SRR23329748.9613	1408	55.89	45.46	SRR23329748
SRR23329748.9614	1420	56.41	93.00	SRR23329748
SRR23329748.9615	1407	57.36	25.57	SRR23329748
SRR23329748.9617	1406	56.61	25.69	SRR23329748
SRR23329748.9618	1407	55.58	55.18	SRR23329748
SRR23329748.9619	1459	52.50	93.00	SRR23329748
SRR23329748.9620	1440	51.53	48.58	SRR23329748
SRR23329748.9621	1447	54.87	87.72	SRR23329748
SRR23329748.9622	1407	55.72	57.84	SRR23329748
SRR23329748.9623	1413	50.53	93.00	SRR23329748
SRR23329748.9624	1408	59.16	34.61	SRR23329748
SRR23329748.9625	1475	54.10	24.48	SRR23329748
SRR23329748.9626	1475	54.03	51.45	SRR23329748
SRR23329748.9627	1445	57.16	83.13	SRR23329748
SRR23329748.9628	1446	55.60	93.00	SRR23329748
SRR23329748.9629	1407	56.01	62.67	SRR23329748
SRR23329748.9630	1475	53.90	87.31	SRR23329748
SRR23329748.9631	1424	56.74	34.93	SRR23329748
SRR23329748.9634	1456	58.93	93.00	SRR23329748
SRR23329748.9635	1489	53.86	93.00	SRR23329748
SRR23329748.9636	1481	49.56	40.79	SRR23329748
SRR23329748.9637	1407	56.43	73.67	SRR23329748
SRR23329748.9638	1406	55.76	36.40	SRR23329748
SRR23329748.9639	1488	49.26	30.51	SRR23329748
SRR23329748.9643	1407	55.72	52.77	SRR23329748
SRR23329748.9644	1389	55.15	88.83	SRR23329748
SRR23329748.9645	1484	55.39	50.60	SRR23329748
SRR23329748.9646	1413	55.48	25.21	SRR23329748
SRR23329748.9647	1458	53.57	74.01	SRR23329748
SRR23329748.9648	1463	56.19	37.08	SRR23329748
SRR23329748.9650	1388	55.62	93.00	SRR23329748
SRR23329748.9651	1469	52.48	31.89	SRR23329748
SRR23329748.9652	1407	56.43	49.41	SRR23329748
SRR23329748.9653	1451	57.96	92.98	SRR23329748
SRR23329748.9654	1484	55.39	42.60	SRR23329748
SRR23329748.9655	1381	55.47	24.69	SRR23329748
SRR23329748.9656	1475	53.97	74.26	SRR23329748
SRR23329748.9657	1390	56.33	76.00	SRR23329748
SRR23329748.9658	1470	52.59	44.76	SRR23329748
SRR23329748.9659	1419	56.17	24.17	SRR23329748
SRR23329748.9660	1470	52.65	93.00	SRR23329748
SRR23329748.9662	1447	57.50	51.53	SRR23329748
SRR23329748.9663	1406	55.62	34.28	SRR23329748
SRR23329748.9664	1405	50.39	22.77	SRR23329748
SRR23329748.9665	1459	57.57	31.12	SRR23329748
SRR23329748.9666	1379	55.69	25.30	SRR23329748
SRR23329748.9667	1407	55.58	43.56	SRR23329748
SRR23329748.9668	1444	51.39	31.90	SRR23329748
SRR23329748.9670	1442	57.35	43.22	SRR23329748
SRR23329748.9671	1408	55.75	58.69	SRR23329748
SRR23329748.9672	1488	49.26	93.00	SRR23329748
SRR23329748.9673	1472	51.36	33.42	SRR23329748
SRR23329748.9674	1446	56.29	92.76	SRR23329748
SRR23329748.9675	1466	57.37	31.49	SRR23329748
SRR23329748.9677	1469	52.69	34.90	SRR23329748
SRR23329748.9678	1403	56.02	93.00	SRR23329748
SRR23329748.9679	1475	53.90	93.00	SRR23329748
SRR23329748.9680	1466	49.39	32.62	SRR23329748
SRR23329748.9681	1455	51.89	25.76	SRR23329748
SRR23329748.9682	1409	55.57	30.08	SRR23329748
SRR23329748.9683	1442	52.08	87.73	SRR23329748
SRR23329748.9684	1402	55.56	25.75	SRR23329748
SRR23329748.9685	1407	55.86	69.44	SRR23329748
SRR23329748.9686	1407	56.65	76.23	SRR23329748
SRR23329748.9687	1470	52.65	93.00	SRR23329748
SRR23329748.9689	1467	49.35	81.62	SRR23329748
SRR23329748.9690	1407	56.01	46.19	SRR23329748
SRR23329748.9691	1485	55.76	88.56	SRR23329748
SRR23329748.9692	1403	55.52	21.19	SRR23329748
SRR23329748.9693	1467	57.40	34.53	SRR23329748
SRR23329748.9694	1405	55.80	31.36	SRR23329748
SRR23329748.9695	1448	57.67	31.31	SRR23329748
SRR23329748.9696	1442	50.55	28.77	SRR23329748
SRR23329748.9697	1490	53.96	46.32	SRR23329748
SRR23329748.9698	1460	55.00	59.35	SRR23329748
SRR23329748.9699	1483	54.62	44.56	SRR23329748
SRR23329748.9700	1445	53.15	69.58	SRR23329748
SRR23329748.9701	1459	54.22	41.77	SRR23329748
SRR23329748.9702	1432	56.70	68.30	SRR23329748
SRR23329748.9703	1378	54.21	31.84	SRR23329748
SRR23329748.9704	1488	49.33	93.00	SRR23329748
SRR23329748.9705	1396	52.29	84.28	SRR23329748
SRR23329748.9706	1389	56.52	93.00	SRR23329748
SRR23329748.9707	1481	49.49	37.16	SRR23329748
SRR23329748.9708	1407	56.57	92.99	SRR23329748
SRR23329748.9709	1411	55.92	72.93	SRR23329748
SRR23329748.9710	1406	55.19	72.81	SRR23329748
SRR23329748.9711	1476	54.00	25.72	SRR23329748
SRR23329748.9712	1488	49.33	73.67	SRR23329748
SRR23329748.9713	1409	55.64	36.06	SRR23329748
SRR23329748.9714	1471	52.69	86.56	SRR23329748
SRR23329748.9715	1426	45.02	93.00	SRR23329748
SRR23329748.9716	1407	55.86	93.00	SRR23329748
SRR23329748.9717	1400	56.79	25.79	SRR23329748
SRR23329748.9719	1452	55.79	41.03	SRR23329748
SRR23329748.9720	1413	56.55	23.52	SRR23329748
SRR23329748.9721	1442	56.03	28.52	SRR23329748
SRR23329748.9722	1471	55.54	35.67	SRR23329748
SRR23329748.9723	1413	56.83	28.68	SRR23329748
SRR23329748.9724	1407	56.15	53.48	SRR23329748
SRR23329748.9725	1467	49.42	80.17	SRR23329748
SRR23329748.9726	1428	45.31	24.56	SRR23329748
SRR23329748.9727	1480	49.39	33.91	SRR23329748
SRR23329748.9728	1387	56.02	74.35	SRR23329748
SRR23329748.9729	1446	55.60	93.00	SRR23329748
SRR23329748.9730	1479	58.89	92.98	SRR23329748
SRR23329748.9731	1412	56.80	93.00	SRR23329748
SRR23329748.9732	1454	51.72	86.52	SRR23329748
SRR23329748.9733	1408	56.39	30.31	SRR23329748
SRR23329748.9734	1385	56.46	41.91	SRR23329748
SRR23329748.9735	1460	55.89	82.60	SRR23329748
SRR23329748.9737	1475	53.90	22.69	SRR23329748
SRR23329748.9738	1405	56.09	32.27	SRR23329748
SRR23329748.9739	1480	49.39	46.44	SRR23329748
SRR23329748.9740	1481	49.43	60.55	SRR23329748
SRR23329748.9741	1413	55.77	35.03	SRR23329748
SRR23329748.9742	1411	54.43	66.45	SRR23329748
SRR23329748.9743	1453	57.12	30.22	SRR23329748
SRR23329748.9744	1407	55.79	32.10	SRR23329748
SRR23329748.9745	1446	58.51	81.98	SRR23329748
SRR23329748.9746	1475	54.03	72.37	SRR23329748
SRR23329748.9747	1451	59.34	37.88	SRR23329748
SRR23329748.9749	1447	54.87	92.55	SRR23329748
SRR23329748.9750	1481	49.56	70.68	SRR23329748
SRR23329748.9751	1479	50.78	23.13	SRR23329748
SRR23329748.9752	1407	56.65	52.03	SRR23329748
SRR23329748.9753	1403	55.95	92.98	SRR23329748
SRR23329748.9754	1473	51.39	38.19	SRR23329748
SRR23329748.9755	1398	56.01	21.85	SRR23329748
SRR23329748.9756	1485	55.76	93.00	SRR23329748
SRR23329748.9757	1470	52.65	79.70	SRR23329748
SRR23329748.9758	1444	57.48	23.05	SRR23329748
SRR23329748.9759	1407	55.93	93.00	SRR23329748
SRR23329748.9761	1416	56.71	22.65	SRR23329748
SRR23329748.9762	1445	57.85	87.58	SRR23329748
SRR23329748.9763	1475	54.24	35.68	SRR23329748
SRR23329748.9764	1472	49.59	28.53	SRR23329748
SRR23329748.9765	1442	56.24	40.55	SRR23329748
SRR23329748.9766	1411	56.77	28.67	SRR23329748
SRR23329748.9767	1407	56.65	92.99	SRR23329748
SRR23329748.9768	1425	55.72	52.56	SRR23329748
SRR23329748.9769	1434	58.44	30.89	SRR23329748
SRR23329748.9770	1400	50.29	33.57	SRR23329748
SRR23329748.9771	1460	53.42	43.00	SRR23329748
SRR23329748.9772	1440	55.42	28.11	SRR23329748
SRR23329748.9773	1441	53.30	40.59	SRR23329748
SRR23329748.9774	1475	53.90	38.19	SRR23329748
SRR23329748.9775	1407	55.65	38.02	SRR23329748
SRR23329748.9776	1467	49.35	93.00	SRR23329748
SRR23329748.9777	1461	55.99	25.25	SRR23329748
SRR23329748.9778	1407	56.01	38.34	SRR23329748
SRR23329748.9779	1484	55.39	31.37	SRR23329748
SRR23329748.9780	1424	55.69	57.34	SRR23329748
SRR23329748.9781	1424	54.14	87.88	SRR23329748
SRR23329748.9782	1484	54.38	22.23	SRR23329748
SRR23329748.9783	1445	57.85	36.02	SRR23329748
SRR23329748.9784	1471	49.42	24.11	SRR23329748
SRR23329748.9785	1412	57.15	39.44	SRR23329748
SRR23329748.9786	1406	56.69	22.53	SRR23329748
SRR23329748.9787	1373	59.80	49.81	SRR23329748
SRR23329748.9788	1443	57.66	27.51	SRR23329748
SRR23329748.9789	1407	56.50	93.00	SRR23329748
SRR23329748.9790	1473	51.26	43.68	SRR23329748
SRR23329748.9791	1420	56.13	92.88	SRR23329748
SRR23329748.9792	1447	56.67	93.00	SRR23329748
SRR23329748.9793	1488	54.57	25.13	SRR23329748
SRR23329748.9794	1968	55.13	30.59	SRR23329748
SRR23329748.9795	1467	56.92	55.06	SRR23329748
SRR23329748.9796	1417	50.95	92.17	SRR23329748
SRR23329748.9797	1407	55.65	63.34	SRR23329748
SRR23329748.9798	1407	55.65	36.61	SRR23329748
SRR23329748.9799	1414	55.87	28.41	SRR23329748
SRR23329748.9800	1408	48.44	58.41	SRR23329748
SRR23329748.9801	1407	56.65	93.00	SRR23329748
SRR23329748.9802	1467	49.35	93.00	SRR23329748
SRR23329748.9803	1385	55.67	43.10	SRR23329748
SRR23329748.9804	1475	53.97	57.60	SRR23329748
SRR23329748.9805	1474	54.07	75.99	SRR23329748
SRR23329748.9806	1407	56.57	61.39	SRR23329748
SRR23329748.9807	1498	49.20	20.44	SRR23329748
SRR23329748.9808	1464	52.87	87.20	SRR23329748
SRR23329748.9809	1446	55.19	32.82	SRR23329748
SRR23329748.9810	1414	47.81	93.00	SRR23329748
SRR23329748.9811	1445	57.85	92.98	SRR23329748
SRR23329748.9812	1464	52.87	77.53	SRR23329748
SRR23329748.9813	1409	55.07	32.50	SRR23329748
SRR23329748.9814	1412	55.52	42.46	SRR23329748
SRR23329748.9815	1442	52.15	93.00	SRR23329748
SRR23329748.9816	1481	49.43	53.97	SRR23329748
SRR23329748.9817	1446	57.61	30.40	SRR23329748
SRR23329748.9818	1467	49.28	93.00	SRR23329748
SRR23329748.9819	1407	56.65	88.66	SRR23329748
SRR23329748.9820	1408	55.82	50.91	SRR23329748
SRR23329748.9821	1424	56.25	92.59	SRR23329748
SRR23329748.9822	1407	55.93	93.00	SRR23329748
SRR23329748.9823	1405	55.44	29.38	SRR23329748
SRR23329748.9825	1447	55.22	92.47	SRR23329748
SRR23329748.9826	1458	58.23	86.53	SRR23329748
SRR23329748.9827	1484	55.39	92.97	SRR23329748
SRR23329748.9828	1489	53.93	81.43	SRR23329748
SRR23329748.9829	1407	55.65	92.95	SRR23329748
SRR23329748.9830	1410	56.67	31.12	SRR23329748
SRR23329748.9831	1407	56.08	92.90	SRR23329748
SRR23329748.9832	1408	55.75	92.54	SRR23329748
SRR23329748.9833	1407	55.79	92.97	SRR23329748
SRR23329748.9834	1487	55.28	91.97	SRR23329748
SRR23329748.9835	1454	51.79	72.89	SRR23329748
SRR23329748.9837	1421	54.19	92.43	SRR23329748
SRR23329748.9838	1407	54.37	20.45	SRR23329748
SRR23329748.9839	1438	58.48	26.48	SRR23329748
SRR23329748.9840	1385	55.67	54.41	SRR23329748
SRR23329748.9841	1459	54.01	34.19	SRR23329748
SRR23329748.9842	1408	55.89	29.62	SRR23329748
SRR23329748.9843	1435	53.66	29.71	SRR23329748
SRR23329748.9844	1467	49.49	69.29	SRR23329748
SRR23329748.9845	1468	57.43	47.66	SRR23329748
SRR23329748.9846	1440	50.14	21.52	SRR23329748
SRR23329748.9847	1423	50.18	93.00	SRR23329748
SRR23329748.9848	1478	52.30	20.72	SRR23329748
SRR23329748.9849	1475	53.90	92.65	SRR23329748
SRR23329748.9850	1439	58.23	21.77	SRR23329748
SRR23329748.9851	1473	51.26	92.56	SRR23329748
SRR23329748.9852	1488	49.33	60.25	SRR23329748
SRR23329748.9853	1389	56.52	93.00	SRR23329748
SRR23329748.9854	1432	57.68	29.81	SRR23329748
SRR23329748.9855	1416	56.71	21.57	SRR23329748
SRR23329748.9856	1383	54.88	77.78	SRR23329748
SRR23329748.9857	1406	55.90	45.07	SRR23329748
SRR23329748.9858	1491	55.20	23.60	SRR23329748
SRR23329748.9859	1443	54.12	92.90	SRR23329748
SRR23329748.9860	1472	51.22	38.33	SRR23329748
SRR23329748.9861	1475	53.97	51.43	SRR23329748
SRR23329748.9862	1473	51.32	36.85	SRR23329748
SRR23329748.9863	1470	52.65	66.26	SRR23329748
SRR23329748.9864	1454	56.40	29.16	SRR23329748
SRR23329748.9865	1408	55.61	29.16	SRR23329748
SRR23329748.9866	1481	49.43	34.76	SRR23329748
SRR23329748.9867	1458	57.20	55.19	SRR23329748
SRR23329748.9868	1435	56.17	31.96	SRR23329748
SRR23329748.9869	1408	55.75	93.00	SRR23329748
SRR23329748.9870	1410	54.47	49.49	SRR23329748
SRR23329748.9871	1407	56.65	91.06	SRR23329748
SRR23329748.9872	1487	54.20	35.83	SRR23329748
SRR23329748.9873	1473	51.26	92.98	SRR23329748
SRR23329748.9874	1407	55.72	73.43	SRR23329748
SRR23329748.9875	1412	56.80	33.40	SRR23329748
SRR23329748.9876	1387	56.02	55.41	SRR23329748
SRR23329748.9877	1474	53.93	28.73	SRR23329748
SRR23329748.9878	1421	56.72	93.00	SRR23329748
SRR23329748.9879	1406	55.90	49.18	SRR23329748
SRR23329748.9881	1442	50.55	38.95	SRR23329748
SRR23329748.9882	1411	56.56	27.36	SRR23329748
SRR23329748.9883	1406	55.90	57.92	SRR23329748
SRR23329748.9884	1488	49.26	93.00	SRR23329748
SRR23329748.9885	1425	53.89	22.92	SRR23329748
SRR23329748.9886	1450	57.24	92.73	SRR23329748
SRR23329748.9887	1446	55.60	92.92	SRR23329748
SRR23329748.9888	1407	56.57	32.66	SRR23329748
SRR23329748.9890	1407	55.65	38.67	SRR23329748
SRR23329748.9891	1460	55.00	92.09	SRR23329748
SRR23329748.9892	1437	56.92	36.82	SRR23329748
SRR23329748.9893	1470	49.32	27.78	SRR23329748
SRR23329748.9894	1467	59.17	93.00	SRR23329748
SRR23329748.9895	1447	55.29	76.73	SRR23329748
SRR23329748.9896	1484	54.99	29.02	SRR23329748
SRR23329748.9897	1427	56.20	52.69	SRR23329748
SRR23329748.9898	1472	51.29	42.30	SRR23329748
SRR23329748.9899	1420	57.68	93.00	SRR23329748
SRR23329748.9900	1488	49.33	56.61	SRR23329748
SRR23329748.9901	1478	48.31	76.24	SRR23329748
SRR23329748.9902	1474	53.93	32.78	SRR23329748
SRR23329748.9903	1453	55.47	69.08	SRR23329748
SRR23329748.9904	1475	49.29	22.51	SRR23329748
SRR23329748.9905	1406	56.61	53.48	SRR23329748
SRR23329748.9906	1463	52.77	51.16	SRR23329748
SRR23329748.9907	1468	53.88	24.99	SRR23329748
SRR23329748.9908	1447	55.63	87.17	SRR23329748
SRR23329748.9909	1412	55.59	39.50	SRR23329748
SRR23329748.9910	1410	56.17	30.95	SRR23329748
SRR23329748.9911	1408	55.75	93.00	SRR23329748
SRR23329748.9912	1412	56.80	93.00	SRR23329748
SRR23329748.9913	1467	57.40	73.00	SRR23329748
SRR23329748.9914	1488	49.33	93.00	SRR23329748
SRR23329748.9915	1385	55.45	49.15	SRR23329748
SRR23329748.9916	1407	55.51	92.94	SRR23329748
SRR23329748.9917	1407	55.65	42.48	SRR23329748
SRR23329748.9918	1388	55.55	92.38	SRR23329748
SRR23329748.9919	1409	58.84	54.24	SRR23329748
SRR23329748.9920	1407	56.08	37.75	SRR23329748
SRR23329748.9921	1411	54.71	49.32	SRR23329748
SRR23329748.9922	1440	56.94	29.46	SRR23329748
SRR23329748.9924	1422	59.35	91.81	SRR23329748
SRR23329748.9925	1473	51.26	81.37	SRR23329748
SRR23329748.9926	1474	53.87	81.18	SRR23329748
SRR23329748.9927	1554	55.92	92.53	SRR23329748
SRR23329748.9928	1385	56.03	22.84	SRR23329748
SRR23329748.9929	1473	51.32	92.95	SRR23329748
SRR23329748.9930	1409	58.91	58.50	SRR23329748
SRR23329748.9933	1480	53.99	24.96	SRR23329748
SRR23329748.9934	1476	51.36	32.02	SRR23329748
SRR23329748.9935	1436	56.82	52.38	SRR23329748
SRR23329748.9936	1442	57.28	26.78	SRR23329748
SRR23329748.9937	1402	56.42	20.60	SRR23329748
SRR23329748.9938	1406	55.12	27.41	SRR23329748
SRR23329748.9940	1407	56.57	93.00	SRR23329748
SRR23329748.9941	1481	49.43	28.31	SRR23329748
SRR23329748.9942	1433	57.43	20.89	SRR23329748
SRR23329748.9943	1379	54.24	30.90	SRR23329748
SRR23329748.9944	1406	56.61	57.40	SRR23329748
SRR23329748.9945	1455	55.74	21.47	SRR23329748
SRR23329748.9946	1477	52.88	82.71	SRR23329748
SRR23329748.9947	1441	52.60	91.08	SRR23329748
SRR23329748.9948	1390	52.16	26.11	SRR23329748
SRR23329748.9949	1473	51.26	93.00	SRR23329748
SRR23329748.9950	1403	56.02	83.69	SRR23329748
SRR23329748.9951	1488	49.33	93.00	SRR23329748
SRR23329748.9952	1446	58.78	68.59	SRR23329748
SRR23329748.9953	1479	54.09	24.25	SRR23329748
SRR23329748.9954	1467	49.49	92.88	SRR23329748
SRR23329748.9955	1409	59.19	52.07	SRR23329748
SRR23329748.9956	1407	55.79	26.62	SRR23329748
SRR23329748.9957	1438	56.54	45.41	SRR23329748
SRR23329748.9958	1459	54.22	93.00	SRR23329748
SRR23329748.9959	1467	57.46	44.87	SRR23329748
SRR23329748.9960	1465	55.09	55.65	SRR23329748
SRR23329748.9961	1410	56.45	31.41	SRR23329748
SRR23329748.9962	1410	56.10	22.60	SRR23329748
SRR23329748.9965	1436	49.37	93.00	SRR23329748
SRR23329748.9966	1517	54.91	43.43	SRR23329748
SRR23329748.9967	1488	49.33	92.50	SRR23329748
SRR23329748.9968	1467	49.49	63.65	SRR23329748
SRR23329748.9969	1460	53.56	40.15	SRR23329748
SRR23329748.9970	1407	55.65	32.23	SRR23329748
SRR23329748.9971	1427	55.43	93.00	SRR23329748
SRR23329748.9972	1473	51.26	93.00	SRR23329748
SRR23329748.9973	1475	53.97	93.00	SRR23329748
SRR23329748.9974	1420	54.23	46.42	SRR23329748
SRR23329748.9975	1407	56.65	53.43	SRR23329748
SRR23329748.9976	1440	57.36	92.00	SRR23329748
SRR23329748.9977	1488	49.33	93.00	SRR23329748
SRR23329748.9978	1475	54.17	93.00	SRR23329748
SRR23329748.9979	1386	54.91	28.11	SRR23329748
SRR23329748.9980	1468	49.32	34.65	SRR23329748
SRR23329748.9981	1477	52.88	93.00	SRR23329748
SRR23329748.9982	1411	57.12	49.36	SRR23329748
SRR23329748.9983	1475	52.81	29.90	SRR23329748
SRR23329748.9984	1407	56.01	50.28	SRR23329748
SRR23329748.9985	1473	54.11	29.88	SRR23329748
SRR23329748.9986	1458	57.48	73.05	SRR23329748
SRR23329748.9987	1385	55.67	60.05	SRR23329748
SRR23329748.9989	1430	55.24	20.75	SRR23329748
SRR23329748.9990	1481	49.36	24.11	SRR23329748
SRR23329748.9991	1477	52.88	92.99	SRR23329748
SRR23329748.9992	1486	54.37	92.98	SRR23329748
SRR23329748.9993	1452	57.99	34.62	SRR23329748
SRR23329748.9994	1405	56.58	38.22	SRR23329748
SRR23329748.9995	1445	57.85	91.97	SRR23329748
SRR23329748.9996	1445	56.33	93.00	SRR23329748
SRR23329748.9997	1407	55.65	93.00	SRR23329748
SRR23329748.9998	1407	56.65	91.91	SRR23329748
SRR23329748.9999	1445	57.85	93.00	SRR23329748
SRR23329748.10000	1474	49.66	23.67	SRR23329748
SRR23329748.10001	1410	56.74	28.88	SRR23329748
SRR23329748.10002	1408	55.75	21.84	SRR23329748
SRR23329748.10003	1425	57.33	22.90	SRR23329748
SRR23329748.10004	1473	51.26	93.00	SRR23329748
SRR23329748.10005	1411	51.74	92.79	SRR23329748
SRR23329748.10006	1407	56.08	47.68	SRR23329748
SRR23329748.10007	1407	55.86	88.26	SRR23329748
SRR23329748.10008	1437	58.46	58.57	SRR23329748
SRR23329748.10010	1423	50.04	58.51	SRR23329748
SRR23329748.10011	1488	49.33	93.00	SRR23329748
SRR23329748.10012	1408	59.16	27.55	SRR23329748
SRR23329748.10013	1473	54.18	34.45	SRR23329748
SRR23329748.10014	1474	54.07	86.72	SRR23329748
SRR23329748.10015	1477	52.88	43.79	SRR23329748
SRR23329748.10016	1474	51.15	24.35	SRR23329748
SRR23329748.10018	1475	54.24	93.00	SRR23329748
SRR23329748.10019	1474	54.07	92.86	SRR23329748
SRR23329748.10021	1484	55.39	56.60	SRR23329748
SRR23329748.10022	1412	54.96	33.84	SRR23329748
SRR23329748.10023	1478	52.03	88.88	SRR23329748
SRR23329748.10024	1391	55.21	32.80	SRR23329748
SRR23329748.10025	1436	49.44	53.44	SRR23329748
SRR23329748.10026	1407	56.65	93.00	SRR23329748
SRR23329748.10027	1446	56.29	73.49	SRR23329748
SRR23329748.10028	1444	56.23	34.13	SRR23329748
SRR23329748.10029	1460	52.60	25.48	SRR23329748
SRR23329748.10030	1487	49.29	33.97	SRR23329748
SRR23329748.10031	1450	57.66	32.85	SRR23329748
SRR23329748.10032	1456	58.93	68.57	SRR23329748
SRR23329748.10033	1407	56.65	64.45	SRR23329748
SRR23329748.10034	1409	54.51	33.24	SRR23329748
SRR23329748.10035	1389	56.44	25.12	SRR23329748
SRR23329748.10036	1477	54.30	30.69	SRR23329748
SRR23329748.10037	1460	53.56	92.94	SRR23329748
SRR23329748.10038	1480	49.53	32.61	SRR23329748
SRR23329748.10039	1439	50.73	44.45	SRR23329748
SRR23329748.10040	1397	52.25	93.00	SRR23329748
SRR23329748.10041	1478	54.26	28.63	SRR23329748
SRR23329748.10042	1407	56.43	48.42	SRR23329748
SRR23329748.10043	1411	55.92	52.68	SRR23329748
SRR23329748.10044	1444	58.93	92.94	SRR23329748
SRR23329748.10045	1459	52.91	92.85	SRR23329748
SRR23329748.10046	1403	55.74	36.81	SRR23329748
SRR23329748.10047	1409	54.44	26.55	SRR23329748
SRR23329748.10048	1488	49.19	30.01	SRR23329748
SRR23329748.10049	1407	56.65	81.84	SRR23329748
SRR23329748.10050	1412	56.80	83.03	SRR23329748
SRR23329748.10051	1467	49.35	88.01	SRR23329748
SRR23329748.10052	1488	54.37	32.80	SRR23329748
SRR23329748.10055	1485	55.89	30.36	SRR23329748
SRR23329748.10056	1407	55.65	73.88	SRR23329748
SRR23329748.10057	1493	55.59	20.16	SRR23329748
SRR23329748.10058	1408	56.53	30.23	SRR23329748
SRR23329748.10059	1475	55.46	52.57	SRR23329748
SRR23329748.10060	1407	56.65	83.02	SRR23329748
SRR23329748.10061	1385	55.45	38.21	SRR23329748
SRR23329748.10062	1406	56.61	29.87	SRR23329748
SRR23329748.10063	1458	57.27	38.06	SRR23329748
SRR23329748.10064	1407	55.58	93.00	SRR23329748
SRR23329748.10065	1447	55.77	32.73	SRR23329748
SRR23329748.10066	1475	53.97	93.00	SRR23329748
SRR23329748.10067	1475	54.10	93.00	SRR23329748
SRR23329748.10068	1458	50.96	93.00	SRR23329748
SRR23329748.10069	1412	56.80	92.98	SRR23329748
SRR23329748.10070	1449	56.04	93.00	SRR23329748
SRR23329748.10071	1441	52.53	92.99	SRR23329748
SRR23329748.10072	1495	53.98	20.60	SRR23329748
SRR23329748.10073	1411	59.11	26.49	SRR23329748
SRR23329748.10074	1407	56.08	93.00	SRR23329748
SRR23329748.10075	1424	55.62	92.43	SRR23329748
SRR23329748.10076	1454	57.08	30.37	SRR23329748
SRR23329748.10077	1436	53.48	81.67	SRR23329748
SRR23329748.10078	1478	59.13	23.26	SRR23329748
SRR23329748.10079	1471	52.48	38.53	SRR23329748
SRR23329748.10080	1483	53.88	21.65	SRR23329748
SRR23329748.10081	1405	55.52	27.86	SRR23329748
SRR23329748.10082	1484	49.46	24.45	SRR23329748
SRR23329748.10083	1406	56.47	28.84	SRR23329748
SRR23329748.10084	1485	55.82	92.89	SRR23329748
SRR23329748.10085	1473	51.26	89.28	SRR23329748
SRR23329748.10086	1406	56.54	93.00	SRR23329748
SRR23329748.10087	1407	55.65	39.47	SRR23329748
SRR23329748.10089	1387	56.45	30.01	SRR23329748
SRR23329748.10090	1493	49.36	30.78	SRR23329748
SRR23329748.10091	1492	49.53	24.40	SRR23329748
SRR23329748.10092	1472	51.43	33.75	SRR23329748
SRR23329748.10093	1385	55.45	68.40	SRR23329748
SRR23329748.10094	1500	49.20	22.87	SRR23329748
SRR23329748.10095	1407	55.65	29.59	SRR23329748
SRR23329748.10096	1475	53.90	74.54	SRR23329748
SRR23329748.10097	1418	57.33	90.68	SRR23329748
SRR23329748.10099	1498	54.07	20.53	SRR23329748
SRR23329748.10100	1407	55.93	57.77	SRR23329748
SRR23329748.10101	1412	56.30	25.24	SRR23329748
SRR23329748.10102	1407	56.65	68.46	SRR23329748
SRR23329748.10103	1479	58.89	91.73	SRR23329748
SRR23329748.10104	1444	59.07	93.00	SRR23329748
SRR23329748.10105	1451	55.69	32.04	SRR23329748
SRR23329748.10106	1475	54.24	80.86	SRR23329748
SRR23329748.10107	1477	54.16	29.79	SRR23329748
SRR23329748.10108	1420	56.41	23.01	SRR23329748
SRR23329748.10109	1446	55.67	35.60	SRR23329748
SRR23329748.10111	1467	49.35	35.13	SRR23329748
SRR23329748.10112	1487	55.41	25.24	SRR23329748
SRR23329748.10113	1442	58.04	76.21	SRR23329748
SRR23329748.10114	1411	54.50	92.79	SRR23329748
SRR23329748.10116	1457	52.30	22.14	SRR23329748
SRR23329748.10117	1408	55.97	21.80	SRR23329748
SRR23329748.10118	1410	55.60	38.49	SRR23329748
SRR23329748.10119	1464	49.39	24.64	SRR23329748
SRR23329748.10120	1445	57.85	30.51	SRR23329748
SRR23329748.10121	1437	49.34	31.94	SRR23329748
SRR23329748.10122	1466	49.45	31.81	SRR23329748
SRR23329748.10123	1470	53.95	27.83	SRR23329748
SRR23329748.10124	1475	54.03	90.32	SRR23329748
SRR23329748.10125	1467	49.35	93.00	SRR23329748
SRR23329748.10126	1475	53.97	33.57	SRR23329748
SRR23329748.10127	1471	52.48	42.63	SRR23329748
SRR23329748.10128	1407	56.01	37.27	SRR23329748
SRR23329748.10129	1407	56.29	93.00	SRR23329748
SRR23329748.10130	1444	58.38	51.59	SRR23329748
SRR23329748.10131	1407	55.86	31.63	SRR23329748
SRR23329748.10132	1416	55.37	22.38	SRR23329748
SRR23329748.10133	1414	54.53	27.95	SRR23329748
SRR23329748.10134	1476	52.98	29.00	SRR23329748
SRR23329748.10135	1425	55.72	89.20	SRR23329748
SRR23329748.10136	1482	44.13	36.53	SRR23329748
SRR23329748.10137	1460	53.49	37.24	SRR23329748
SRR23329748.10138	1381	55.32	21.54	SRR23329748
SRR23329748.10139	1407	56.01	60.31	SRR23329748
SRR23329748.10140	1436	49.37	93.00	SRR23329748
SRR23329748.10141	1478	51.69	20.76	SRR23329748
SRR23329748.10142	1407	55.65	93.00	SRR23329748
SRR23329748.10143	1453	57.05	44.80	SRR23329748
SRR23329748.10144	1473	51.39	93.00	SRR23329748
SRR23329748.10145	1454	51.79	93.00	SRR23329748
SRR23329748.10146	1407	56.65	92.96	SRR23329748
SRR23329748.10147	1464	55.40	30.78	SRR23329748
SRR23329748.10148	1488	49.40	93.00	SRR23329748
SRR23329748.10149	1442	54.09	93.00	SRR23329748
SRR23329748.10150	1407	56.08	87.88	SRR23329748
SRR23329748.10151	1477	54.30	31.79	SRR23329748
SRR23329748.10152	1484	55.53	90.76	SRR23329748
SRR23329748.10154	1416	55.51	24.77	SRR23329748
SRR23329748.10155	1407	55.93	93.00	SRR23329748
SRR23329748.10156	1413	55.56	73.52	SRR23329748
SRR23329748.10157	1420	56.41	52.13	SRR23329748
SRR23329748.10158	1472	51.15	27.65	SRR23329748
SRR23329748.10159	1460	55.00	40.30	SRR23329748
SRR23329748.10161	1444	58.73	52.12	SRR23329748
SRR23329748.10162	1474	55.63	31.98	SRR23329748
SRR23329748.10163	1475	54.24	92.11	SRR23329748
SRR23329748.10164	1383	54.74	91.54	SRR23329748
SRR23329748.10165	1407	55.51	37.48	SRR23329748
SRR23329748.10167	1487	55.28	74.22	SRR23329748
SRR23329748.10168	1447	54.80	92.77	SRR23329748
SRR23329748.10169	1407	55.65	93.00	SRR23329748
SRR23329748.10170	1438	56.95	93.00	SRR23329748
SRR23329748.10171	1466	57.44	31.06	SRR23329748
SRR23329748.10172	1488	49.33	93.00	SRR23329748
SRR23329748.10173	1407	56.15	93.00	SRR23329748
SRR23329748.10174	1413	56.76	79.31	SRR23329748
SRR23329748.10175	1447	52.45	92.91	SRR23329748
SRR23329748.10176	1389	56.59	64.83	SRR23329748
SRR23329748.10177	1407	56.65	92.95	SRR23329748
SRR23329748.10178	1412	55.88	93.00	SRR23329748
SRR23329748.10179	1448	56.28	27.13	SRR23329748
SRR23329748.10180	1466	57.09	25.62	SRR23329748
SRR23329748.10181	1453	55.95	93.00	SRR23329748
SRR23329748.10182	1496	49.33	31.13	SRR23329748
SRR23329748.10183	1412	55.59	93.00	SRR23329748
SRR23329748.10184	1459	57.03	32.94	SRR23329748
SRR23329748.10186	1437	58.46	32.22	SRR23329748
SRR23329748.10187	1407	55.65	67.98	SRR23329748
SRR23329748.10188	1407	56.50	24.29	SRR23329748
SRR23329748.10189	1454	51.79	33.65	SRR23329748
SRR23329748.10190	1472	51.29	34.28	SRR23329748
SRR23329748.10191	1478	48.31	38.83	SRR23329748
SRR23329748.10192	1463	49.21	31.19	SRR23329748
SRR23329748.10195	1483	55.50	31.58	SRR23329748
SRR23329748.10196	1487	59.11	20.73	SRR23329748
SRR23329748.10198	1407	55.93	49.33	SRR23329748
SRR23329748.10199	1389	56.52	59.17	SRR23329748
SRR23329748.10200	1407	55.93	39.40	SRR23329748
SRR23329748.10201	1488	49.33	35.69	SRR23329748
SRR23329748.10202	1488	49.26	32.25	SRR23329748
SRR23329748.10203	1460	52.47	70.05	SRR23329748
SRR23329748.10204	1391	56.43	93.00	SRR23329748
SRR23329748.10205	1408	56.53	27.98	SRR23329748
SRR23329748.10207	1407	55.72	40.60	SRR23329748
SRR23329748.10208	1477	49.36	27.26	SRR23329748
SRR23329748.10211	1396	52.29	48.07	SRR23329748
SRR23329748.10212	1473	51.32	93.00	SRR23329748
SRR23329748.10213	1446	55.60	59.01	SRR23329748
SRR23329748.10214	1387	54.58	93.00	SRR23329748
SRR23329748.10215	1470	52.45	35.23	SRR23329748
SRR23329748.10216	1407	56.65	92.98	SRR23329748
SRR23329748.10217	1481	49.43	88.17	SRR23329748
SRR23329748.10218	1407	56.01	92.97	SRR23329748
SRR23329748.10219	1488	49.26	93.00	SRR23329748
SRR23329748.10220	1386	54.55	47.19	SRR23329748
SRR23329748.10221	1454	51.79	46.67	SRR23329748
SRR23329748.10222	1448	55.25	87.24	SRR23329748
SRR23329748.10223	1407	56.08	93.00	SRR23329748
SRR23329748.10224	1446	55.60	92.96	SRR23329748
SRR23329748.10225	1410	55.89	46.35	SRR23329748
SRR23329748.10226	1406	55.90	46.30	SRR23329748
SRR23329748.10227	1467	49.35	93.00	SRR23329748
SRR23329748.10228	1526	53.34	93.00	SRR23329748
SRR23329748.10229	1475	58.10	20.73	SRR23329748
SRR23329748.10230	1460	53.08	93.00	SRR23329748
SRR23329748.10231	1450	57.66	40.62	SRR23329748
SRR23329748.10233	1407	55.65	40.47	SRR23329748
SRR23329748.10234	1431	58.63	58.55	SRR23329748
SRR23329748.10235	1407	56.65	37.20	SRR23329748
SRR23329748.10236	1488	49.33	93.00	SRR23329748
SRR23329748.10237	1473	51.32	38.06	SRR23329748
SRR23329748.10238	1444	58.93	70.54	SRR23329748
SRR23329748.10239	1462	52.94	93.00	SRR23329748
SRR23329748.10240	1445	60.42	92.98	SRR23329748
SRR23329748.10241	1475	54.24	93.00	SRR23329748
SRR23329748.10242	1452	52.00	21.09	SRR23329748
SRR23329748.10243	1447	55.22	36.99	SRR23329748
SRR23329748.10244	1447	54.87	81.29	SRR23329748
SRR23329748.10245	1408	55.61	39.94	SRR23329748
SRR23329748.10246	1411	55.71	38.70	SRR23329748
SRR23329748.10247	1407	55.93	79.71	SRR23329748
SRR23329748.10248	1412	55.81	93.00	SRR23329748
SRR23329748.10249	1408	55.61	27.06	SRR23329748
SRR23329748.10250	1473	51.32	93.00	SRR23329748
SRR23329748.10251	1383	54.52	29.25	SRR23329748
SRR23329748.10252	1467	49.28	28.36	SRR23329748
SRR23329748.10253	1488	49.26	93.00	SRR23329748
SRR23329748.10254	1403	56.02	35.34	SRR23329748
SRR23329748.10255	1454	51.79	82.99	SRR23329748
SRR23329748.10256	1409	56.28	90.50	SRR23329748
SRR23329748.10257	1406	56.61	93.00	SRR23329748
SRR23329748.10258	1408	55.82	92.36	SRR23329748
SRR23329748.10259	1484	55.46	92.94	SRR23329748
SRR23329748.10260	1404	57.12	68.55	SRR23329748
SRR23329748.10262	1412	55.81	92.96	SRR23329748
SRR23329748.10263	1431	50.31	26.06	SRR23329748
SRR23329748.10264	1446	58.85	24.60	SRR23329748
SRR23329748.10265	1423	53.06	37.06	SRR23329748
SRR23329748.10266	1407	56.57	47.22	SRR23329748
SRR23329748.10267	1484	49.46	25.41	SRR23329748
SRR23329748.10268	1516	55.01	21.70	SRR23329748
SRR23329748.10269	1467	57.40	93.00	SRR23329748
SRR23329748.10270	1421	56.02	26.61	SRR23329748
SRR23329748.10271	1446	57.61	93.00	SRR23329748
SRR23329748.10272	1443	56.13	26.48	SRR23329748
SRR23329748.10273	1435	58.54	28.24	SRR23329748
SRR23329748.10274	1478	48.31	50.55	SRR23329748
SRR23329748.10275	1413	54.64	76.34	SRR23329748
SRR23329748.10276	1470	53.81	20.34	SRR23329748
SRR23329748.10277	1453	55.47	60.65	SRR23329748
SRR23329748.10280	1475	54.03	77.30	SRR23329748
SRR23329748.10281	1447	55.84	72.30	SRR23329748
SRR23329748.10282	1432	55.87	27.50	SRR23329748
SRR23329748.10283	1447	55.29	76.39	SRR23329748
SRR23329748.10285	1483	44.17	29.19	SRR23329748
SRR23329748.10287	1410	54.47	32.28	SRR23329748
SRR23329748.10288	1488	49.33	60.50	SRR23329748
SRR23329748.10289	1486	54.17	79.71	SRR23329748
SRR23329748.10290	1452	55.30	23.67	SRR23329748
SRR23329748.10292	1426	45.02	47.53	SRR23329748
SRR23329748.10293	1453	57.05	61.62	SRR23329748
SRR23329748.10294	1481	49.43	35.56	SRR23329748
SRR23329748.10295	1484	55.46	93.00	SRR23329748
SRR23329748.10296	1444	50.83	41.95	SRR23329748
SRR23329748.10297	1407	55.93	39.47	SRR23329748
SRR23329748.10298	1417	56.25	21.70	SRR23329748
SRR23329748.10299	1428	56.37	48.08	SRR23329748
SRR23329748.10300	1444	56.37	56.58	SRR23329748
SRR23329748.10301	1467	49.35	41.82	SRR23329748
SRR23329748.10302	1483	55.63	93.00	SRR23329748
SRR23329748.10303	1519	54.84	29.46	SRR23329748
SRR23329748.10304	1407	55.72	52.48	SRR23329748
SRR23329748.10305	1481	49.49	45.90	SRR23329748
SRR23329748.10306	1486	49.33	28.46	SRR23329748
SRR23329748.10307	1460	52.53	41.64	SRR23329748
SRR23329748.10308	1448	55.66	34.64	SRR23329748
SRR23329748.10309	1454	53.85	90.01	SRR23329748
SRR23329748.10310	1487	53.93	24.17	SRR23329748
SRR23329748.10311	1401	56.53	24.27	SRR23329748
SRR23329748.10312	1446	55.53	51.60	SRR23329748
SRR23329748.10313	1413	54.56	33.37	SRR23329748
SRR23329748.10314	1447	55.63	27.69	SRR23329748
SRR23329748.10315	1468	57.56	25.25	SRR23329748
SRR23329748.10316	1444	55.54	33.71	SRR23329748
SRR23329748.10317	1407	55.65	91.71	SRR23329748
SRR23329748.10318	1454	51.79	41.61	SRR23329748
SRR23329748.10320	1433	57.01	21.20	SRR23329748
SRR23329748.10322	1442	55.96	23.98	SRR23329748
SRR23329748.10323	1454	51.79	93.00	SRR23329748
SRR23329748.10324	1475	53.90	36.69	SRR23329748
SRR23329748.10325	1409	55.71	23.57	SRR23329748
SRR23329748.10326	1409	56.00	23.53	SRR23329748
SRR23329748.10327	1458	51.03	82.26	SRR23329748
SRR23329748.10328	1389	56.59	70.74	SRR23329748
SRR23329748.10329	1466	56.21	46.23	SRR23329748
SRR23329748.10330	1410	54.47	51.95	SRR23329748
SRR23329748.10332	1408	55.75	93.00	SRR23329748
SRR23329748.10333	1407	56.57	45.37	SRR23329748
SRR23329748.10334	1408	56.46	31.24	SRR23329748
SRR23329748.10335	1409	56.71	28.81	SRR23329748
SRR23329748.10336	1412	55.81	71.95	SRR23329748
SRR23329748.10337	1462	51.78	20.65	SRR23329748
SRR23329748.10338	1474	54.07	33.38	SRR23329748
SRR23329748.10339	1467	49.49	93.00	SRR23329748
SRR23329748.10340	1484	55.53	93.00	SRR23329748
SRR23329748.10341	1414	56.29	22.92	SRR23329748
SRR23329748.10342	1488	49.40	28.30	SRR23329748
SRR23329748.10343	1431	57.65	93.00	SRR23329748
SRR23329748.10344	1481	55.44	32.37	SRR23329748
SRR23329748.10345	1412	56.73	93.00	SRR23329748
SRR23329748.10346	1407	56.65	33.05	SRR23329748
SRR23329748.10347	1447	57.57	90.04	SRR23329748
SRR23329748.10349	1442	58.88	35.80	SRR23329748
SRR23329748.10350	1437	56.92	93.00	SRR23329748
SRR23329748.10351	1469	52.62	47.70	SRR23329748
SRR23329748.10352	1391	55.72	27.93	SRR23329748
SRR23329748.10353	1478	52.98	29.16	SRR23329748
SRR23329748.10354	1475	54.03	46.48	SRR23329748
SRR23329748.10355	1452	54.61	26.05	SRR23329748
SRR23329748.10356	1467	57.53	92.89	SRR23329748
SRR23329748.10357	1475	53.97	93.00	SRR23329748
SRR23329748.10359	1418	57.33	40.30	SRR23329748
SRR23329748.10360	1450	53.86	22.38	SRR23329748
SRR23329748.10361	1458	53.50	39.66	SRR23329748
SRR23329748.10362	1403	56.45	22.23	SRR23329748
SRR23329748.10363	1475	53.97	93.00	SRR23329748
SRR23329748.10364	1384	54.84	29.09	SRR23329748
SRR23329748.10365	1408	55.33	31.18	SRR23329748
SRR23329748.10366	1475	54.17	92.72	SRR23329748
SRR23329748.10367	1389	56.59	40.16	SRR23329748
SRR23329748.10368	1407	56.57	46.46	SRR23329748
SRR23329748.10369	1488	49.26	92.15	SRR23329748
SRR23329748.10370	1459	52.84	87.99	SRR23329748
SRR23329748.10371	1454	51.51	70.60	SRR23329748
SRR23329748.10372	1485	55.56	27.76	SRR23329748
SRR23329748.10373	1404	57.12	34.15	SRR23329748
SRR23329748.10374	1448	57.73	35.10	SRR23329748
SRR23329748.10375	1485	51.58	88.05	SRR23329748
SRR23329748.10376	1407	56.65	91.39	SRR23329748
SRR23329748.10377	1440	51.53	92.97	SRR23329748
SRR23329748.10378	1408	56.68	31.09	SRR23329748
SRR23329748.10379	1408	56.18	41.45	SRR23329748
SRR23329748.10380	1408	55.75	67.35	SRR23329748
SRR23329748.10382	1459	52.84	92.94	SRR23329748
SRR23329748.10383	1438	58.48	23.73	SRR23329748
SRR23329748.10384	1412	56.80	53.34	SRR23329748
SRR23329748.10385	1513	42.96	30.33	SRR23329748
SRR23329748.10386	1471	52.69	50.16	SRR23329748
SRR23329748.10387	1447	54.87	86.79	SRR23329748
SRR23329748.10388	1437	59.36	21.37	SRR23329748
SRR23329748.10389	1446	58.78	53.52	SRR23329748
SRR23329748.10390	392	43.11	92.94	SRR23329748
SRR23329748.10392	1419	49.96	20.27	SRR23329748
SRR23329748.10393	1431	57.51	37.91	SRR23329748
SRR23329748.10394	1473	51.19	30.24	SRR23329748
SRR23329748.10395	1445	55.22	28.10	SRR23329748
SRR23329748.10396	1433	58.48	33.36	SRR23329748
SRR23329748.10397	1446	55.60	86.17	SRR23329748
SRR23329748.10398	1473	51.26	74.62	SRR23329748
SRR23329748.10399	1411	56.77	36.81	SRR23329748
SRR23329748.10400	1409	56.64	20.04	SRR23329748
SRR23329748.10401	1406	55.19	62.40	SRR23329748
SRR23329748.10402	1407	55.93	63.02	SRR23329748
SRR23329748.10403	1475	54.24	91.96	SRR23329748
SRR23329748.10405	1488	49.33	93.00	SRR23329748
SRR23329748.10406	1481	55.37	28.99	SRR23329748
SRR23329748.10407	1407	56.65	75.38	SRR23329748
SRR23329748.10408	1486	54.17	92.99	SRR23329748
SRR23329748.10409	1447	55.22	71.57	SRR23329748
SRR23329748.10410	1459	52.91	45.56	SRR23329748
SRR23329748.10411	1453	57.26	49.58	SRR23329748
SRR23329748.10412	1446	56.50	60.37	SRR23329748
SRR23329748.10413	1407	55.58	45.35	SRR23329748
SRR23329748.10414	1468	59.88	26.00	SRR23329748
SRR23329748.10415	1426	56.59	43.04	SRR23329748
SRR23329748.10416	1484	55.39	81.56	SRR23329748
SRR23329748.10417	1488	49.26	93.00	SRR23329748
SRR23329748.10418	1473	51.26	32.26	SRR23329748
SRR23329748.10419	1489	53.93	93.00	SRR23329748
SRR23329748.10420	1451	50.38	31.29	SRR23329748
SRR23329748.10421	1407	56.08	92.91	SRR23329748
SRR23329748.10422	1496	49.33	23.61	SRR23329748
SRR23329748.10423	1447	56.46	35.48	SRR23329748
SRR23329748.10424	1445	55.22	33.69	SRR23329748
SRR23329748.10425	1445	53.15	92.94	SRR23329748
SRR23329748.10426	1458	50.27	29.57	SRR23329748
SRR23329748.10427	1407	55.72	77.83	SRR23329748
SRR23329748.10428	1511	54.73	28.44	SRR23329748
SRR23329748.10429	1474	53.93	27.49	SRR23329748
SRR23329748.10430	1383	54.88	92.99	SRR23329748
SRR23329748.10431	1437	58.52	93.00	SRR23329748
SRR23329748.10432	1425	56.07	52.50	SRR23329748
SRR23329748.10433	1443	56.76	35.19	SRR23329748
SRR23329748.10434	1462	53.01	93.00	SRR23329748
SRR23329748.10435	1453	51.82	92.63	SRR23329748
SRR23329748.10436	1446	58.78	92.99	SRR23329748
SRR23329748.10437	1481	49.49	88.76	SRR23329748
SRR23329748.10438	1481	49.63	28.27	SRR23329748
SRR23329748.10439	1412	55.67	22.29	SRR23329748
SRR23329748.10440	1406	55.62	33.11	SRR23329748
SRR23329748.10441	1411	56.56	25.50	SRR23329748
SRR23329748.10442	1423	50.18	93.00	SRR23329748
SRR23329748.10443	1475	54.17	34.22	SRR23329748
SRR23329748.10444	1474	52.51	27.42	SRR23329748
SRR23329748.10446	1464	51.09	26.71	SRR23329748
SRR23329748.10447	1445	56.89	93.00	SRR23329748
SRR23329748.10448	1413	55.56	93.00	SRR23329748
SRR23329748.10449	1407	55.93	36.48	SRR23329748
SRR23329748.10450	1407	56.01	48.48	SRR23329748
SRR23329748.10451	1446	56.64	34.05	SRR23329748
SRR23329748.10452	1389	56.59	92.38	SRR23329748
SRR23329748.10453	1436	49.44	93.00	SRR23329748
SRR23329748.10454	1450	56.48	29.96	SRR23329748
SRR23329748.10455	1475	53.97	93.00	SRR23329748
SRR23329748.10456	1488	49.33	92.56	SRR23329748
SRR23329748.10457	1406	55.69	32.70	SRR23329748
SRR23329748.10458	1407	56.65	56.19	SRR23329748
SRR23329748.10459	1408	55.75	92.95	SRR23329748
SRR23329748.10460	1489	49.29	35.68	SRR23329748
SRR23329748.10461	1486	54.37	32.06	SRR23329748
SRR23329748.10462	1488	49.33	56.51	SRR23329748
SRR23329748.10463	1487	55.88	30.20	SRR23329748
SRR23329748.10464	1454	58.32	25.92	SRR23329748
SRR23329748.10465	1447	55.22	72.91	SRR23329748
SRR23329748.10466	1488	49.26	74.66	SRR23329748
SRR23329748.10467	1442	57.35	93.00	SRR23329748
SRR23329748.10468	1460	59.38	21.16	SRR23329748
SRR23329748.10469	1458	53.77	57.33	SRR23329748
SRR23329748.10470	1407	56.57	28.49	SRR23329748
SRR23329748.10471	1467	57.40	93.00	SRR23329748
SRR23329748.10472	1437	56.85	92.93	SRR23329748
SRR23329748.10473	1407	56.08	90.43	SRR23329748
SRR23329748.10474	1409	39.32	34.28	SRR23329748
SRR23329748.10475	1467	49.42	62.46	SRR23329748
SRR23329748.10476	1445	57.51	30.20	SRR23329748
SRR23329748.10477	1475	53.90	80.61	SRR23329748
SRR23329748.10478	1459	52.84	92.99	SRR23329748
SRR23329748.10479	1389	55.15	38.09	SRR23329748
SRR23329748.10480	1484	55.39	92.72	SRR23329748
SRR23329748.10481	1472	51.22	23.76	SRR23329748
SRR23329748.10482	1407	56.01	93.00	SRR23329748
SRR23329748.10483	1486	54.17	89.15	SRR23329748
SRR23329748.10484	1490	54.50	28.99	SRR23329748
SRR23329748.10485	1459	52.50	79.43	SRR23329748
SRR23329748.10486	1454	51.79	93.00	SRR23329748
SRR23329748.10487	1404	56.62	33.96	SRR23329748
SRR23329748.10488	1411	54.71	91.71	SRR23329748
SRR23329748.10489	1471	53.91	26.55	SRR23329748
SRR23329748.10490	1457	52.51	28.43	SRR23329748
SRR23329748.10491	1484	55.46	59.67	SRR23329748
SRR23329748.10492	1407	55.58	38.20	SRR23329748
SRR23329748.10493	1488	49.33	90.08	SRR23329748
SRR23329748.10494	1407	56.36	93.00	SRR23329748
SRR23329748.10495	1467	49.42	73.82	SRR23329748
SRR23329748.10496	1449	56.18	56.25	SRR23329748
SRR23329748.10497	1473	51.26	92.82	SRR23329748
SRR23329748.10498	1410	55.67	29.21	SRR23329748
SRR23329748.10500	1452	54.13	42.41	SRR23329748
SRR23329748.10501	1459	52.84	79.44	SRR23329748
SRR23329748.10502	1412	56.23	20.67	SRR23329748
SRR23329748.10503	1486	53.30	93.00	SRR23329748
SRR23329748.10504	1473	51.12	30.59	SRR23329748
SRR23329748.10505	1489	53.93	45.58	SRR23329748
SRR23329748.10506	1412	56.80	32.52	SRR23329748
SRR23329748.10507	1437	56.92	92.44	SRR23329748
SRR23329748.10508	1476	54.00	33.25	SRR23329748
SRR23329748.10509	1457	52.57	32.11	SRR23329748
SRR23329748.10510	1458	55.42	92.81	SRR23329748
SRR23329748.10511	1412	55.88	29.57	SRR23329748
SRR23329748.10512	1410	54.61	34.53	SRR23329748
SRR23329748.10513	1418	56.70	20.19	SRR23329748
SRR23329748.10514	1404	56.55	28.32	SRR23329748
SRR23329748.10515	1438	56.88	67.07	SRR23329748
SRR23329748.10516	1454	51.79	90.25	SRR23329748
SRR23329748.10517	1407	56.43	93.00	SRR23329748
SRR23329748.10518	1467	49.35	25.78	SRR23329748
SRR23329748.10519	1447	55.77	92.98	SRR23329748
SRR23329748.10520	1411	56.84	25.09	SRR23329748
SRR23329748.10521	1467	57.46	91.69	SRR23329748
SRR23329748.10522	1480	49.39	44.52	SRR23329748
SRR23329748.10523	1446	55.60	66.26	SRR23329748
SRR23329748.10524	1388	55.62	93.00	SRR23329748
SRR23329748.10525	1444	56.37	44.49	SRR23329748
SRR23329748.10526	1408	55.89	25.43	SRR23329748
SRR23329748.10527	1475	53.83	93.00	SRR23329748
SRR23329748.10528	1420	56.48	92.63	SRR23329748
SRR23329748.10530	1488	49.33	42.66	SRR23329748
SRR23329748.10531	1487	49.29	34.72	SRR23329748
SRR23329748.10532	1475	53.97	36.69	SRR23329748
SRR23329748.10533	1399	54.40	22.74	SRR23329748
SRR23329748.10534	1473	51.32	84.94	SRR23329748
SRR23329748.10536	1375	54.40	23.42	SRR23329748
SRR23329748.10537	1466	49.39	40.26	SRR23329748
SRR23329748.10538	1388	56.56	35.42	SRR23329748
SRR23329748.10539	1405	56.65	25.19	SRR23329748
SRR23329748.10540	1413	55.91	23.29	SRR23329748
SRR23329748.10541	1442	50.55	93.00	SRR23329748
SRR23329748.10542	1405	56.01	29.03	SRR23329748
SRR23329748.10543	1474	54.34	51.50	SRR23329748
SRR23329748.10544	1425	50.18	34.49	SRR23329748
SRR23329748.10545	1412	56.80	41.31	SRR23329748
SRR23329748.10546	1390	58.85	41.43	SRR23329748
SRR23329748.10547	1408	55.68	61.12	SRR23329748
SRR23329748.10548	1443	52.11	35.00	SRR23329748
SRR23329748.10549	1477	52.00	41.89	SRR23329748
SRR23329748.10550	1474	53.93	43.68	SRR23329748
SRR23329748.10551	1467	49.35	93.00	SRR23329748
SRR23329748.10552	1427	45.20	49.26	SRR23329748
SRR23329748.10553	1407	56.57	93.00	SRR23329748
SRR23329748.10554	1408	55.82	34.95	SRR23329748
SRR23329748.10555	1480	54.53	23.85	SRR23329748
SRR23329748.10556	1478	58.19	92.89	SRR23329748
SRR23329748.10557	1476	59.35	44.69	SRR23329748
SRR23329748.10558	1407	55.72	93.00	SRR23329748
SRR23329748.10559	1408	48.58	93.00	SRR23329748
SRR23329748.10560	1384	55.92	25.72	SRR23329748
SRR23329748.10561	1428	56.16	24.04	SRR23329748
SRR23329748.10562	1421	56.79	93.00	SRR23329748
SRR23329748.10563	1418	57.19	48.87	SRR23329748
SRR23329748.10564	1457	55.04	49.45	SRR23329748
SRR23329748.10565	1444	55.61	24.83	SRR23329748
SRR23329748.10566	1437	56.92	93.00	SRR23329748
SRR23329748.10568	1386	55.99	39.14	SRR23329748
SRR23329748.10570	1472	52.58	72.28	SRR23329748
SRR23329748.10571	1444	55.47	37.33	SRR23329748
SRR23329748.10572	1444	59.07	93.00	SRR23329748
SRR23329748.10573	1412	55.81	72.47	SRR23329748
SRR23329748.10574	1442	50.55	45.56	SRR23329748
SRR23329748.10575	1466	49.45	35.90	SRR23329748
SRR23329748.10576	1407	55.86	79.26	SRR23329748
SRR23329748.10577	1467	49.35	93.00	SRR23329748
SRR23329748.10578	1415	55.55	24.25	SRR23329748
SRR23329748.10579	1425	56.14	92.30	SRR23329748
SRR23329748.10580	1407	56.79	49.91	SRR23329748
SRR23329748.10581	1425	55.44	27.83	SRR23329748
SRR23329748.10582	1488	49.33	93.00	SRR23329748
SRR23329748.10583	1408	55.75	51.44	SRR23329748
SRR23329748.10585	1446	55.67	58.96	SRR23329748
SRR23329748.10587	1475	53.90	61.68	SRR23329748
SRR23329748.10588	1489	53.93	40.53	SRR23329748
SRR23329748.10589	1412	56.80	73.45	SRR23329748
SRR23329748.10590	1480	51.96	22.85	SRR23329748
SRR23329748.10591	1422	56.89	67.20	SRR23329748
SRR23329748.10592	1406	55.19	93.00	SRR23329748
SRR23329748.10593	1403	56.02	93.00	SRR23329748
SRR23329748.10594	1488	52.15	70.25	SRR23329748
SRR23329748.10595	1466	52.52	22.56	SRR23329748
SRR23329748.10596	1164	46.39	93.00	SRR23329748
SRR23329748.10597	1389	55.08	83.73	SRR23329748
SRR23329748.10598	1460	52.95	33.57	SRR23329748
SRR23329748.10599	1445	55.85	92.89	SRR23329748
SRR23329748.10600	1448	54.83	29.91	SRR23329748
SRR23329748.10601	1474	53.87	35.06	SRR23329748
SRR23329748.10602	1447	55.22	67.29	SRR23329748
SRR23329748.10603	1452	57.64	28.00	SRR23329748
SRR23329748.10604	1408	56.04	34.03	SRR23329748
SRR23329748.10605	1448	55.52	35.58	SRR23329748
SRR23329748.10606	1478	48.24	93.00	SRR23329748
SRR23329748.10607	1519	42.99	24.51	SRR23329748
SRR23329748.10608	1465	55.09	39.66	SRR23329748
SRR23329748.10609	1489	49.29	26.69	SRR23329748
SRR23329748.10610	1407	56.65	90.67	SRR23329748
SRR23329748.10611	1413	56.33	22.38	SRR23329748
SRR23329748.10612	1412	55.74	90.87	SRR23329748
SRR23329748.10613	1424	56.74	72.13	SRR23329748
SRR23329748.10614	1412	56.73	63.89	SRR23329748
SRR23329748.10615	1424	54.14	86.45	SRR23329748
SRR23329748.10616	1488	49.33	92.82	SRR23329748
SRR23329748.10617	1460	53.56	89.81	SRR23329748
SRR23329748.10618	1414	56.93	22.05	SRR23329748
SRR23329748.10619	1474	53.87	29.73	SRR23329748
SRR23329748.10620	1389	56.52	70.07	SRR23329748
SRR23329748.10621	1416	55.79	23.27	SRR23329748
SRR23329748.10622	1408	48.44	93.00	SRR23329748
SRR23329748.10624	1460	55.00	92.89	SRR23329748
SRR23329748.10625	1412	55.88	93.00	SRR23329748
SRR23329748.10626	1440	57.29	37.58	SRR23329748
SRR23329748.10627	1441	52.53	80.47	SRR23329748
SRR23329748.10628	1407	55.65	91.53	SRR23329748
SRR23329748.10629	1484	55.53	92.63	SRR23329748
SRR23329748.10630	1490	53.89	47.02	SRR23329748
SRR23329748.10631	1494	55.22	21.91	SRR23329748
SRR23329748.10632	1447	55.63	61.59	SRR23329748
SRR23329748.10633	1475	53.90	82.30	SRR23329748
SRR23329748.10634	1414	47.81	33.11	SRR23329748
SRR23329748.10635	1411	56.13	28.19	SRR23329748
SRR23329748.10636	1383	54.88	55.41	SRR23329748
SRR23329748.10637	1467	49.69	93.00	SRR23329748
SRR23329748.10638	1465	49.28	26.75	SRR23329748
SRR23329748.10639	1473	49.42	24.44	SRR23329748
SRR23329748.10640	1475	54.10	92.82	SRR23329748
SRR23329748.10642	1407	55.58	48.43	SRR23329748
SRR23329748.10643	1459	57.23	40.94	SRR23329748
SRR23329748.10644	1383	54.88	49.74	SRR23329748
SRR23329748.10645	1411	54.50	93.00	SRR23329748
SRR23329748.10646	1445	53.15	45.55	SRR23329748
SRR23329748.10647	1554	55.92	51.54	SRR23329748
SRR23329748.10648	1407	55.65	46.47	SRR23329748
SRR23329748.10649	1412	56.80	35.23	SRR23329748
SRR23329748.10650	1419	56.94	24.29	SRR23329748
SRR23329748.10651	1421	57.49	26.36	SRR23329748
SRR23329748.10652	1407	55.86	93.00	SRR23329748
SRR23329748.10653	1445	57.85	31.37	SRR23329748
SRR23329748.10654	1446	56.02	41.51	SRR23329748
SRR23329748.10655	1474	51.42	31.63	SRR23329748
SRR23329748.10656	1437	49.41	39.99	SRR23329748
SRR23329748.10657	1445	53.15	93.00	SRR23329748
SRR23329748.10658	1407	55.93	93.00	SRR23329748
SRR23329748.10659	1474	53.87	52.59	SRR23329748
SRR23329748.10660	1474	54.14	34.03	SRR23329748
SRR23329748.10661	1435	58.47	28.24	SRR23329748
SRR23329748.10662	1463	54.27	21.74	SRR23329748
SRR23329748.10663	1406	56.61	30.43	SRR23329748
SRR23329748.10664	1424	55.76	29.00	SRR23329748
SRR23329748.10665	1391	58.88	92.99	SRR23329748
SRR23329748.10666	1460	52.53	69.32	SRR23329748
SRR23329748.10667	1407	56.57	93.00	SRR23329748
SRR23329748.10668	1439	53.44	91.05	SRR23329748
SRR23329748.10669	1445	57.85	92.35	SRR23329748
SRR23329748.10670	1480	49.39	35.47	SRR23329748
SRR23329748.10671	1444	57.76	33.78	SRR23329748
SRR23329748.10672	1425	55.72	34.91	SRR23329748
SRR23329748.10673	1414	47.81	56.81	SRR23329748
SRR23329748.10674	1407	56.65	35.28	SRR23329748
SRR23329748.10675	1448	49.93	57.90	SRR23329748
SRR23329748.10676	1408	55.75	92.81	SRR23329748
SRR23329748.10677	1442	56.87	23.12	SRR23329748
SRR23329748.10678	1412	56.80	42.04	SRR23329748
SRR23329748.10681	1432	56.70	93.00	SRR23329748
SRR23329748.10682	1408	56.61	21.42	SRR23329748
SRR23329748.10683	1488	49.33	90.34	SRR23329748
SRR23329748.10684	1467	49.56	92.53	SRR23329748
SRR23329748.10685	1431	57.51	58.53	SRR23329748
SRR23329748.10686	1466	49.52	30.46	SRR23329748
SRR23329748.10687	1481	49.43	34.35	SRR23329748
SRR23329748.10688	1454	51.79	41.50	SRR23329748
SRR23329748.10689	1466	49.32	34.63	SRR23329748
SRR23329748.10690	1446	55.60	92.31	SRR23329748
SRR23329748.10691	1446	55.60	93.00	SRR23329748
SRR23329748.10693	1488	49.33	92.65	SRR23329748
SRR23329748.10694	1473	51.32	93.00	SRR23329748
SRR23329748.10695	1473	51.26	91.12	SRR23329748
SRR23329748.10696	1425	56.07	21.25	SRR23329748
SRR23329748.10697	1453	55.75	76.91	SRR23329748
SRR23329748.10698	1409	55.71	35.58	SRR23329748
SRR23329748.10699	1407	55.65	59.83	SRR23329748
SRR23329748.10700	1408	55.97	36.91	SRR23329748
SRR23329748.10701	1466	53.41	23.77	SRR23329748
SRR23329748.10702	1413	55.56	93.00	SRR23329748
SRR23329748.10703	1503	61.88	28.94	SRR23329748
SRR23329748.10704	1408	59.09	30.68	SRR23329748
SRR23329748.10706	1421	56.79	89.13	SRR23329748
SRR23329748.10707	1481	57.33	25.05	SRR23329748
SRR23329748.10708	1481	49.49	45.63	SRR23329748
SRR23329748.10709	1438	59.60	34.20	SRR23329748
SRR23329748.10710	1500	49.13	21.18	SRR23329748
SRR23329748.10711	1440	56.67	20.17	SRR23329748
SRR23329748.10712	1467	49.42	30.90	SRR23329748
SRR23329748.10713	1475	54.17	61.44	SRR23329748
SRR23329748.10714	1469	49.08	20.25	SRR23329748
SRR23329748.10715	1458	57.20	93.00	SRR23329748
SRR23329748.10716	1424	56.74	78.17	SRR23329748
SRR23329748.10718	1460	55.00	71.74	SRR23329748
SRR23329748.10719	1405	56.44	25.68	SRR23329748
SRR23329748.10720	1488	49.33	49.72	SRR23329748
SRR23329748.10721	1415	52.44	22.44	SRR23329748
SRR23329748.10722	1424	56.81	22.25	SRR23329748
SRR23329748.10723	1407	56.65	93.00	SRR23329748
SRR23329748.10724	1469	49.35	22.24	SRR23329748
SRR23329748.10726	1407	56.57	50.79	SRR23329748
SRR23329748.10727	1475	51.39	43.59	SRR23329748
SRR23329748.10728	1419	56.24	23.03	SRR23329748
SRR23329748.10729	1407	56.57	93.00	SRR23329748
SRR23329748.10730	1411	55.63	81.96	SRR23329748
SRR23329748.10731	1407	56.15	65.47	SRR23329748
SRR23329748.10733	1407	55.72	72.83	SRR23329748
SRR23329748.10734	1383	54.81	93.00	SRR23329748
SRR23329748.10735	1447	55.98	33.46	SRR23329748
SRR23329748.10736	1475	53.90	87.47	SRR23329748
SRR23329748.10738	1472	54.01	20.53	SRR23329748
SRR23329748.10739	1406	56.69	24.93	SRR23329748
SRR23329748.10740	1412	55.81	93.00	SRR23329748
SRR23329748.10741	1458	56.86	71.61	SRR23329748
SRR23329748.10742	1407	56.65	92.97	SRR23329748
SRR23329748.10743	1444	62.19	32.72	SRR23329748
SRR23329748.10744	1467	57.46	92.15	SRR23329748
SRR23329748.10746	1488	49.26	40.73	SRR23329748
SRR23329748.10747	1473	53.97	26.84	SRR23329748
SRR23329748.10748	1437	58.52	92.98	SRR23329748
SRR23329748.10749	1412	55.59	92.98	SRR23329748
SRR23329748.10750	1406	56.61	20.31	SRR23329748
SRR23329748.10751	1407	55.65	93.00	SRR23329748
SRR23329748.10752	1445	55.57	78.72	SRR23329748
SRR23329748.10753	1458	57.48	29.08	SRR23329748
SRR23329748.10754	1486	49.26	34.60	SRR23329748
SRR23329748.10755	1481	49.56	91.72	SRR23329748
SRR23329748.10756	1407	55.58	43.32	SRR23329748
SRR23329748.10757	1484	55.39	58.91	SRR23329748
SRR23329748.10758	1407	55.51	85.53	SRR23329748
SRR23329748.10759	1407	55.65	91.06	SRR23329748
SRR23329748.10760	1412	56.80	93.00	SRR23329748
SRR23329748.10761	1407	56.01	33.58	SRR23329748
SRR23329748.10762	1427	55.43	93.00	SRR23329748
SRR23329748.10763	1475	53.83	29.96	SRR23329748
SRR23329748.10764	1407	56.57	76.96	SRR23329748
SRR23329748.10765	1442	58.60	57.59	SRR23329748
SRR23329748.10766	1475	54.17	56.51	SRR23329748
SRR23329748.10767	1447	58.74	32.53	SRR23329748
SRR23329748.10768	1474	60.04	24.88	SRR23329748
SRR23329748.10769	1392	56.32	20.89	SRR23329748
SRR23329748.10770	1488	49.33	92.89	SRR23329748
SRR23329748.10771	2657	53.41	35.25	SRR23329748
SRR23329748.10772	1411	54.50	75.08	SRR23329748
SRR23329748.10773	1412	55.81	48.48	SRR23329748
SRR23329748.10774	1407	55.93	93.00	SRR23329748
SRR23329748.10776	1487	49.29	59.65	SRR23329748
SRR23329748.10777	1447	57.57	93.00	SRR23329748
SRR23329748.10778	1460	52.60	76.88	SRR23329748
SRR23329748.10779	1467	49.49	93.00	SRR23329748
SRR23329748.10780	1467	57.40	93.00	SRR23329748
SRR23329748.10781	1398	52.29	34.63	SRR23329748
SRR23329748.10782	1396	52.29	43.45	SRR23329748
SRR23329748.10783	1413	52.94	93.00	SRR23329748
SRR23329748.10784	1449	56.18	32.20	SRR23329748
SRR23329748.10785	1486	54.17	45.18	SRR23329748
SRR23329748.10786	1383	55.82	93.00	SRR23329748
SRR23329748.10787	1449	57.69	53.44	SRR23329748
SRR23329748.10788	1467	49.56	36.57	SRR23329748
SRR23329748.10789	1472	54.14	28.17	SRR23329748
SRR23329748.10790	1474	54.00	50.38	SRR23329748
SRR23329748.10791	1407	55.65	71.34	SRR23329748
SRR23329748.10792	1473	51.26	91.45	SRR23329748
SRR23329748.10793	1420	56.83	34.25	SRR23329748
SRR23329748.10794	1480	49.39	33.81	SRR23329748
SRR23329748.10795	1446	55.60	92.74	SRR23329748
SRR23329748.10796	1447	57.57	47.60	SRR23329748
SRR23329748.10797	1467	49.49	93.00	SRR23329748
SRR23329748.10798	1419	49.96	28.86	SRR23329748
SRR23329748.10800	1408	55.75	93.00	SRR23329748
SRR23329748.10801	1463	56.19	42.11	SRR23329748
SRR23329748.10802	1447	56.67	65.80	SRR23329748
SRR23329748.10803	1488	49.26	35.52	SRR23329748
SRR23329748.10804	1472	51.22	36.73	SRR23329748
SRR23329748.10805	1484	49.60	28.84	SRR23329748
SRR23329748.10806	1407	56.65	85.61	SRR23329748
SRR23329748.10807	1444	56.30	93.00	SRR23329748
SRR23329748.10808	1421	53.06	32.89	SRR23329748
SRR23329748.10809	1454	56.46	92.94	SRR23329748
SRR23329748.10810	1453	54.09	41.62	SRR23329748
SRR23329748.10811	1484	55.39	93.00	SRR23329748
SRR23329748.10812	1401	55.89	25.39	SRR23329748
SRR23329748.10813	1474	53.87	49.65	SRR23329748
SRR23329748.10814	1475	53.97	92.42	SRR23329748
SRR23329748.10815	1408	55.68	39.19	SRR23329748
SRR23329748.10816	1489	53.93	69.71	SRR23329748
SRR23329748.10817	1475	54.03	92.97	SRR23329748
SRR23329748.10819	1444	58.93	76.50	SRR23329748
SRR23329748.10820	1386	55.99	79.96	SRR23329748
SRR23329748.10821	1447	57.64	52.55	SRR23329748
SRR23329748.10822	1408	55.47	22.13	SRR23329748
SRR23329748.10823	1406	55.19	70.45	SRR23329748
SRR23329748.10824	1481	49.56	61.56	SRR23329748
SRR23329748.10825	1420	53.10	52.52	SRR23329748
SRR23329748.10826	1425	56.00	91.65	SRR23329748
SRR23329748.10827	1467	49.28	93.00	SRR23329748
SRR23329748.10828	1467	49.42	40.66	SRR23329748
SRR23329748.10829	207	32.85	93.00	SRR23329748
SRR23329748.10830	1421	56.79	92.75	SRR23329748
SRR23329748.10831	1408	55.75	93.00	SRR23329748
SRR23329748.10832	1385	55.74	22.77	SRR23329748
SRR23329748.10833	1475	54.17	30.35	SRR23329748
SRR23329748.10834	1424	56.11	29.70	SRR23329748
SRR23329748.10835	1475	55.46	83.37	SRR23329748
SRR23329748.10836	1438	58.76	53.81	SRR23329748
SRR23329748.10838	1475	54.24	92.83	SRR23329748
SRR23329748.10839	1407	55.65	92.66	SRR23329748
SRR23329748.10840	1424	56.11	22.26	SRR23329748
SRR23329748.10841	1412	56.66	91.06	SRR23329748
SRR23329748.10844	1440	58.33	93.00	SRR23329748
SRR23329748.10845	1478	48.31	34.69	SRR23329748
SRR23329748.10846	1412	55.81	93.00	SRR23329748
SRR23329748.10847	1436	49.37	93.00	SRR23329748
SRR23329748.10848	1467	56.92	57.52	SRR23329748
SRR23329748.10849	1439	59.49	93.00	SRR23329748
SRR23329748.10850	1483	54.42	28.55	SRR23329748
SRR23329748.10851	1413	55.98	93.00	SRR23329748
SRR23329748.10852	1471	54.11	21.47	SRR23329748
SRR23329748.10853	1454	51.86	69.58	SRR23329748
SRR23329748.10854	1411	55.63	49.34	SRR23329748
SRR23329748.10855	1475	54.17	55.88	SRR23329748
SRR23329748.10856	1476	54.27	33.71	SRR23329748
SRR23329748.10858	1412	56.80	82.97	SRR23329748
SRR23329748.10859	1446	57.68	64.57	SRR23329748
SRR23329748.10861	1481	49.43	86.12	SRR23329748
SRR23329748.10862	1467	49.35	93.00	SRR23329748
SRR23329748.10864	1404	56.70	93.00	SRR23329748
SRR23329748.10865	1476	53.93	35.43	SRR23329748
SRR23329748.10866	1410	54.54	39.27	SRR23329748
SRR23329748.10867	1474	51.15	33.47	SRR23329748
SRR23329748.10868	1481	49.43	51.75	SRR23329748
SRR23329748.10869	1486	49.19	23.34	SRR23329748
SRR23329748.10870	1463	56.19	93.00	SRR23329748
SRR23329748.10871	1473	51.39	26.23	SRR23329748
SRR23329748.10872	1407	55.65	39.82	SRR23329748
SRR23329748.10873	1444	58.93	66.72	SRR23329748
SRR23329748.10874	1467	49.42	93.00	SRR23329748
SRR23329748.10875	1452	50.55	72.93	SRR23329748
SRR23329748.10877	1475	53.90	93.00	SRR23329748
SRR23329748.10878	1407	55.86	93.00	SRR23329748
SRR23329748.10879	1488	49.33	60.28	SRR23329748
SRR23329748.10880	1434	56.49	69.50	SRR23329748
SRR23329748.10881	1405	55.87	31.89	SRR23329748
SRR23329748.10882	1475	53.97	40.30	SRR23329748
SRR23329748.10883	1474	53.93	79.19	SRR23329748
SRR23329748.10884	1475	54.24	61.67	SRR23329748
SRR23329748.10885	1383	54.88	35.81	SRR23329748
SRR23329748.10886	1434	56.28	27.59	SRR23329748
SRR23329748.10887	1407	55.65	64.01	SRR23329748
SRR23329748.10889	1412	56.73	92.17	SRR23329748
SRR23329748.10890	1438	56.95	93.00	SRR23329748
SRR23329748.10891	1454	51.79	55.07	SRR23329748
SRR23329748.10892	1385	55.45	37.87	SRR23329748
SRR23329748.10893	1489	53.93	92.58	SRR23329748
SRR23329748.10894	1475	54.24	33.15	SRR23329748
SRR23329748.10895	1424	56.74	31.12	SRR23329748
SRR23329748.10896	1407	55.93	91.06	SRR23329748
SRR23329748.10897	1488	49.26	56.73	SRR23329748
SRR23329748.10898	1407	55.65	88.77	SRR23329748
SRR23329748.10899	1474	54.00	92.97	SRR23329748
SRR23329748.10900	1447	55.36	29.19	SRR23329748
SRR23329748.10901	1426	56.66	38.63	SRR23329748
SRR23329748.10902	1478	57.44	51.56	SRR23329748
SRR23329748.10903	1444	55.54	28.21	SRR23329748
SRR23329748.10905	1475	53.97	48.49	SRR23329748
SRR23329748.10906	1428	55.46	33.59	SRR23329748
SRR23329748.10908	1482	44.13	93.00	SRR23329748
SRR23329748.10909	1475	53.90	33.79	SRR23329748
SRR23329748.10910	1469	51.19	22.31	SRR23329748
SRR23329748.10911	1445	53.15	37.11	SRR23329748
SRR23329748.10912	1418	47.18	61.80	SRR23329748
SRR23329748.10913	1424	55.83	23.04	SRR23329748
SRR23329748.10914	1675	46.51	92.95	SRR23329748
SRR23329748.10915	1445	50.73	38.60	SRR23329748
SRR23329748.10916	1404	55.63	28.93	SRR23329748
SRR23329748.10917	1474	54.14	35.66	SRR23329748
SRR23329748.10918	1836	56.21	28.18	SRR23329748
SRR23329748.10919	1436	49.37	39.24	SRR23329748
SRR23329748.10920	1488	49.33	32.48	SRR23329748
SRR23329748.10921	1411	54.50	93.00	SRR23329748
SRR23329748.10922	1410	56.67	25.37	SRR23329748
SRR23329748.10923	1476	54.07	28.71	SRR23329748
SRR23329748.10924	1474	54.07	36.55	SRR23329748
SRR23329748.10925	1427	45.27	93.00	SRR23329748
SRR23329748.10926	1412	55.81	92.86	SRR23329748
SRR23329748.10927	1467	57.40	93.00	SRR23329748
SRR23329748.10928	1475	53.97	85.68	SRR23329748
SRR23329748.10929	1448	56.35	22.90	SRR23329748
SRR23329748.10930	1475	54.03	93.00	SRR23329748
SRR23329748.10931	1412	56.09	30.95	SRR23329748
SRR23329748.10932	1475	54.10	31.85	SRR23329748
SRR23329748.10933	1412	55.81	67.49	SRR23329748
SRR23329748.10934	1407	56.65	93.00	SRR23329748
SRR23329748.10935	1477	54.43	93.00	SRR23329748
SRR23329748.10936	1402	55.99	24.24	SRR23329748
SRR23329748.10938	1407	56.65	50.25	SRR23329748
SRR23329748.10939	1413	55.56	93.00	SRR23329748
SRR23329748.10940	1477	53.96	26.91	SRR23329748
SRR23329748.10941	1446	55.53	64.55	SRR23329748
SRR23329748.10942	1454	51.79	34.87	SRR23329748
SRR23329748.10944	1386	54.55	28.12	SRR23329748
SRR23329748.10945	1485	49.36	22.13	SRR23329748
SRR23329748.10946	1447	57.57	45.60	SRR23329748
SRR23329748.10947	1468	57.49	25.92	SRR23329748
SRR23329748.10948	1488	49.33	92.95	SRR23329748
SRR23329748.10949	1383	54.88	91.72	SRR23329748
SRR23329748.10950	1407	56.65	30.42	SRR23329748
SRR23329748.10951	1447	55.22	93.00	SRR23329748
SRR23329748.10952	1488	49.26	51.79	SRR23329748
SRR23329748.10953	1488	49.33	92.78	SRR23329748
SRR23329748.10954	1407	56.57	55.48	SRR23329748
SRR23329748.10955	1460	53.56	93.00	SRR23329748
SRR23329748.10956	1410	54.47	28.21	SRR23329748
SRR23329748.10957	1481	49.43	84.02	SRR23329748
SRR23329748.10958	1386	54.55	93.00	SRR23329748
SRR23329748.10959	1467	57.46	69.28	SRR23329748
SRR23329748.10960	1386	55.48	29.82	SRR23329748
SRR23329748.10961	1460	57.74	28.41	SRR23329748
SRR23329748.10962	1460	53.49	75.41	SRR23329748
SRR23329748.10963	1458	53.70	43.21	SRR23329748
SRR23329748.10964	1458	57.75	83.48	SRR23329748
SRR23329748.10965	1482	44.13	38.69	SRR23329748
SRR23329748.10966	1473	51.26	93.00	SRR23329748
SRR23329748.10967	1400	55.57	24.98	SRR23329748
SRR23329748.10968	1415	55.55	20.25	SRR23329748
SRR23329748.10969	1411	54.50	77.05	SRR23329748
SRR23329748.10970	1481	49.43	83.22	SRR23329748
SRR23329748.10971	1468	52.72	25.02	SRR23329748
SRR23329748.10972	1407	56.65	42.48	SRR23329748
SRR23329748.10973	1449	55.28	30.43	SRR23329748
SRR23329748.10974	1449	56.18	93.00	SRR23329748
SRR23329748.10975	1437	58.46	43.57	SRR23329748
SRR23329748.10976	1489	53.93	48.75	SRR23329748
SRR23329748.10977	1423	50.04	57.19	SRR23329748
SRR23329748.10978	1451	51.69	30.19	SRR23329748
SRR23329748.10979	1440	59.79	45.21	SRR23329748
SRR23329748.10980	1411	54.50	49.46	SRR23329748
SRR23329748.10981	1467	49.35	73.51	SRR23329748
SRR23329748.10982	1420	58.24	40.51	SRR23329748
SRR23329748.10983	1407	56.65	92.76	SRR23329748
SRR23329748.10984	1433	45.29	25.87	SRR23329748
SRR23329748.10985	1404	55.70	88.92	SRR23329748
SRR23329748.10986	1457	57.72	36.29	SRR23329748
SRR23329748.10987	1475	49.49	21.03	SRR23329748
SRR23329748.10988	1481	54.22	23.41	SRR23329748
SRR23329748.10989	1443	56.41	33.27	SRR23329748
SRR23329748.10990	1488	49.33	44.63	SRR23329748
SRR23329748.10991	1466	55.05	92.55	SRR23329748
SRR23329748.10992	1481	49.43	84.98	SRR23329748
SRR23329748.10993	1472	52.58	23.32	SRR23329748
SRR23329748.10994	1409	54.72	73.80	SRR23329748
SRR23329748.10995	1475	53.90	93.00	SRR23329748
SRR23329748.10996	1407	55.93	92.97	SRR23329748
SRR23329748.10997	1475	53.97	88.68	SRR23329748
SRR23329748.10998	1453	55.47	92.96	SRR23329748
SRR23329748.10999	1486	54.37	59.58	SRR23329748
SRR23329748.11000	1475	54.10	70.39	SRR23329748
SRR23329748.11001	1418	56.06	22.58	SRR23329748
SRR23329748.11002	1453	55.47	93.00	SRR23329748
SRR23329748.11003	1384	55.71	23.81	SRR23329748
SRR23329748.11004	1467	57.46	44.44	SRR23329748
SRR23329748.11005	1478	52.84	23.18	SRR23329748
SRR23329748.11007	1460	55.00	54.03	SRR23329748
SRR23329748.11009	1465	55.09	93.00	SRR23329748
SRR23329748.11010	1486	55.45	22.58	SRR23329748
SRR23329748.11011	1454	51.79	93.00	SRR23329748
SRR23329748.11012	1489	49.29	36.46	SRR23329748
SRR23329748.11013	1437	58.52	93.00	SRR23329748
SRR23329748.11014	1447	55.01	68.52	SRR23329748
SRR23329748.11015	1423	52.14	21.92	SRR23329748
SRR23329748.11016	1445	57.85	93.00	SRR23329748
SRR23329748.11017	1406	56.33	93.00	SRR23329748
SRR23329748.11018	1486	49.26	22.92	SRR23329748
SRR23329748.11019	1411	56.48	25.55	SRR23329748
SRR23329748.11020	1451	50.38	93.00	SRR23329748
SRR23329748.11021	1488	49.26	91.03	SRR23329748
SRR23329748.11022	1424	55.62	93.00	SRR23329748
SRR23329748.11023	1461	53.59	40.60	SRR23329748
SRR23329748.11025	1389	56.59	92.80	SRR23329748
SRR23329748.11026	1416	56.14	27.87	SRR23329748
SRR23329748.11028	1407	55.79	41.01	SRR23329748
SRR23329748.11029	1387	56.02	93.00	SRR23329748
SRR23329748.11030	1449	55.35	93.00	SRR23329748
SRR23329748.11031	1488	49.33	33.53	SRR23329748
SRR23329748.11032	1475	53.97	92.59	SRR23329748
SRR23329748.11033	1397	52.25	40.43	SRR23329748
SRR23329748.11034	1406	55.62	34.68	SRR23329748
SRR23329748.11035	1473	51.32	50.08	SRR23329748
SRR23329748.11036	1441	59.82	76.49	SRR23329748
SRR23329748.11037	1474	53.93	50.22	SRR23329748
SRR23329748.11038	1474	54.07	53.42	SRR23329748
SRR23329748.11039	1446	55.60	58.34	SRR23329748
SRR23329748.11040	1407	56.15	79.29	SRR23329748
SRR23329748.11041	1436	58.43	29.17	SRR23329748
SRR23329748.11042	1406	55.62	26.50	SRR23329748
SRR23329748.11043	1467	57.53	86.29	SRR23329748
SRR23329748.11044	1413	55.77	53.97	SRR23329748
SRR23329748.11045	1444	56.79	77.46	SRR23329748
SRR23329748.11046	1437	56.78	93.00	SRR23329748
SRR23329748.11047	1475	53.97	41.69	SRR23329748
SRR23329748.11048	1444	58.59	32.83	SRR23329748
SRR23329748.11049	1412	56.66	60.10	SRR23329748
SRR23329748.11051	1475	54.24	91.96	SRR23329748
SRR23329748.11052	1481	49.43	66.62	SRR23329748
SRR23329748.11053	1407	55.58	92.91	SRR23329748
SRR23329748.11054	1406	55.83	29.63	SRR23329748
SRR23329748.11055	1475	54.10	93.00	SRR23329748
SRR23329748.11056	1488	49.33	93.00	SRR23329748
SRR23329748.11057	1402	55.85	21.67	SRR23329748
SRR23329748.11058	1387	56.52	31.19	SRR23329748
SRR23329748.11059	1512	44.18	27.74	SRR23329748
SRR23329748.11060	1462	53.08	24.65	SRR23329748
SRR23329748.11061	1411	56.77	47.50	SRR23329748
SRR23329748.11062	1407	55.79	23.04	SRR23329748
SRR23329748.11063	1458	53.77	93.00	SRR23329748
SRR23329748.11064	1407	55.86	56.42	SRR23329748
SRR23329748.11065	1407	56.57	93.00	SRR23329748
SRR23329748.11066	1407	56.65	44.94	SRR23329748
SRR23329748.11067	1425	56.35	29.57	SRR23329748
SRR23329748.11068	1442	50.55	37.03	SRR23329748
SRR23329748.11069	1474	54.21	36.30	SRR23329748
SRR23329748.11070	1442	54.16	92.88	SRR23329748
SRR23329748.11071	1424	57.51	65.53	SRR23329748
SRR23329748.11072	1489	54.00	23.30	SRR23329748
SRR23329748.11074	1453	55.47	38.74	SRR23329748
SRR23329748.11077	1469	56.02	33.18	SRR23329748
SRR23329748.11079	1460	55.00	32.49	SRR23329748
SRR23329748.11080	1475	54.24	47.46	SRR23329748
SRR23329748.11081	1420	56.41	93.00	SRR23329748
SRR23329748.11082	1412	56.73	93.00	SRR23329748
SRR23329748.11083	1475	54.03	92.87	SRR23329748
SRR23329748.11084	1446	55.60	44.89	SRR23329748
SRR23329748.11085	1383	54.88	74.88	SRR23329748
SRR23329748.11086	1453	51.75	33.64	SRR23329748
SRR23329748.11087	1488	49.33	61.72	SRR23329748
SRR23329748.11088	1458	57.54	92.99	SRR23329748
SRR23329748.11089	1407	56.65	92.11	SRR23329748
SRR23329748.11090	1456	55.29	22.48	SRR23329748
SRR23329748.11091	1460	53.56	90.94	SRR23329748
SRR23329748.11092	1407	56.08	90.95	SRR23329748
SRR23329748.11093	1467	49.35	23.32	SRR23329748
SRR23329748.11094	1404	55.77	54.09	SRR23329748
SRR23329748.11097	1406	56.19	44.65	SRR23329748
SRR23329748.11098	1467	49.49	93.00	SRR23329748
SRR23329748.11099	1409	55.93	29.77	SRR23329748
SRR23329748.11100	1412	56.80	34.98	SRR23329748
SRR23329748.11101	1398	56.08	21.53	SRR23329748
SRR23329748.11102	1470	51.22	33.68	SRR23329748
SRR23329748.11104	1488	49.33	62.02	SRR23329748
SRR23329748.11105	1385	55.67	46.76	SRR23329748
SRR23329748.11106	1444	58.66	26.33	SRR23329748
SRR23329748.11107	1470	52.65	51.08	SRR23329748
SRR23329748.11108	1488	49.33	65.66	SRR23329748
SRR23329748.11109	1459	57.16	93.00	SRR23329748
SRR23329748.11110	1407	56.08	61.31	SRR23329748
SRR23329748.11111	1477	58.77	24.31	SRR23329748
SRR23329748.11112	1475	54.24	93.00	SRR23329748
SRR23329748.11113	1467	49.35	59.90	SRR23329748
SRR23329748.11114	1481	49.43	70.47	SRR23329748
SRR23329748.11115	1714	47.02	51.33	SRR23329748
SRR23329748.11116	1424	56.32	40.53	SRR23329748
SRR23329748.11117	1408	55.68	28.27	SRR23329748
SRR23329748.11118	1406	56.40	23.78	SRR23329748
SRR23329748.11119	1407	56.65	84.42	SRR23329748
SRR23329748.11120	1406	55.90	83.91	SRR23329748
SRR23329748.11121	2313	41.46	23.41	SRR23329748
SRR23329748.11122	1475	53.97	83.17	SRR23329748
SRR23329748.11123	1412	54.53	35.35	SRR23329748
SRR23329748.11124	1481	49.43	63.61	SRR23329748
SRR23329748.11125	1432	56.49	22.08	SRR23329748
SRR23329748.11126	1409	58.84	43.48	SRR23329748
SRR23329748.11127	1407	56.57	24.34	SRR23329748
SRR23329748.11128	1407	55.86	79.29	SRR23329748
SRR23329748.11129	1407	56.57	90.97	SRR23329748
SRR23329748.11131	1407	55.86	42.48	SRR23329748
SRR23329748.11132	1484	55.32	34.73	SRR23329748
SRR23329748.11134	1412	56.80	34.04	SRR23329748
SRR23329748.11135	1470	59.93	75.59	SRR23329748
SRR23329748.11136	1487	49.36	30.29	SRR23329748
SRR23329748.11137	1437	58.52	36.57	SRR23329748
SRR23329748.11139	1484	55.39	92.05	SRR23329748
SRR23329748.11140	1475	53.90	28.13	SRR23329748
SRR23329748.11141	1473	51.26	93.00	SRR23329748
SRR23329748.11143	1414	53.04	77.03	SRR23329748
SRR23329748.11144	1481	49.43	92.97	SRR23329748
SRR23329748.11145	1472	53.87	28.55	SRR23329748
SRR23329748.11146	1467	57.53	42.38	SRR23329748
SRR23329748.11148	1466	49.52	57.62	SRR23329748
SRR23329748.11149	1428	55.60	30.76	SRR23329748
SRR23329748.11150	1407	55.93	75.12	SRR23329748
SRR23329748.11152	1449	57.49	34.30	SRR23329748
SRR23329748.11154	1407	55.72	93.00	SRR23329748
SRR23329748.11155	1474	54.00	93.00	SRR23329748
SRR23329748.11156	1412	54.46	34.46	SRR23329748
SRR23329748.11157	1475	54.24	93.00	SRR23329748
SRR23329748.11158	1414	52.83	36.50	SRR23329748
SRR23329748.11159	1485	55.82	93.00	SRR23329748
SRR23329748.11160	1447	56.19	51.15	SRR23329748
SRR23329748.11161	1407	55.65	89.72	SRR23329748
SRR23329748.11162	1407	54.87	27.99	SRR23329748
SRR23329748.11163	1400	50.43	33.86	SRR23329748
SRR23329748.11164	1446	58.78	93.00	SRR23329748
SRR23329748.11165	1407	55.93	46.48	SRR23329748
SRR23329748.11167	1436	49.30	92.88	SRR23329748
SRR23329748.11168	1411	54.50	93.00	SRR23329748
SRR23329748.11169	1488	49.46	29.56	SRR23329748
SRR23329748.11170	1408	55.75	93.00	SRR23329748
SRR23329748.11171	1452	51.79	33.22	SRR23329748
SRR23329748.11172	1457	58.06	21.22	SRR23329748
SRR23329748.11173	1408	55.68	34.57	SRR23329748
SRR23329748.11174	1488	53.97	90.77	SRR23329748
SRR23329748.11175	1475	53.97	44.87	SRR23329748
SRR23329748.11176	1488	49.26	63.72	SRR23329748
SRR23329748.11177	1407	56.72	91.58	SRR23329748
SRR23329748.11178	1442	58.88	32.95	SRR23329748
SRR23329748.11179	1445	57.23	92.89	SRR23329748
SRR23329748.11180	1477	55.59	28.37	SRR23329748
SRR23329748.11181	1447	57.57	35.42	SRR23329748
SRR23329748.11182	1436	58.77	20.74	SRR23329748
SRR23329748.11183	1442	50.55	85.34	SRR23329748
SRR23329748.11184	1407	56.65	93.00	SRR23329748
SRR23329748.11186	1472	51.22	44.01	SRR23329748
SRR23329748.11187	1461	55.03	25.25	SRR23329748
SRR23329748.11188	1413	50.53	42.56	SRR23329748
SRR23329748.11190	1412	56.73	93.00	SRR23329748
SRR23329748.11191	1418	56.77	22.14	SRR23329748
SRR23329748.11192	1460	55.00	92.14	SRR23329748
SRR23329748.11193	1383	54.88	93.00	SRR23329748
SRR23329748.11194	1406	55.90	38.48	SRR23329748
SRR23329748.11196	1438	56.88	36.12	SRR23329748
SRR23329748.11197	1477	52.61	27.91	SRR23329748
SRR23329748.11198	1476	54.20	33.61	SRR23329748
SRR23329748.11199	1423	59.10	31.82	SRR23329748
SRR23329748.11200	1484	55.53	36.09	SRR23329748
SRR23329748.11201	1458	53.70	93.00	SRR23329748
SRR23329748.11202	1383	54.88	46.77	SRR23329748
SRR23329748.11203	1431	57.51	93.00	SRR23329748
SRR23329748.11204	1447	57.57	60.60	SRR23329748
SRR23329748.11205	1407	56.08	45.48	SRR23329748
SRR23329748.11206	1406	55.90	35.71	SRR23329748
SRR23329748.11207	1407	55.93	93.00	SRR23329748
SRR23329748.11208	1440	57.36	63.32	SRR23329748
SRR23329748.11209	1471	54.11	22.41	SRR23329748
SRR23329748.11210	1453	55.75	77.72	SRR23329748
SRR23329748.11211	1424	54.07	93.00	SRR23329748
SRR23329748.11212	1445	57.85	31.51	SRR23329748
SRR23329748.11213	1453	55.75	26.13	SRR23329748
SRR23329748.11214	1967	55.11	30.78	SRR23329748
SRR23329748.11216	1446	55.60	77.18	SRR23329748
SRR23329748.11217	1474	53.93	70.26	SRR23329748
SRR23329748.11218	1475	53.90	53.99	SRR23329748
SRR23329748.11219	1450	59.38	25.38	SRR23329748
SRR23329748.11220	1407	56.65	71.45	SRR23329748
SRR23329748.11221	1407	56.65	55.48	SRR23329748
SRR23329748.11222	1443	55.72	20.06	SRR23329748
SRR23329748.11223	1449	57.28	93.00	SRR23329748
SRR23329748.11224	1436	56.89	36.14	SRR23329748
SRR23329748.11225	1446	55.60	92.96	SRR23329748
SRR23329748.11226	1476	54.20	29.71	SRR23329748
SRR23329748.11227	1447	56.67	92.88	SRR23329748
SRR23329748.11228	1403	55.81	20.60	SRR23329748
SRR23329748.11229	1488	49.40	93.00	SRR23329748
SRR23329748.11231	1458	58.57	93.00	SRR23329748
SRR23329748.11232	1457	50.24	25.03	SRR23329748
SRR23329748.11233	1476	54.27	32.13	SRR23329748
SRR23329748.11234	1450	57.45	30.44	SRR23329748
SRR23329748.11235	1412	56.94	90.88	SRR23329748
SRR23329748.11236	1425	55.65	27.84	SRR23329748
SRR23329748.11237	1458	52.88	93.00	SRR23329748
SRR23329748.11238	1412	56.80	88.48	SRR23329748
SRR23329748.11239	1486	54.31	92.99	SRR23329748
SRR23329748.11240	1488	53.90	90.34	SRR23329748
SRR23329748.11241	1403	56.02	92.91	SRR23329748
SRR23329748.11242	1451	56.37	81.71	SRR23329748
SRR23329748.11244	1478	54.26	29.15	SRR23329748
SRR23329748.11245	1484	55.39	92.57	SRR23329748
SRR23329748.11246	1491	53.99	21.46	SRR23329748
SRR23329748.11247	1407	56.57	93.00	SRR23329748
SRR23329748.11248	1475	53.97	38.65	SRR23329748
SRR23329748.11249	1448	56.63	24.47	SRR23329748
SRR23329748.11250	1473	51.39	33.68	SRR23329748
SRR23329748.11251	1488	49.33	93.00	SRR23329748
SRR23329748.11252	1467	58.49	20.50	SRR23329748
SRR23329748.11253	1475	54.17	77.90	SRR23329748
SRR23329748.11254	1484	57.14	71.44	SRR23329748
SRR23329748.11255	1406	55.19	33.74	SRR23329748
SRR23329748.11256	1407	56.65	55.29	SRR23329748
SRR23329748.11257	1450	56.55	32.91	SRR23329748
SRR23329748.11258	1481	49.43	80.42	SRR23329748
SRR23329748.11260	1476	54.27	21.48	SRR23329748
SRR23329748.11261	1475	54.10	93.00	SRR23329748
SRR23329748.11262	1475	54.24	80.64	SRR23329748
SRR23329748.11263	1407	55.65	38.42	SRR23329748
SRR23329748.11264	1449	55.28	46.41	SRR23329748
SRR23329748.11265	1446	57.12	34.60	SRR23329748
SRR23329748.11266	1407	55.93	93.00	SRR23329748
SRR23329748.11267	1407	55.79	31.40	SRR23329748
SRR23329748.11268	1407	56.01	26.77	SRR23329748
SRR23329748.11269	1407	56.65	81.14	SRR23329748
SRR23329748.11270	1436	49.37	43.24	SRR23329748
SRR23329748.11271	1473	51.26	37.35	SRR23329748
SRR23329748.11272	1404	50.43	25.40	SRR23329748
SRR23329748.11273	1457	56.01	47.63	SRR23329748
SRR23329748.11274	1470	52.65	91.11	SRR23329748
SRR23329748.11275	1453	58.09	92.91	SRR23329748
SRR23329748.11276	1441	57.25	76.48	SRR23329748
SRR23329748.11277	1410	56.81	28.02	SRR23329748
SRR23329748.11278	1488	49.60	21.95	SRR23329748
SRR23329748.11279	1446	55.60	92.96	SRR23329748
SRR23329748.11280	1469	49.42	50.36	SRR23329748
SRR23329748.11281	1407	55.79	55.55	SRR23329748
SRR23329748.11283	1385	55.81	49.34	SRR23329748
SRR23329748.11284	1411	55.92	70.25	SRR23329748
SRR23329748.11285	1441	57.32	56.13	SRR23329748
SRR23329748.11286	1487	54.34	33.42	SRR23329748
SRR23329748.11287	1467	49.49	70.45	SRR23329748
SRR23329748.11288	1475	54.10	42.20	SRR23329748
SRR23329748.11289	1407	56.65	64.05	SRR23329748
SRR23329748.11290	1478	48.31	92.24	SRR23329748
SRR23329748.11291	1445	57.85	45.48	SRR23329748
SRR23329748.11292	1414	50.50	27.30	SRR23329748
SRR23329748.11293	1433	57.50	27.25	SRR23329748
SRR23329748.11294	1409	39.32	68.38	SRR23329748
SRR23329748.11296	1470	54.29	26.52	SRR23329748
SRR23329748.11297	1406	55.69	34.83	SRR23329748
SRR23329748.11298	1478	53.79	26.13	SRR23329748
SRR23329748.11299	1416	57.27	34.61	SRR23329748
SRR23329748.11300	1406	55.19	93.00	SRR23329748
SRR23329748.11301	1437	56.92	58.55	SRR23329748
SRR23329748.11303	1478	53.99	28.52	SRR23329748
SRR23329748.11304	1476	53.93	36.68	SRR23329748
SRR23329748.11305	1453	55.75	36.94	SRR23329748
SRR23329748.11306	1409	59.19	93.00	SRR23329748
SRR23329748.11307	1474	54.21	31.83	SRR23329748
SRR23329748.11308	1411	54.64	51.82	SRR23329748
SRR23329748.11309	1423	53.13	93.00	SRR23329748
SRR23329748.11310	1408	55.75	36.87	SRR23329748
SRR23329748.11311	1443	58.70	51.75	SRR23329748
SRR23329748.11312	1407	56.01	93.00	SRR23329748
SRR23329748.11313	1459	53.46	93.00	SRR23329748
SRR23329748.11314	1407	56.08	57.93	SRR23329748
SRR23329748.11315	1407	55.86	77.85	SRR23329748
SRR23329748.11316	1407	55.58	90.55	SRR23329748
SRR23329748.11318	1472	52.45	30.38	SRR23329748
SRR23329748.11319	1522	53.42	26.10	SRR23329748
SRR23329748.11320	1408	55.97	25.37	SRR23329748
SRR23329748.11321	1447	56.53	34.41	SRR23329748
SRR23329748.11322	1471	52.41	36.57	SRR23329748
SRR23329748.11323	1473	55.60	26.31	SRR23329748
SRR23329748.11324	1436	57.80	35.93	SRR23329748
SRR23329748.11325	1412	56.80	40.36	SRR23329748
SRR23329748.11326	1457	57.65	93.00	SRR23329748
SRR23329748.11327	1488	49.33	56.72	SRR23329748
SRR23329748.11328	1459	53.53	29.00	SRR23329748
SRR23329748.11330	1410	54.47	77.10	SRR23329748
SRR23329748.11331	1488	57.19	22.69	SRR23329748
SRR23329748.11332	1481	49.49	58.83	SRR23329748
SRR23329748.11333	1475	53.90	57.48	SRR23329748
SRR23329748.11334	1460	54.93	73.50	SRR23329748
SRR23329748.11335	1446	55.60	33.16	SRR23329748
SRR23329748.11336	1488	49.33	92.91	SRR23329748
SRR23329748.11337	1488	49.26	40.72	SRR23329748
SRR23329748.11338	1412	56.80	53.53	SRR23329748
SRR23329748.11339	1407	55.72	32.46	SRR23329748
SRR23329748.11340	1407	56.65	45.37	SRR23329748
SRR23329748.11341	1413	55.84	46.44	SRR23329748
SRR23329748.11342	1484	55.39	72.03	SRR23329748
SRR23329748.11343	1404	55.70	86.31	SRR23329748
SRR23329748.11344	1472	51.29	32.50	SRR23329748
SRR23329748.11345	1488	49.33	81.08	SRR23329748
SRR23329748.11346	1488	49.33	35.87	SRR23329748
SRR23329748.11348	1447	56.32	93.00	SRR23329748
SRR23329748.11349	1447	55.91	66.04	SRR23329748
SRR23329748.11350	1488	49.33	37.60	SRR23329748
SRR23329748.11351	1409	55.71	28.54	SRR23329748
SRR23329748.11352	1475	54.10	31.65	SRR23329748
SRR23329748.11353	1447	55.84	93.00	SRR23329748
SRR23329748.11354	1474	51.36	35.68	SRR23329748
SRR23329748.11355	1407	56.65	63.35	SRR23329748
SRR23329748.11356	1438	57.72	25.11	SRR23329748
SRR23329748.11357	1491	50.77	24.36	SRR23329748
SRR23329748.11358	1442	50.55	61.54	SRR23329748
SRR23329748.11359	1445	60.42	34.56	SRR23329748
SRR23329748.11360	1467	49.49	52.30	SRR23329748
SRR23329748.11361	1488	49.33	43.54	SRR23329748
SRR23329748.11362	1460	55.00	92.99	SRR23329748
SRR23329748.11363	1440	57.99	50.51	SRR23329748
SRR23329748.11364	1451	50.38	36.64	SRR23329748
SRR23329748.11365	1407	56.08	69.46	SRR23329748
SRR23329748.11366	1411	54.50	35.49	SRR23329748
SRR23329748.11367	1409	51.03	35.78	SRR23329748
SRR23329748.11368	1458	57.20	93.00	SRR23329748
SRR23329748.11369	1408	56.68	50.24	SRR23329748
SRR23329748.11370	1481	49.43	38.88	SRR23329748
SRR23329748.11371	1447	50.59	26.89	SRR23329748
SRR23329748.11372	1388	56.56	40.42	SRR23329748
SRR23329748.11373	1489	53.93	83.89	SRR23329748
SRR23329748.11375	1481	49.49	64.44	SRR23329748
SRR23329748.11376	1412	56.80	79.31	SRR23329748
SRR23329748.11377	1409	55.71	29.41	SRR23329748
SRR23329748.11378	1411	54.64	56.49	SRR23329748
SRR23329748.11379	1407	55.93	45.60	SRR23329748
SRR23329748.11380	1384	54.84	26.55	SRR23329748
SRR23329748.11381	1443	58.97	21.78	SRR23329748
SRR23329748.11383	1474	54.00	66.65	SRR23329748
SRR23329748.11384	1449	56.25	93.00	SRR23329748
SRR23329748.11385	1465	49.28	37.94	SRR23329748
SRR23329748.11386	1474	51.42	33.94	SRR23329748
SRR23329748.11387	1407	55.65	91.96	SRR23329748
SRR23329748.11388	1453	57.05	93.00	SRR23329748
SRR23329748.11389	1470	52.72	93.00	SRR23329748
SRR23329748.11390	1466	57.44	85.51	SRR23329748
SRR23329748.11391	1438	59.74	90.66	SRR23329748
SRR23329748.11392	1404	56.70	63.40	SRR23329748
SRR23329748.11393	1467	49.35	25.39	SRR23329748
SRR23329748.11394	1475	53.90	93.00	SRR23329748
SRR23329748.11395	1475	53.90	34.64	SRR23329748
SRR23329748.11396	1434	56.56	56.54	SRR23329748
SRR23329748.11397	1475	54.03	90.28	SRR23329748
SRR23329748.11398	1458	57.41	70.61	SRR23329748
SRR23329748.11399	1447	55.15	39.87	SRR23329748
SRR23329748.11400	1488	51.34	83.95	SRR23329748
SRR23329748.11401	1455	51.82	35.10	SRR23329748
SRR23329748.11402	1407	55.65	52.01	SRR23329748
SRR23329748.11403	1481	49.56	57.58	SRR23329748
SRR23329748.11404	1488	49.33	34.70	SRR23329748
SRR23329748.11405	1472	51.29	50.41	SRR23329748
SRR23329748.11406	1459	55.79	33.80	SRR23329748
SRR23329748.11408	1483	49.22	26.22	SRR23329748
SRR23329748.11409	1482	49.39	47.57	SRR23329748
SRR23329748.11410	1453	51.75	30.29	SRR23329748
SRR23329748.11411	1407	56.57	53.02	SRR23329748
SRR23329748.11412	1384	56.50	29.22	SRR23329748
SRR23329748.11413	1408	55.97	27.71	SRR23329748
SRR23329748.11414	1445	57.85	92.96	SRR23329748
SRR23329748.11415	1475	53.97	92.89	SRR23329748
SRR23329748.11416	1486	53.70	22.11	SRR23329748
SRR23329748.11417	1485	54.34	32.98	SRR23329748
SRR23329748.11418	1436	49.37	93.00	SRR23329748
SRR23329748.11419	1475	53.90	42.54	SRR23329748
SRR23329748.11420	1407	55.58	39.48	SRR23329748
SRR23329748.11421	1475	53.83	91.99	SRR23329748
SRR23329748.11422	1475	54.10	93.00	SRR23329748
SRR23329748.11423	1488	49.26	80.91	SRR23329748
SRR23329748.11424	1453	57.05	93.00	SRR23329748
SRR23329748.11425	1447	55.22	89.92	SRR23329748
SRR23329748.11426	1407	55.79	21.67	SRR23329748
SRR23329748.11427	1413	56.69	78.73	SRR23329748
SRR23329748.11428	1453	56.99	91.44	SRR23329748
SRR23329748.11429	1429	50.31	26.09	SRR23329748
SRR23329748.11430	1460	56.03	54.45	SRR23329748
SRR23329748.11431	1459	53.87	50.64	SRR23329748
SRR23329748.11432	1420	56.41	90.96	SRR23329748
SRR23329748.11433	1484	55.39	93.00	SRR23329748
SRR23329748.11434	1489	53.86	38.33	SRR23329748
SRR23329748.11435	1411	55.92	25.43	SRR23329748
SRR23329748.11436	1445	57.23	92.76	SRR23329748
SRR23329748.11437	1473	51.32	78.36	SRR23329748
SRR23329748.11438	1408	55.75	51.95	SRR23329748
SRR23329748.11439	1407	55.65	92.63	SRR23329748
SRR23329748.11440	1412	56.80	93.00	SRR23329748
SRR23329748.11441	1407	56.65	93.00	SRR23329748
SRR23329748.11442	1434	57.04	93.00	SRR23329748
SRR23329748.11443	1454	51.79	89.25	SRR23329748
SRR23329748.11444	1407	56.08	34.48	SRR23329748
SRR23329748.11446	1459	53.60	31.27	SRR23329748
SRR23329748.11447	1436	49.44	91.68	SRR23329748
SRR23329748.11448	1411	55.92	34.95	SRR23329748
SRR23329748.11449	1432	56.63	52.56	SRR23329748
SRR23329748.11450	1487	55.41	23.00	SRR23329748
SRR23329748.11451	1470	52.65	41.44	SRR23329748
SRR23329748.11452	1481	49.49	28.74	SRR23329748
SRR23329748.11454	1437	57.41	25.54	SRR23329748
SRR23329748.11456	1488	49.33	46.76	SRR23329748
SRR23329748.11457	1488	49.33	72.68	SRR23329748
SRR23329748.11458	1473	54.04	32.52	SRR23329748
SRR23329748.11459	1452	50.48	93.00	SRR23329748
SRR23329748.11460	1425	56.00	21.40	SRR23329748
SRR23329748.11461	1475	53.90	89.80	SRR23329748
SRR23329748.11462	1467	49.35	93.00	SRR23329748
SRR23329748.11463	1407	56.65	92.93	SRR23329748
SRR23329748.11464	1475	55.39	29.06	SRR23329748
SRR23329748.11465	1444	52.22	25.46	SRR23329748
SRR23329748.11466	1413	55.48	93.00	SRR23329748
SRR23329748.11467	1489	53.93	90.22	SRR23329748
SRR23329748.11468	1460	56.64	20.37	SRR23329748
SRR23329748.11469	1472	57.74	93.00	SRR23329748
SRR23329748.11470	1474	54.07	78.53	SRR23329748
SRR23329748.11472	1413	55.56	70.82	SRR23329748
SRR23329748.11473	1407	56.43	48.39	SRR23329748
SRR23329748.11474	1411	55.63	57.49	SRR23329748
SRR23329748.11475	1424	56.67	87.11	SRR23329748
SRR23329748.11476	1460	52.53	92.56	SRR23329748
SRR23329748.11477	1406	55.62	47.21	SRR23329748
SRR23329748.11478	1407	56.01	58.22	SRR23329748
SRR23329748.11479	1447	57.64	28.69	SRR23329748
SRR23329748.11480	1446	58.78	92.85	SRR23329748
SRR23329748.11481	1407	55.65	36.46	SRR23329748
SRR23329748.11482	1467	57.60	92.95	SRR23329748
SRR23329748.11483	1438	59.74	84.85	SRR23329748
SRR23329748.11484	1421	54.33	93.00	SRR23329748
SRR23329748.11485	1484	55.53	93.00	SRR23329748
SRR23329748.11486	1437	58.52	93.00	SRR23329748
SRR23329748.11487	1471	52.69	38.22	SRR23329748
SRR23329748.11488	1411	55.92	69.48	SRR23329748
SRR23329748.11489	1449	57.69	73.55	SRR23329748
SRR23329748.11490	1488	49.33	93.00	SRR23329748
SRR23329748.11491	1475	53.97	93.00	SRR23329748
SRR23329748.11492	1411	54.43	93.00	SRR23329748
SRR23329748.11493	1411	55.92	93.00	SRR23329748
SRR23329748.11494	1407	56.50	93.00	SRR23329748
SRR23329748.11495	1473	51.39	44.70	SRR23329748
SRR23329748.11496	1407	56.65	41.47	SRR23329748
SRR23329748.11497	1391	58.88	44.92	SRR23329748
SRR23329748.11498	1391	52.84	21.89	SRR23329748
SRR23329748.11499	1469	51.12	33.87	SRR23329748
SRR23329748.11501	1407	56.57	74.32	SRR23329748
SRR23329748.11502	1407	56.65	54.47	SRR23329748
SRR23329748.11503	1489	53.93	58.15	SRR23329748
SRR23329748.11504	1475	53.90	66.62	SRR23329748
SRR23329748.11505	1408	55.75	93.00	SRR23329748
SRR23329748.11506	1412	55.81	90.55	SRR23329748
SRR23329748.11507	1387	55.59	36.68	SRR23329748
SRR23329748.11508	1434	56.69	30.79	SRR23329748
SRR23329748.11509	1424	53.16	28.98	SRR23329748
SRR23329748.11510	1480	57.43	80.45	SRR23329748
SRR23329748.11511	1484	54.99	84.03	SRR23329748
SRR23329748.11512	1475	53.97	43.96	SRR23329748
SRR23329748.11513	1407	56.65	93.00	SRR23329748
SRR23329748.11514	1403	55.95	70.63	SRR23329748
SRR23329748.11515	1439	56.43	93.00	SRR23329748
SRR23329748.11516	1475	53.97	93.00	SRR23329748
SRR23329748.11517	1409	53.44	51.67	SRR23329748
SRR23329748.11518	1412	55.52	30.48	SRR23329748
SRR23329748.11519	1418	47.18	71.48	SRR23329748
SRR23329748.11521	1408	55.75	91.17	SRR23329748
SRR23329748.11522	1438	57.02	32.10	SRR23329748
SRR23329748.11523	1459	52.50	93.00	SRR23329748
SRR23329748.11524	1408	56.61	36.12	SRR23329748
SRR23329748.11525	1458	53.22	41.60	SRR23329748
SRR23329748.11526	1475	53.97	93.00	SRR23329748
SRR23329748.11527	1488	49.33	93.00	SRR23329748
SRR23329748.11528	1442	52.15	31.02	SRR23329748
SRR23329748.11529	1407	56.01	92.12	SRR23329748
SRR23329748.11531	1441	57.74	93.00	SRR23329748
SRR23329748.11532	1714	46.97	87.18	SRR23329748
SRR23329748.11533	1412	55.67	24.18	SRR23329748
SRR23329748.11534	1481	49.43	42.71	SRR23329748
SRR23329748.11535	1411	55.63	91.23	SRR23329748
SRR23329748.11536	1475	53.83	39.11	SRR23329748
SRR23329748.11537	1435	53.52	26.28	SRR23329748
SRR23329748.11538	1467	57.40	32.76	SRR23329748
SRR23329748.11539	1485	54.14	48.37	SRR23329748
SRR23329748.11540	1553	55.96	31.87	SRR23329748
SRR23329748.11541	1460	52.60	93.00	SRR23329748
SRR23329748.11542	1477	54.10	27.43	SRR23329748
SRR23329748.11543	1410	55.60	26.97	SRR23329748
SRR23329748.11544	1484	55.53	78.94	SRR23329748
SRR23329748.11545	1383	55.17	92.75	SRR23329748
SRR23329748.11546	1422	52.11	32.92	SRR23329748
SRR23329748.11548	1407	56.65	92.70	SRR23329748
SRR23329748.11550	1482	49.39	33.86	SRR23329748
SRR23329748.11551	1407	55.72	42.20	SRR23329748
SRR23329748.11552	1446	56.15	35.87	SRR23329748
SRR23329748.11554	1475	55.53	63.58	SRR23329748
SRR23329748.11555	1460	55.00	91.96	SRR23329748
SRR23329748.11556	1425	54.04	45.12	SRR23329748
SRR23329748.11557	1489	53.93	49.63	SRR23329748
SRR23329748.11558	1473	51.32	93.00	SRR23329748
SRR23329748.11559	1481	49.43	93.00	SRR23329748
SRR23329748.11560	1407	55.65	66.47	SRR23329748
SRR23329748.11561	1408	56.11	30.46	SRR23329748
SRR23329748.11562	1475	54.17	38.69	SRR23329748
SRR23329748.11563	1439	51.91	21.52	SRR23329748
SRR23329748.11564	1474	53.87	23.71	SRR23329748
SRR23329748.11565	1486	55.32	21.19	SRR23329748
SRR23329748.11566	1407	55.86	76.51	SRR23329748
SRR23329748.11567	1407	56.65	93.00	SRR23329748
SRR23329748.11568	1424	56.74	46.76	SRR23329748
SRR23329748.11569	1526	53.41	89.17	SRR23329748
SRR23329748.11571	1485	51.65	93.00	SRR23329748
SRR23329748.11572	1481	49.36	37.42	SRR23329748
SRR23329748.11573	1484	55.46	70.68	SRR23329748
SRR23329748.11574	1449	56.18	27.24	SRR23329748
SRR23329748.11575	1488	49.33	71.42	SRR23329748
SRR23329748.11576	1489	53.93	37.40	SRR23329748
SRR23329748.11577	1475	54.24	46.69	SRR23329748
SRR23329748.11578	1411	55.92	92.97	SRR23329748
SRR23329748.11579	1458	57.20	93.00	SRR23329748
SRR23329748.11580	1407	56.36	84.78	SRR23329748
SRR23329748.11581	1460	53.56	36.62	SRR23329748
SRR23329748.11582	1475	53.90	45.23	SRR23329748
SRR23329748.11583	1407	56.65	32.73	SRR23329748
SRR23329748.11584	1473	54.18	29.32	SRR23329748
SRR23329748.11585	1454	51.72	93.00	SRR23329748
SRR23329748.11586	1443	58.07	35.24	SRR23329748
SRR23329748.11587	1488	49.26	58.71	SRR23329748
SRR23329748.11588	1399	56.61	21.74	SRR23329748
SRR23329748.11589	1444	59.07	93.00	SRR23329748
SRR23329748.11591	1439	53.44	88.61	SRR23329748
SRR23329748.11592	1410	56.67	25.72	SRR23329748
SRR23329748.11593	1480	59.73	30.51	SRR23329748
SRR23329748.11594	1408	55.68	42.27	SRR23329748
SRR23329748.11595	1478	53.92	33.17	SRR23329748
SRR23329748.11596	1414	52.90	78.31	SRR23329748
SRR23329748.11597	1164	46.56	31.07	SRR23329748
SRR23329748.11598	1411	54.50	93.00	SRR23329748
SRR23329748.11599	1389	54.57	28.06	SRR23329748
SRR23329748.11600	1389	56.08	32.51	SRR23329748
SRR23329748.11601	1413	55.56	93.00	SRR23329748
SRR23329748.11602	1486	54.17	59.32	SRR23329748
SRR23329748.11603	1464	52.80	85.31	SRR23329748
SRR23329748.11604	1461	53.39	42.21	SRR23329748
SRR23329748.11605	1475	53.97	90.26	SRR23329748
SRR23329748.11606	1426	54.07	23.27	SRR23329748
SRR23329748.11607	1474	54.00	42.66	SRR23329748
SRR23329748.11608	1450	55.38	26.48	SRR23329748
SRR23329748.11609	1476	53.93	76.78	SRR23329748
SRR23329748.11610	1407	55.93	93.00	SRR23329748
SRR23329748.11612	1439	58.51	28.46	SRR23329748
SRR23329748.11613	1475	53.97	91.28	SRR23329748
SRR23329748.11614	1475	54.24	62.90	SRR23329748
SRR23329748.11615	1445	57.85	93.00	SRR23329748
SRR23329748.11616	1411	54.71	47.28	SRR23329748
SRR23329748.11617	1464	56.08	20.63	SRR23329748
SRR23329748.11618	1407	55.93	77.25	SRR23329748
SRR23329748.11619	1446	55.53	92.97	SRR23329748
SRR23329748.11621	1484	55.39	62.15	SRR23329748
SRR23329748.11622	1388	54.39	84.19	SRR23329748
SRR23329748.11623	1445	55.85	39.58	SRR23329748
SRR23329748.11624	1454	55.50	31.81	SRR23329748
SRR23329748.11625	1407	55.65	93.00	SRR23329748
SRR23329748.11626	1407	55.72	90.67	SRR23329748
SRR23329748.11627	1473	51.39	45.27	SRR23329748
SRR23329748.11628	1473	51.26	51.68	SRR23329748
SRR23329748.11629	1407	55.65	52.48	SRR23329748
SRR23329748.11630	1403	56.31	47.88	SRR23329748
SRR23329748.11631	1421	56.44	39.79	SRR23329748
SRR23329748.11632	1460	55.00	90.74	SRR23329748
SRR23329748.11633	1477	59.31	38.18	SRR23329748
SRR23329748.11634	1440	57.85	25.67	SRR23329748
SRR23329748.11635	1474	54.07	63.41	SRR23329748
SRR23329748.11636	1455	55.33	26.22	SRR23329748
SRR23329748.11637	1437	58.52	88.72	SRR23329748
SRR23329748.11638	1407	55.65	52.00	SRR23329748
SRR23329748.11639	1489	53.93	91.74	SRR23329748
SRR23329748.11640	1413	54.64	83.45	SRR23329748
SRR23329748.11641	1413	56.97	93.00	SRR23329748
SRR23329748.11642	1446	58.78	58.96	SRR23329748
SRR23329748.11643	1483	55.83	46.71	SRR23329748
SRR23329748.11644	1474	54.07	35.36	SRR23329748
SRR23329748.11645	1461	56.19	25.41	SRR23329748
SRR23329748.11646	1407	56.15	72.40	SRR23329748
SRR23329748.11647	1389	56.59	92.99	SRR23329748
SRR23329748.11648	1457	57.65	93.00	SRR23329748
SRR23329748.11649	1408	55.75	89.73	SRR23329748
SRR23329748.11651	1458	57.27	42.85	SRR23329748
SRR23329748.11652	1409	59.26	91.92	SRR23329748
SRR23329748.11653	1404	55.77	51.32	SRR23329748
SRR23329748.11654	1467	49.49	84.81	SRR23329748
SRR23329748.11655	1411	54.50	60.49	SRR23329748
SRR23329748.11656	1236	46.44	92.79	SRR23329748
SRR23329748.11657	1441	58.85	20.74	SRR23329748
SRR23329748.11658	1404	55.70	27.10	SRR23329748
SRR23329748.11659	1406	55.55	36.01	SRR23329748
SRR23329748.11660	1447	55.22	93.00	SRR23329748
SRR23329748.11661	1458	53.77	92.94	SRR23329748
SRR23329748.11662	1444	56.37	85.70	SRR23329748
SRR23329748.11663	1467	55.35	88.01	SRR23329748
SRR23329748.11664	1477	49.49	21.93	SRR23329748
SRR23329748.11665	1387	54.58	92.70	SRR23329748
SRR23329748.11666	1475	54.24	45.69	SRR23329748
SRR23329748.11667	1403	55.60	31.69	SRR23329748
SRR23329748.11668	1407	56.36	71.45	SRR23329748
SRR23329748.11669	1407	56.72	34.69	SRR23329748
SRR23329748.11670	1554	55.98	62.91	SRR23329748
SRR23329748.11671	1419	55.67	93.00	SRR23329748
SRR23329748.11672	1478	52.03	65.15	SRR23329748
SRR23329748.11673	1463	54.20	27.19	SRR23329748
SRR23329748.11674	1407	56.57	88.65	SRR23329748
SRR23329748.11676	1499	49.37	20.32	SRR23329748
SRR23329748.11677	1473	54.11	27.61	SRR23329748
SRR23329748.11678	1475	53.90	85.75	SRR23329748
SRR23329748.11679	1407	56.57	33.58	SRR23329748
SRR23329748.11680	1458	55.42	26.24	SRR23329748
SRR23329748.11681	1407	55.58	36.11	SRR23329748
SRR23329748.11682	1424	50.14	32.22	SRR23329748
SRR23329748.11683	1481	55.84	22.74	SRR23329748
SRR23329748.11684	1452	56.96	35.67	SRR23329748
SRR23329748.11685	1467	49.35	92.86	SRR23329748
SRR23329748.11686	1407	56.43	34.48	SRR23329748
SRR23329748.11687	1412	55.81	93.00	SRR23329748
SRR23329748.11688	1408	55.75	93.00	SRR23329748
SRR23329748.11689	1431	57.65	93.00	SRR23329748
SRR23329748.11690	1478	58.19	93.00	SRR23329748
SRR23329748.11691	1407	56.57	48.62	SRR23329748
SRR23329748.11692	1407	56.57	92.95	SRR23329748
SRR23329748.11693	1426	45.09	77.81	SRR23329748
SRR23329748.11694	1407	56.08	93.00	SRR23329748
SRR23329748.11695	1484	55.53	54.71	SRR23329748
SRR23329748.11697	1484	55.46	55.10	SRR23329748
SRR23329748.11698	1477	52.88	92.11	SRR23329748
SRR23329748.11699	1467	49.35	69.63	SRR23329748
SRR23329748.11700	1409	54.72	71.62	SRR23329748
SRR23329748.11701	1413	55.56	90.04	SRR23329748
SRR23329748.11702	1406	56.33	30.70	SRR23329748
SRR23329748.11703	1438	53.48	21.76	SRR23329748
SRR23329748.11704	1404	56.55	21.85	SRR23329748
SRR23329748.11705	1474	54.21	36.71	SRR23329748
SRR23329748.11706	1407	55.65	82.17	SRR23329748
SRR23329748.11707	1408	56.53	28.01	SRR23329748
SRR23329748.11708	1447	55.56	22.92	SRR23329748
SRR23329748.11709	1488	49.26	65.52	SRR23329748
SRR23329748.11710	1453	55.47	93.00	SRR23329748
SRR23329748.11711	1453	57.05	56.14	SRR23329748
SRR23329748.11712	1475	54.03	93.00	SRR23329748
SRR23329748.11713	1408	55.82	36.50	SRR23329748
SRR23329748.11714	1475	53.97	74.62	SRR23329748
SRR23329748.11715	1475	54.03	37.49	SRR23329748
SRR23329748.11717	1478	57.24	92.56	SRR23329748
SRR23329748.11718	1445	57.85	37.13	SRR23329748
SRR23329748.11719	1449	56.25	50.55	SRR23329748
SRR23329748.11720	1412	55.81	85.58	SRR23329748
SRR23329748.11721	1475	53.97	32.12	SRR23329748
SRR23329748.11722	1446	56.64	30.78	SRR23329748
SRR23329748.11723	1484	55.53	46.38	SRR23329748
SRR23329748.11724	1474	54.34	27.83	SRR23329748
SRR23329748.11725	1473	51.26	35.18	SRR23329748
SRR23329748.11726	1402	56.28	26.96	SRR23329748
SRR23329748.11727	1411	54.50	55.48	SRR23329748
SRR23329748.11728	1467	57.33	53.55	SRR23329748
SRR23329748.11729	1400	55.93	21.56	SRR23329748
SRR23329748.11730	1436	49.37	93.00	SRR23329748
SRR23329748.11731	1411	54.71	37.97	SRR23329748
SRR23329748.11732	1464	51.64	21.73	SRR23329748
SRR23329748.11733	1457	53.60	37.51	SRR23329748
SRR23329748.11734	1407	56.43	93.00	SRR23329748
SRR23329748.11735	1470	52.65	78.49	SRR23329748
SRR23329748.11736	1475	53.97	34.45	SRR23329748
SRR23329748.11737	1427	45.20	71.95	SRR23329748
SRR23329748.11738	1445	56.82	68.47	SRR23329748
SRR23329748.11739	1407	56.79	93.00	SRR23329748
SRR23329748.11740	1475	54.17	92.99	SRR23329748
SRR23329748.11741	1438	56.88	92.44	SRR23329748
SRR23329748.11742	1437	58.52	67.36	SRR23329748
SRR23329748.11743	1471	55.06	34.52	SRR23329748
SRR23329748.11744	1406	55.62	33.17	SRR23329748
SRR23329748.11745	1454	51.79	76.76	SRR23329748
SRR23329748.11746	1407	56.65	65.11	SRR23329748
SRR23329748.11747	1487	49.36	38.95	SRR23329748
SRR23329748.11749	1477	53.89	21.92	SRR23329748
SRR23329748.11750	1385	56.46	41.90	SRR23329748
SRR23329748.11751	1473	51.26	93.00	SRR23329748
SRR23329748.11752	1439	58.65	27.07	SRR23329748
SRR23329748.11753	1407	56.79	71.66	SRR23329748
SRR23329748.11754	1473	55.13	35.62	SRR23329748
SRR23329748.11755	1444	56.79	36.03	SRR23329748
SRR23329748.11756	1412	56.80	93.00	SRR23329748
SRR23329748.11757	1411	55.56	93.00	SRR23329748
SRR23329748.11758	1968	55.18	35.90	SRR23329748
SRR23329748.11759	1481	49.43	92.96	SRR23329748
SRR23329748.11760	1481	49.36	93.00	SRR23329748
SRR23329748.11761	1454	51.79	93.00	SRR23329748
SRR23329748.11762	1412	56.80	84.33	SRR23329748
SRR23329748.11763	1470	57.48	21.36	SRR23329748
SRR23329748.11764	1466	55.05	92.97	SRR23329748
SRR23329748.11765	1467	57.46	91.60	SRR23329748
SRR23329748.11766	1484	55.32	40.64	SRR23329748
SRR23329748.11768	1467	49.56	93.00	SRR23329748
SRR23329748.11769	1446	56.29	93.00	SRR23329748
SRR23329748.11771	1486	49.33	25.31	SRR23329748
SRR23329748.11772	1481	49.43	92.64	SRR23329748
SRR23329748.11773	1407	56.43	93.00	SRR23329748
SRR23329748.11775	1457	58.82	33.35	SRR23329748
SRR23329748.11776	1393	55.71	20.72	SRR23329748
SRR23329748.11777	1442	58.32	93.00	SRR23329748
SRR23329748.11778	1410	57.38	68.40	SRR23329748
SRR23329748.11779	1437	56.92	92.88	SRR23329748
SRR23329748.11780	1487	49.29	48.05	SRR23329748
SRR23329748.11781	1406	55.19	50.84	SRR23329748
SRR23329748.11783	1456	53.50	34.83	SRR23329748
SRR23329748.11784	1427	55.43	45.54	SRR23329748
SRR23329748.11785	1407	56.65	92.97	SRR23329748
SRR23329748.11786	1474	54.21	28.76	SRR23329748
SRR23329748.11788	1459	54.28	39.42	SRR23329748
SRR23329748.11789	1488	49.33	41.66	SRR23329748
SRR23329748.11790	1475	54.03	93.00	SRR23329748
SRR23329748.11791	1411	56.70	42.79	SRR23329748
SRR23329748.11793	1406	55.83	37.47	SRR23329748
SRR23329748.11794	1409	53.16	23.18	SRR23329748
SRR23329748.11795	1470	57.28	25.61	SRR23329748
SRR23329748.11796	1458	57.27	45.15	SRR23329748
SRR23329748.11797	1453	55.47	93.00	SRR23329748
SRR23329748.11799	1714	47.02	72.19	SRR23329748
SRR23329748.11800	1439	53.44	82.20	SRR23329748
SRR23329748.11801	1448	55.25	33.53	SRR23329748
SRR23329748.11802	1454	51.79	93.00	SRR23329748
SRR23329748.11803	1437	58.52	93.00	SRR23329748
SRR23329748.11804	1409	56.49	28.52	SRR23329748
SRR23329748.11805	1481	49.43	75.57	SRR23329748
SRR23329748.11806	1446	58.78	93.00	SRR23329748
SRR23329748.11807	1482	44.20	31.62	SRR23329748
SRR23329748.11808	1447	55.77	37.60	SRR23329748
SRR23329748.11809	1467	49.49	91.73	SRR23329748
SRR23329748.11810	1486	55.32	28.12	SRR23329748
SRR23329748.11811	1454	51.79	46.39	SRR23329748
SRR23329748.11812	1410	56.31	34.84	SRR23329748
SRR23329748.11813	1408	55.75	37.48	SRR23329748
SRR23329748.11814	1475	53.97	93.00	SRR23329748
SRR23329748.11815	1389	55.87	43.31	SRR23329748
SRR23329748.11816	1481	49.43	89.04	SRR23329748
SRR23329748.11817	1462	57.11	23.58	SRR23329748
SRR23329748.11818	1475	51.39	90.32	SRR23329748
SRR23329748.11819	1413	56.76	28.54	SRR23329748
SRR23329748.11820	1483	56.91	35.21	SRR23329748
SRR23329748.11821	1484	55.46	47.71	SRR23329748
SRR23329748.11822	1407	56.65	38.01	SRR23329748
SRR23329748.11823	1412	56.80	87.66	SRR23329748
SRR23329748.11824	1424	56.18	60.05	SRR23329748
SRR23329748.11825	1473	51.26	46.31	SRR23329748
SRR23329748.11826	1386	56.06	35.40	SRR23329748
SRR23329748.11827	1445	57.92	30.21	SRR23329748
SRR23329748.11829	1452	57.02	30.41	SRR23329748
SRR23329748.11830	1451	56.17	92.98	SRR23329748
SRR23329748.11831	1412	55.59	83.36	SRR23329748
SRR23329748.11832	1473	51.26	48.63	SRR23329748
SRR23329748.11834	1467	49.35	55.74	SRR23329748
SRR23329748.11835	1444	56.79	93.00	SRR23329748
SRR23329748.11836	1488	49.33	72.09	SRR23329748
SRR23329748.11837	1406	55.69	33.51	SRR23329748
SRR23329748.11838	1410	55.82	23.28	SRR23329748
SRR23329748.11839	1411	55.49	27.85	SRR23329748
SRR23329748.11840	1405	55.59	31.75	SRR23329748
SRR23329748.11841	1434	59.27	33.07	SRR23329748
SRR23329748.11842	1481	49.43	38.09	SRR23329748
SRR23329748.11843	1447	55.49	40.85	SRR23329748
SRR23329748.11844	1473	54.31	42.90	SRR23329748
SRR23329748.11845	1467	49.28	92.96	SRR23329748
SRR23329748.11846	1402	56.49	29.08	SRR23329748
SRR23329748.11847	1489	53.93	91.97	SRR23329748
SRR23329748.11848	1446	56.02	72.06	SRR23329748
SRR23329748.11849	1459	54.01	93.00	SRR23329748
SRR23329748.11850	1457	54.15	32.33	SRR23329748
SRR23329748.11851	1407	56.43	47.38	SRR23329748
SRR23329748.11852	1407	55.65	36.47	SRR23329748
SRR23329748.11853	1412	54.53	36.35	SRR23329748
SRR23329748.11854	1385	55.67	23.95	SRR23329748
SRR23329748.11855	1460	55.00	36.47	SRR23329748
SRR23329748.11856	1421	54.26	43.11	SRR23329748
SRR23329748.11857	1453	55.47	93.00	SRR23329748
SRR23329748.11858	1461	53.25	89.17	SRR23329748
SRR23329748.11860	1478	48.31	93.00	SRR23329748
SRR23329748.11862	1475	54.24	40.56	SRR23329748
SRR23329748.11863	1487	55.28	34.83	SRR23329748
SRR23329748.11864	1488	49.33	92.99	SRR23329748
SRR23329748.11865	1448	55.66	31.23	SRR23329748
SRR23329748.11866	1412	56.73	93.00	SRR23329748
SRR23329748.11867	1453	57.05	93.00	SRR23329748
SRR23329748.11868	1471	53.77	26.41	SRR23329748
SRR23329748.11869	1458	51.03	32.29	SRR23329748
SRR23329748.11871	1410	55.67	24.89	SRR23329748
SRR23329748.11873	1407	55.93	57.38	SRR23329748
SRR23329748.11875	1467	51.26	28.35	SRR23329748
SRR23329748.11876	1407	56.65	45.08	SRR23329748
SRR23329748.11877	1475	54.10	60.60	SRR23329748
SRR23329748.11878	1475	53.90	49.63	SRR23329748
SRR23329748.11879	1458	57.20	91.72	SRR23329748
SRR23329748.11880	1407	55.65	64.44	SRR23329748
SRR23329748.11881	1475	54.24	38.40	SRR23329748
SRR23329748.11882	1446	55.60	59.57	SRR23329748
SRR23329748.11883	1387	56.09	80.62	SRR23329748
SRR23329748.11884	1488	49.26	87.30	SRR23329748
SRR23329748.11885	1475	53.97	70.66	SRR23329748
SRR23329748.11886	1447	55.22	35.37	SRR23329748
SRR23329748.11887	1476	55.62	21.36	SRR23329748
SRR23329748.11888	1488	49.26	93.00	SRR23329748
SRR23329748.11889	1474	54.21	34.24	SRR23329748
SRR23329748.11890	1440	58.26	93.00	SRR23329748
SRR23329748.11891	1460	53.15	39.62	SRR23329748
SRR23329748.11892	1407	56.36	93.00	SRR23329748
SRR23329748.11893	1411	55.92	50.77	SRR23329748
SRR23329748.11894	1441	58.50	35.59	SRR23329748
SRR23329748.11895	1410	56.60	38.42	SRR23329748
SRR23329748.11896	1488	49.33	87.17	SRR23329748
SRR23329748.11897	1460	52.88	47.79	SRR23329748
SRR23329748.11898	1479	49.36	31.29	SRR23329748
SRR23329748.11899	1387	54.58	92.63	SRR23329748
SRR23329748.11900	1486	49.33	28.09	SRR23329748
SRR23329748.11902	1447	57.57	40.40	SRR23329748
SRR23329748.11903	1469	49.56	22.57	SRR23329748
SRR23329748.11904	1441	52.39	76.24	SRR23329748
SRR23329748.11905	1407	55.65	77.36	SRR23329748
SRR23329748.11906	1411	54.64	82.08	SRR23329748
SRR23329748.11907	1485	55.82	62.71	SRR23329748
SRR23329748.11908	1454	51.93	93.00	SRR23329748
SRR23329748.11909	1467	49.42	38.66	SRR23329748
SRR23329748.11910	1407	55.86	93.00	SRR23329748
SRR23329748.11911	1413	50.60	92.81	SRR23329748
SRR23329748.11912	1460	54.04	74.55	SRR23329748
SRR23329748.11913	1445	58.06	92.98	SRR23329748
SRR23329748.11914	1449	56.45	27.31	SRR23329748
SRR23329748.11915	1475	53.97	93.00	SRR23329748
SRR23329748.11916	1459	52.98	53.53	SRR23329748
SRR23329748.11917	1407	55.72	92.99	SRR23329748
SRR23329748.11918	1459	52.91	91.42	SRR23329748
SRR23329748.11919	1409	55.93	25.29	SRR23329748
SRR23329748.11920	1408	56.18	23.26	SRR23329748
SRR23329748.11921	1459	53.74	33.01	SRR23329748
SRR23329748.11922	1483	55.36	40.21	SRR23329748
SRR23329748.11923	1412	55.81	36.91	SRR23329748
SRR23329748.11924	1408	56.68	31.57	SRR23329748
SRR23329748.11926	1489	53.93	40.77	SRR23329748
SRR23329748.11927	1458	53.84	20.10	SRR23329748
SRR23329748.11928	1406	55.90	38.05	SRR23329748
SRR23329748.11929	1489	54.00	54.71	SRR23329748
SRR23329748.11930	1410	57.30	90.39	SRR23329748
SRR23329748.11931	1491	49.63	20.59	SRR23329748
SRR23329748.11932	1412	55.81	73.72	SRR23329748
SRR23329748.11933	1407	56.01	35.01	SRR23329748
SRR23329748.11934	1407	55.93	85.91	SRR23329748
SRR23329748.11935	1439	53.44	30.24	SRR23329748
SRR23329748.11936	1482	49.46	32.47	SRR23329748
SRR23329748.11937	1409	56.00	25.64	SRR23329748
SRR23329748.11938	1490	53.96	33.29	SRR23329748
SRR23329748.11939	1449	55.21	34.50	SRR23329748
SRR23329748.11941	1446	55.60	91.09	SRR23329748
SRR23329748.11943	2008	53.88	34.19	SRR23329748
SRR23329748.11944	1411	55.99	85.29	SRR23329748
SRR23329748.11945	1407	55.65	93.00	SRR23329748
SRR23329748.11946	1412	55.88	27.57	SRR23329748
SRR23329748.11948	1490	49.33	29.94	SRR23329748
SRR23329748.11949	1445	58.55	93.00	SRR23329748
SRR23329748.11950	1408	56.61	27.28	SRR23329748
SRR23329748.11951	1473	51.39	72.46	SRR23329748
SRR23329748.11952	1388	55.84	33.22	SRR23329748
SRR23329748.11954	1412	56.73	82.62	SRR23329748
SRR23329748.11955	1407	56.50	84.77	SRR23329748
SRR23329748.11957	1421	56.79	92.92	SRR23329748
SRR23329748.11958	1461	56.13	40.10	SRR23329748
SRR23329748.11959	1438	56.33	67.68	SRR23329748
SRR23329748.11960	1408	50.99	59.02	SRR23329748
SRR23329748.11961	1406	56.05	26.32	SRR23329748
SRR23329748.11962	1475	54.10	62.65	SRR23329748
SRR23329748.11963	1443	55.58	28.20	SRR23329748
SRR23329748.11965	1467	49.42	39.78	SRR23329748
SRR23329748.11966	1403	56.02	64.46	SRR23329748
SRR23329748.11967	1407	56.43	90.82	SRR23329748
SRR23329748.11968	1415	55.90	21.44	SRR23329748
SRR23329748.11969	1407	56.57	92.71	SRR23329748
SRR23329748.11973	1414	55.94	20.66	SRR23329748
SRR23329748.11974	1407	56.15	93.00	SRR23329748
SRR23329748.11975	1488	49.33	76.66	SRR23329748
SRR23329748.11976	1407	55.51	62.07	SRR23329748
SRR23329748.11977	1407	56.57	72.95	SRR23329748
SRR23329748.11978	1464	49.52	22.72	SRR23329748
SRR23329748.11979	1444	60.46	89.68	SRR23329748
SRR23329748.11981	1484	55.46	27.85	SRR23329748
SRR23329748.11982	1476	52.91	26.68	SRR23329748
SRR23329748.11983	1482	53.85	21.33	SRR23329748
SRR23329748.11985	1446	56.15	31.19	SRR23329748
SRR23329748.11986	1443	56.20	21.38	SRR23329748
SRR23329748.11987	1411	56.77	33.48	SRR23329748
SRR23329748.11988	1475	53.90	64.87	SRR23329748
SRR23329748.11989	1442	57.70	22.99	SRR23329748
SRR23329748.11990	1460	52.47	92.15	SRR23329748
SRR23329748.11991	1456	58.17	28.20	SRR23329748
SRR23329748.11992	1470	52.65	46.13	SRR23329748
SRR23329748.11993	1408	55.54	24.87	SRR23329748
SRR23329748.11994	1466	49.39	33.89	SRR23329748
SRR23329748.11995	1481	49.36	92.99	SRR23329748
SRR23329748.11996	1388	55.55	35.33	SRR23329748
SRR23329748.11997	1455	54.85	21.03	SRR23329748
SRR23329748.11998	1475	54.17	70.63	SRR23329748
SRR23329748.11999	1420	57.46	31.86	SRR23329748
SRR23329748.12000	1488	49.33	53.65	SRR23329748
SRR23329748.12001	1454	51.79	93.00	SRR23329748
SRR23329748.12002	1474	54.27	73.61	SRR23329748
SRR23329748.12004	1467	49.35	64.23	SRR23329748
SRR23329748.12006	1443	55.72	21.99	SRR23329748
SRR23329748.12007	1475	53.90	42.82	SRR23329748
SRR23329748.12008	1473	53.97	21.06	SRR23329748
SRR23329748.12009	1385	55.67	52.07	SRR23329748
SRR23329748.12010	1446	55.67	70.74	SRR23329748
SRR23329748.12011	1430	57.62	56.83	SRR23329748
SRR23329748.12012	1420	57.75	92.96	SRR23329748
SRR23329748.12013	1407	54.87	41.56	SRR23329748
SRR23329748.12014	1444	56.86	68.57	SRR23329748
SRR23329748.12015	1460	52.47	93.00	SRR23329748
SRR23329748.12016	1475	54.10	93.00	SRR23329748
SRR23329748.12017	1408	55.89	28.93	SRR23329748
SRR23329748.12018	1458	56.24	21.60	SRR23329748
SRR23329748.12019	1471	59.28	91.10	SRR23329748
SRR23329748.12021	1421	56.79	84.26	SRR23329748
SRR23329748.12022	1431	57.65	88.59	SRR23329748
SRR23329748.12023	1485	57.17	21.32	SRR23329748
SRR23329748.12024	1407	55.58	92.95	SRR23329748
SRR23329748.12025	1389	56.37	34.99	SRR23329748
SRR23329748.12026	1473	51.32	81.36	SRR23329748
SRR23329748.12027	1471	54.18	25.51	SRR23329748
SRR23329748.12029	1477	52.88	93.00	SRR23329748
SRR23329748.12031	1407	55.72	93.00	SRR23329748
SRR23329748.12032	1467	49.35	92.66	SRR23329748
SRR23329748.12033	1481	53.95	25.10	SRR23329748
SRR23329748.12034	1420	56.13	93.00	SRR23329748
SRR23329748.12035	1447	57.50	83.13	SRR23329748
SRR23329748.12036	1478	54.26	28.76	SRR23329748
SRR23329748.12037	1478	55.01	27.86	SRR23329748
SRR23329748.12039	1404	56.70	93.00	SRR23329748
SRR23329748.12040	1427	55.78	20.40	SRR23329748
SRR23329748.12042	1476	53.86	32.74	SRR23329748
SRR23329748.12044	1481	44.16	70.36	SRR23329748
SRR23329748.12045	1438	56.40	75.16	SRR23329748
SRR23329748.12046	1432	53.63	38.34	SRR23329748
SRR23329748.12048	1481	49.43	92.99	SRR23329748
SRR23329748.12049	1407	56.43	80.24	SRR23329748
SRR23329748.12050	1404	55.56	24.25	SRR23329748
SRR23329748.12051	1446	55.26	36.87	SRR23329748
SRR23329748.12052	1501	57.89	20.59	SRR23329748
SRR23329748.12053	1389	56.59	93.00	SRR23329748
SRR23329748.12054	1447	55.22	32.88	SRR23329748
SRR23329748.12055	1401	50.39	81.16	SRR23329748
SRR23329748.12056	1475	53.97	92.72	SRR23329748
SRR23329748.12057	1407	55.93	58.43	SRR23329748
SRR23329748.12058	1447	56.05	35.09	SRR23329748
SRR23329748.12059	1446	55.74	38.52	SRR23329748
SRR23329748.12060	1484	55.59	92.63	SRR23329748
SRR23329748.12061	1475	51.32	25.89	SRR23329748
SRR23329748.12062	1451	59.48	93.00	SRR23329748
SRR23329748.12063	1475	54.24	93.00	SRR23329748
SRR23329748.12065	1481	49.43	23.55	SRR23329748
SRR23329748.12066	1444	56.86	78.65	SRR23329748
SRR23329748.12067	1407	55.58	53.23	SRR23329748
SRR23329748.12068	1430	57.62	32.08	SRR23329748
SRR23329748.12069	1488	49.33	70.69	SRR23329748
SRR23329748.12071	1462	53.01	93.00	SRR23329748
SRR23329748.12072	1714	46.97	30.55	SRR23329748
SRR23329748.12073	1412	39.24	24.22	SRR23329748
SRR23329748.12074	1406	55.83	93.00	SRR23329748
SRR23329748.12075	1481	49.43	83.83	SRR23329748
SRR23329748.12076	1407	56.57	93.00	SRR23329748
SRR23329748.12077	1407	56.65	41.47	SRR23329748
SRR23329748.12078	1465	49.76	21.24	SRR23329748
SRR23329748.12079	1423	50.25	33.87	SRR23329748
SRR23329748.12080	1444	56.23	31.44	SRR23329748
SRR23329748.12081	1413	55.48	93.00	SRR23329748
SRR23329748.12082	1472	51.22	27.55	SRR23329748
SRR23329748.12083	1491	51.17	26.89	SRR23329748
SRR23329748.12084	1455	51.75	31.33	SRR23329748
SRR23329748.12085	1475	54.03	36.61	SRR23329748
SRR23329748.12086	1471	52.35	31.67	SRR23329748
SRR23329748.12087	1452	51.79	30.61	SRR23329748
SRR23329748.12088	1385	56.46	93.00	SRR23329748
SRR23329748.12089	1488	49.33	93.00	SRR23329748
SRR23329748.12090	1489	49.36	27.06	SRR23329748
SRR23329748.12091	1407	56.36	92.99	SRR23329748
SRR23329748.12092	1459	52.91	59.80	SRR23329748
SRR23329748.12093	1489	53.93	46.03	SRR23329748
SRR23329748.12094	1493	55.59	23.32	SRR23329748
SRR23329748.12095	1449	56.52	63.54	SRR23329748
SRR23329748.12096	1437	58.52	90.22	SRR23329748
SRR23329748.12097	1406	55.26	93.00	SRR23329748
SRR23329748.12098	1460	53.56	93.00	SRR23329748
SRR23329748.12099	1481	49.56	84.42	SRR23329748
SRR23329748.12100	1407	55.93	44.11	SRR23329748
SRR23329748.12101	1466	55.05	93.00	SRR23329748
SRR23329748.12102	1488	49.33	88.94	SRR23329748
SRR23329748.12103	1407	56.65	92.66	SRR23329748
SRR23329748.12104	1383	55.17	24.26	SRR23329748
SRR23329748.12105	1424	57.44	49.13	SRR23329748
SRR23329748.12106	1445	56.26	32.34	SRR23329748
SRR23329748.12107	1407	55.65	33.43	SRR23329748
SRR23329748.12108	1445	57.16	47.93	SRR23329748
SRR23329748.12109	1411	56.77	37.20	SRR23329748
SRR23329748.12110	1456	52.82	26.11	SRR23329748
SRR23329748.12112	1484	55.59	36.61	SRR23329748
SRR23329748.12113	1407	56.65	93.00	SRR23329748
SRR23329748.12114	1407	56.65	55.95	SRR23329748
SRR23329748.12115	1458	57.27	93.00	SRR23329748
SRR23329748.12116	1408	55.40	21.42	SRR23329748
SRR23329748.12117	1489	53.93	93.00	SRR23329748
SRR23329748.12118	1479	58.89	85.43	SRR23329748
SRR23329748.12120	1412	56.80	51.82	SRR23329748
SRR23329748.12121	1484	54.99	64.71	SRR23329748
SRR23329748.12122	1412	55.81	93.00	SRR23329748
SRR23329748.12123	1405	55.66	26.21	SRR23329748
SRR23329748.12124	1446	55.53	93.00	SRR23329748
SRR23329748.12125	1434	56.62	49.94	SRR23329748
SRR23329748.12126	1411	54.50	93.00	SRR23329748
SRR23329748.12127	1488	49.40	36.31	SRR23329748
SRR23329748.12128	1481	49.49	86.67	SRR23329748
SRR23329748.12130	1421	56.79	88.83	SRR23329748
SRR23329748.12131	1403	56.02	93.00	SRR23329748
SRR23329748.12132	1389	52.27	23.06	SRR23329748
SRR23329748.12133	1490	53.96	39.18	SRR23329748
SRR23329748.12135	1488	49.26	93.00	SRR23329748
SRR23329748.12136	1486	49.33	26.99	SRR23329748
SRR23329748.12137	1419	57.72	35.31	SRR23329748
SRR23329748.12138	1475	54.10	93.00	SRR23329748
SRR23329748.12139	1484	55.39	71.44	SRR23329748
SRR23329748.12140	1477	54.03	31.27	SRR23329748
SRR23329748.12141	1475	53.90	70.63	SRR23329748
SRR23329748.12143	1474	54.00	30.70	SRR23329748
SRR23329748.12144	1447	57.43	93.00	SRR23329748
SRR23329748.12145	1384	56.43	31.98	SRR23329748
SRR23329748.12148	1467	57.40	40.16	SRR23329748
SRR23329748.12149	1407	55.65	93.00	SRR23329748
SRR23329748.12150	1460	55.00	92.93	SRR23329748
SRR23329748.12152	1386	55.92	93.00	SRR23329748
SRR23329748.12153	1481	49.43	33.53	SRR23329748
SRR23329748.12154	1424	56.74	48.39	SRR23329748
SRR23329748.12155	1488	49.33	49.81	SRR23329748
SRR23329748.12156	1454	51.79	72.77	SRR23329748
SRR23329748.12157	1406	55.62	33.55	SRR23329748
SRR23329748.12158	1438	56.26	25.84	SRR23329748
SRR23329748.12159	1476	51.15	24.08	SRR23329748
SRR23329748.12160	1486	54.17	32.85	SRR23329748
SRR23329748.12161	1488	52.15	72.71	SRR23329748
SRR23329748.12162	1455	58.14	20.16	SRR23329748
SRR23329748.12163	1383	55.82	66.11	SRR23329748
SRR23329748.12164	1474	54.00	26.08	SRR23329748
SRR23329748.12165	1455	53.61	93.00	SRR23329748
SRR23329748.12166	1458	58.09	93.00	SRR23329748
SRR23329748.12167	1467	57.40	93.00	SRR23329748
SRR23329748.12168	1447	55.84	82.67	SRR23329748
SRR23329748.12169	1389	55.87	43.96	SRR23329748
SRR23329748.12170	1483	55.56	36.53	SRR23329748
SRR23329748.12171	1457	58.89	40.25	SRR23329748
SRR23329748.12172	1424	55.69	93.00	SRR23329748
SRR23329748.12175	1407	55.58	93.00	SRR23329748
SRR23329748.12176	1450	58.00	24.87	SRR23329748
SRR23329748.12177	1436	56.96	92.94	SRR23329748
SRR23329748.12178	1447	55.77	93.00	SRR23329748
SRR23329748.12179	1408	55.82	93.00	SRR23329748
SRR23329748.12180	1445	50.03	40.59	SRR23329748
SRR23329748.12181	1444	56.79	69.23	SRR23329748
SRR23329748.12182	1457	56.07	91.08	SRR23329748
SRR23329748.12183	1450	57.79	40.19	SRR23329748
SRR23329748.12184	1409	55.15	29.91	SRR23329748
SRR23329748.12185	1474	53.87	41.58	SRR23329748
SRR23329748.12186	1444	56.23	53.72	SRR23329748
SRR23329748.12187	1409	54.72	93.00	SRR23329748
SRR23329748.12188	1437	56.85	70.34	SRR23329748
SRR23329748.12189	1467	49.69	46.51	SRR23329748
SRR23329748.12190	1484	55.93	92.69	SRR23329748
SRR23329748.12191	1447	54.87	53.56	SRR23329748
SRR23329748.12192	1409	55.64	26.58	SRR23329748
SRR23329748.12193	1476	54.07	26.42	SRR23329748
SRR23329748.12194	1383	55.60	22.78	SRR23329748
SRR23329748.12195	1412	54.60	87.54	SRR23329748
SRR23329748.12196	1446	56.02	89.74	SRR23329748
SRR23329748.12197	1407	55.65	93.00	SRR23329748
SRR23329748.12198	1403	55.52	24.34	SRR23329748
SRR23329748.12199	1407	56.65	55.66	SRR23329748
SRR23329748.12200	1411	54.43	63.86	SRR23329748
SRR23329748.12201	1416	56.85	26.81	SRR23329748
SRR23329748.12202	1402	55.78	22.82	SRR23329748
SRR23329748.12203	1427	56.62	25.85	SRR23329748
SRR23329748.12204	1473	51.32	48.41	SRR23329748
SRR23329748.12205	1447	56.46	46.14	SRR23329748
SRR23329748.12206	1445	56.40	76.75	SRR23329748
SRR23329748.12207	1433	56.11	32.02	SRR23329748
SRR23329748.12208	1484	55.59	67.84	SRR23329748
SRR23329748.12209	1403	56.02	32.11	SRR23329748
SRR23329748.12211	1467	49.28	69.64	SRR23329748
SRR23329748.12212	1405	56.44	23.67	SRR23329748
SRR23329748.12213	1454	50.48	93.00	SRR23329748
SRR23329748.12214	1406	56.05	77.60	SRR23329748
SRR23329748.12216	1407	55.65	87.15	SRR23329748
SRR23329748.12217	1445	57.65	48.61	SRR23329748
SRR23329748.12218	1481	54.36	22.40	SRR23329748
SRR23329748.12219	1495	49.10	26.85	SRR23329748
SRR23329748.12220	1480	49.39	44.32	SRR23329748
SRR23329748.12221	1444	56.72	93.00	SRR23329748
SRR23329748.12222	1412	56.87	48.48	SRR23329748
SRR23329748.12223	1465	55.09	47.80	SRR23329748
SRR23329748.12224	1407	56.29	31.14	SRR23329748
SRR23329748.12225	1458	53.64	57.64	SRR23329748
SRR23329748.12226	1446	57.68	58.47	SRR23329748
SRR23329748.12227	1488	49.33	45.33	SRR23329748
SRR23329748.12228	1407	55.65	82.11	SRR23329748
SRR23329748.12229	1460	53.56	34.45	SRR23329748
SRR23329748.12230	1407	56.08	39.45	SRR23329748
SRR23329748.12231	1467	49.35	63.19	SRR23329748
SRR23329748.12232	1454	51.79	89.76	SRR23329748
SRR23329748.12233	1408	55.97	30.35	SRR23329748
SRR23329748.12234	1439	65.32	65.54	SRR23329748
SRR23329748.12236	1405	48.40	93.00	SRR23329748
SRR23329748.12237	1406	56.54	67.42	SRR23329748
SRR23329748.12238	1446	55.60	53.16	SRR23329748
SRR23329748.12239	1477	57.35	27.99	SRR23329748
SRR23329748.12240	1475	54.24	55.80	SRR23329748
SRR23329748.12241	1407	55.93	42.48	SRR23329748
SRR23329748.12242	1432	53.63	83.90	SRR23329748
SRR23329748.12243	1411	54.50	50.39	SRR23329748
SRR23329748.12244	1455	53.54	92.71	SRR23329748
SRR23329748.12245	1407	55.93	51.19	SRR23329748
SRR23329748.12246	1412	55.81	72.35	SRR23329748
SRR23329748.12247	1406	56.12	31.14	SRR23329748
SRR23329748.12248	1431	57.51	55.09	SRR23329748
SRR23329748.12249	1471	52.48	93.00	SRR23329748
SRR23329748.12251	1412	56.80	37.28	SRR23329748
SRR23329748.12253	1412	55.74	72.30	SRR23329748
SRR23329748.12254	1412	56.80	93.00	SRR23329748
SRR23329748.12255	1407	56.08	39.87	SRR23329748
SRR23329748.12257	1412	55.74	90.62	SRR23329748
SRR23329748.12258	1422	59.35	49.83	SRR23329748
SRR23329748.12259	1473	54.04	29.66	SRR23329748
SRR23329748.12260	1485	55.42	26.45	SRR23329748
SRR23329748.12261	1446	55.53	89.23	SRR23329748
SRR23329748.12262	1437	58.59	92.52	SRR23329748
SRR23329748.12263	1407	55.86	53.41	SRR23329748
SRR23329748.12264	1447	58.88	92.64	SRR23329748
SRR23329748.12265	1478	48.31	93.00	SRR23329748
SRR23329748.12267	1385	55.38	26.83	SRR23329748
SRR23329748.12268	1407	56.50	38.94	SRR23329748
SRR23329748.12269	1514	44.19	91.49	SRR23329748
SRR23329748.12271	1407	56.65	35.46	SRR23329748
SRR23329748.12272	1404	56.70	81.00	SRR23329748
SRR23329748.12273	1458	53.29	93.00	SRR23329748
SRR23329748.12274	1482	53.98	28.93	SRR23329748
SRR23329748.12275	1408	48.65	34.19	SRR23329748
SRR23329748.12276	1461	52.70	76.57	SRR23329748
SRR23329748.12277	1408	55.97	32.65	SRR23329748
SRR23329748.12278	1465	52.22	21.72	SRR23329748
SRR23329748.12279	1488	49.26	54.29	SRR23329748
SRR23329748.12280	1467	57.40	78.64	SRR23329748
SRR23329748.12281	1412	56.73	93.00	SRR23329748
SRR23329748.12282	1447	56.67	63.42	SRR23329748
SRR23329748.12283	1407	56.57	51.41	SRR23329748
SRR23329748.12284	1475	54.17	65.59	SRR23329748
SRR23329748.12285	1409	54.72	64.82	SRR23329748
SRR23329748.12286	1475	53.97	92.98	SRR23329748
SRR23329748.12287	1449	57.76	63.72	SRR23329748
SRR23329748.12288	1435	56.79	24.96	SRR23329748
SRR23329748.12290	1461	53.32	42.66	SRR23329748
SRR23329748.12291	1411	55.63	93.00	SRR23329748
SRR23329748.12292	1446	57.47	40.54	SRR23329748
SRR23329748.12293	1409	58.84	65.48	SRR23329748
SRR23329748.12294	1441	52.60	91.16	SRR23329748
SRR23329748.12295	1432	53.63	53.34	SRR23329748
SRR23329748.12296	1405	56.23	32.41	SRR23329748
SRR23329748.12298	1405	55.52	32.99	SRR23329748
SRR23329748.12299	1407	56.15	93.00	SRR23329748
SRR23329748.12300	1164	46.48	92.45	SRR23329748
SRR23329748.12301	1472	52.38	63.67	SRR23329748
SRR23329748.12302	1425	56.56	23.21	SRR23329748
SRR23329748.12303	1407	56.65	92.96	SRR23329748
SRR23329748.12305	1476	54.27	33.23	SRR23329748
SRR23329748.12306	1457	56.01	93.00	SRR23329748
SRR23329748.12307	1412	55.59	35.50	SRR23329748
SRR23329748.12308	1407	56.65	64.48	SRR23329748
SRR23329748.12309	1467	49.28	93.00	SRR23329748
SRR23329748.12310	1437	58.46	78.42	SRR23329748
SRR23329748.12311	1469	52.83	21.61	SRR23329748
SRR23329748.12312	1474	53.87	37.00	SRR23329748
SRR23329748.12313	1422	56.96	47.69	SRR23329748
SRR23329748.12314	1467	49.49	60.65	SRR23329748
SRR23329748.12315	1445	58.06	46.62	SRR23329748
SRR23329748.12316	1451	58.03	37.61	SRR23329748
SRR23329748.12317	1475	53.90	37.19	SRR23329748
SRR23329748.12318	1411	54.57	93.00	SRR23329748
SRR23329748.12319	1413	56.55	28.71	SRR23329748
SRR23329748.12320	1402	56.49	25.81	SRR23329748
SRR23329748.12321	1483	55.50	35.29	SRR23329748
SRR23329748.12322	1459	52.91	65.11	SRR23329748
SRR23329748.12324	1409	39.32	53.40	SRR23329748
SRR23329748.12325	1444	56.86	38.52	SRR23329748
SRR23329748.12326	1407	55.08	50.44	SRR23329748
SRR23329748.12327	1407	55.65	74.11	SRR23329748
SRR23329748.12328	1442	52.08	90.28	SRR23329748
SRR23329748.12329	1437	56.92	32.70	SRR23329748
SRR23329748.12330	1459	52.98	92.06	SRR23329748
SRR23329748.12331	1407	56.01	93.00	SRR23329748
SRR23329748.12332	1410	56.60	25.85	SRR23329748
SRR23329748.12333	1428	56.65	22.45	SRR23329748
SRR23329748.12335	1443	55.02	89.01	SRR23329748
SRR23329748.12336	1467	49.76	93.00	SRR23329748
SRR23329748.12337	1467	49.35	68.27	SRR23329748
SRR23329748.12338	1467	49.35	92.91	SRR23329748
SRR23329748.12339	1404	56.70	93.00	SRR23329748
SRR23329748.12341	1445	58.27	92.98	SRR23329748
SRR23329748.12342	1329	54.55	43.22	SRR23329748
SRR23329748.12343	1489	53.93	88.37	SRR23329748
SRR23329748.12344	1489	53.93	55.57	SRR23329748
SRR23329748.12345	1440	58.61	30.37	SRR23329748
SRR23329748.12346	1389	55.36	27.60	SRR23329748
SRR23329748.12347	1447	52.52	93.00	SRR23329748
SRR23329748.12348	1407	55.93	93.00	SRR23329748
SRR23329748.12349	1442	58.46	33.29	SRR23329748
SRR23329748.12350	1410	51.77	32.62	SRR23329748
SRR23329748.12351	1446	56.43	34.60	SRR23329748
SRR23329748.12352	1488	49.26	43.70	SRR23329748
SRR23329748.12354	1454	56.46	92.09	SRR23329748
SRR23329748.12355	1412	56.80	93.00	SRR23329748
SRR23329748.12356	1409	56.00	23.68	SRR23329748
SRR23329748.12357	1433	59.18	51.84	SRR23329748
SRR23329748.12358	1408	55.68	32.85	SRR23329748
SRR23329748.12359	1406	56.61	54.39	SRR23329748
SRR23329748.12360	1445	50.03	93.00	SRR23329748
SRR23329748.12362	1453	54.99	31.36	SRR23329748
SRR23329748.12363	1493	49.43	27.91	SRR23329748
SRR23329748.12364	1412	56.80	92.72	SRR23329748
SRR23329748.12365	1442	58.60	92.85	SRR23329748
SRR23329748.12366	1412	56.66	22.98	SRR23329748
SRR23329748.12367	1460	56.10	93.00	SRR23329748
SRR23329748.12368	1458	53.50	33.52	SRR23329748
SRR23329748.12369	1475	53.83	77.55	SRR23329748
SRR23329748.12370	1407	54.58	24.35	SRR23329748
SRR23329748.12371	1433	55.69	24.18	SRR23329748
SRR23329748.12372	1408	39.35	76.07	SRR23329748
SRR23329748.12373	1439	50.94	91.94	SRR23329748
SRR23329748.12374	1426	45.09	93.00	SRR23329748
SRR23329748.12375	1421	56.72	30.68	SRR23329748
SRR23329748.12376	1425	56.28	52.12	SRR23329748
SRR23329748.12378	3006	42.35	38.23	SRR23329748
SRR23329748.12379	1408	55.54	34.52	SRR23329748
SRR23329748.12380	1453	57.05	93.00	SRR23329748
SRR23329748.12381	1404	57.12	92.97	SRR23329748
SRR23329748.12383	1411	54.50	53.49	SRR23329748
SRR23329748.12384	1435	50.87	35.52	SRR23329748
SRR23329748.12385	1432	57.75	27.03	SRR23329748
SRR23329748.12386	1487	49.29	41.33	SRR23329748
SRR23329748.12387	1408	55.82	50.47	SRR23329748
SRR23329748.12388	1473	51.39	82.29	SRR23329748
SRR23329748.12389	1410	54.47	41.59	SRR23329748
SRR23329748.12390	1370	54.89	21.08	SRR23329748
SRR23329748.12391	1475	53.97	92.32	SRR23329748
SRR23329748.12392	1407	56.43	35.26	SRR23329748
SRR23329748.12393	1475	53.90	93.00	SRR23329748
SRR23329748.12394	1410	56.24	29.49	SRR23329748
SRR23329748.12395	1445	56.40	92.98	SRR23329748
SRR23329748.12396	1441	57.67	91.69	SRR23329748
SRR23329748.12397	1480	49.39	30.63	SRR23329748
SRR23329748.12399	1413	54.64	93.00	SRR23329748
SRR23329748.12400	1429	50.17	30.64	SRR23329748
SRR23329748.12401	1407	55.65	85.77	SRR23329748
SRR23329748.12402	1464	54.03	27.79	SRR23329748
SRR23329748.12403	1473	51.26	93.00	SRR23329748
SRR23329748.12404	1477	54.03	30.00	SRR23329748
SRR23329748.12405	1470	56.12	20.66	SRR23329748
SRR23329748.12406	1466	49.52	23.42	SRR23329748
SRR23329748.12407	1411	55.78	34.69	SRR23329748
SRR23329748.12408	1407	55.72	40.02	SRR23329748
SRR23329748.12409	1482	49.39	36.69	SRR23329748
SRR23329748.12410	1408	55.75	70.30	SRR23329748
SRR23329748.12411	1407	55.93	54.00	SRR23329748
SRR23329748.12412	1404	56.70	54.46	SRR23329748
SRR23329748.12413	1408	55.75	64.85	SRR23329748
SRR23329748.12414	1460	55.00	46.61	SRR23329748
SRR23329748.12415	1459	52.84	61.89	SRR23329748
SRR23329748.12416	1488	49.33	93.00	SRR23329748
SRR23329748.12417	1383	54.88	28.32	SRR23329748
SRR23329748.12418	1453	54.78	83.90	SRR23329748
SRR23329748.12419	1447	55.56	56.39	SRR23329748
SRR23329748.12420	1475	53.90	34.27	SRR23329748
SRR23329748.12421	1444	58.86	49.54	SRR23329748
SRR23329748.12422	1383	56.40	28.09	SRR23329748
SRR23329748.12423	1447	58.05	92.24	SRR23329748
SRR23329748.12424	1407	55.93	82.98	SRR23329748
SRR23329748.12426	1467	49.49	86.10	SRR23329748
SRR23329748.12427	1474	54.07	93.00	SRR23329748
SRR23329748.12428	1488	49.33	93.00	SRR23329748
SRR23329748.12429	1411	55.49	24.78	SRR23329748
SRR23329748.12430	1409	55.71	27.89	SRR23329748
SRR23329748.12431	1451	59.27	22.38	SRR23329748
SRR23329748.12432	1453	54.92	92.84	SRR23329748
SRR23329748.12433	1474	53.93	27.59	SRR23329748
SRR23329748.12434	1466	49.32	54.92	SRR23329748
SRR23329748.12435	1407	55.58	93.00	SRR23329748
SRR23329748.12436	1488	49.33	52.72	SRR23329748
SRR23329748.12437	1471	55.06	33.79	SRR23329748
SRR23329748.12438	1409	55.78	34.07	SRR23329748
SRR23329748.12439	1387	55.59	30.82	SRR23329748
SRR23329748.12440	1412	56.80	93.00	SRR23329748
SRR23329748.12441	1456	52.75	24.01	SRR23329748
SRR23329748.12442	1407	56.65	46.36	SRR23329748
SRR23329748.12443	1407	56.08	92.99	SRR23329748
SRR23329748.12444	1438	59.11	93.00	SRR23329748
SRR23329748.12445	1416	55.93	26.48	SRR23329748
SRR23329748.12446	1487	49.29	34.39	SRR23329748
SRR23329748.12447	1407	56.65	79.29	SRR23329748
SRR23329748.12448	1456	58.86	26.16	SRR23329748
SRR23329748.12449	1515	43.04	31.62	SRR23329748
SRR23329748.12450	1404	56.48	24.58	SRR23329748
SRR23329748.12452	1481	54.09	26.06	SRR23329748
SRR23329748.12453	1445	58.06	34.23	SRR23329748
SRR23329748.12454	1445	60.42	86.24	SRR23329748
SRR23329748.12455	1407	55.93	53.48	SRR23329748
SRR23329748.12456	1470	52.65	93.00	SRR23329748
SRR23329748.12457	1471	52.35	76.43	SRR23329748
SRR23329748.12458	1488	49.33	40.69	SRR23329748
SRR23329748.12459	1491	53.99	24.71	SRR23329748
SRR23329748.12460	1488	49.33	93.00	SRR23329748
SRR23329748.12461	1467	49.49	93.00	SRR23329748
SRR23329748.12462	1407	56.65	31.08	SRR23329748
SRR23329748.12463	1488	49.33	87.47	SRR23329748
SRR23329748.12464	1408	55.68	28.37	SRR23329748
SRR23329748.12465	1423	55.80	21.48	SRR23329748
SRR23329748.12466	1433	59.25	50.78	SRR23329748
SRR23329748.12467	1407	55.58	29.11	SRR23329748
SRR23329748.12468	1447	55.22	93.00	SRR23329748
SRR23329748.12469	1462	55.06	62.42	SRR23329748
SRR23329748.12470	1407	55.93	77.33	SRR23329748
SRR23329748.12471	1484	55.59	93.00	SRR23329748
SRR23329748.12472	1407	55.72	91.01	SRR23329748
SRR23329748.12473	1446	55.19	47.49	SRR23329748
SRR23329748.12475	1477	53.76	20.33	SRR23329748
SRR23329748.12476	1412	56.80	47.15	SRR23329748
SRR23329748.12477	1413	54.49	30.85	SRR23329748
SRR23329748.12478	1411	55.71	26.24	SRR23329748
SRR23329748.12479	1445	57.23	93.00	SRR23329748
SRR23329748.12480	1405	55.59	52.71	SRR23329748
SRR23329748.12482	1467	49.42	47.57	SRR23329748
SRR23329748.12483	1484	55.32	92.56	SRR23329748
SRR23329748.12485	1447	56.46	88.84	SRR23329748
SRR23329748.12486	1407	55.58	88.15	SRR23329748
SRR23329748.12487	1478	53.99	25.46	SRR23329748
SRR23329748.12488	1404	55.63	27.06	SRR23329748
SRR23329748.12489	1473	51.12	90.82	SRR23329748
SRR23329748.12490	1480	58.85	35.51	SRR23329748
SRR23329748.12491	1449	56.52	49.61	SRR23329748
SRR23329748.12494	1412	56.73	93.00	SRR23329748
SRR23329748.12495	1406	56.12	40.48	SRR23329748
SRR23329748.12496	1445	57.85	78.79	SRR23329748
SRR23329748.12497	1441	52.32	50.03	SRR23329748
SRR23329748.12498	1388	54.39	93.00	SRR23329748
SRR23329748.12499	1432	56.70	93.00	SRR23329748
SRR23329748.12500	1446	56.02	59.14	SRR23329748
SRR23329748.12501	1463	56.19	86.71	SRR23329748
SRR23329748.12502	1475	53.90	64.65	SRR23329748
SRR23329748.12503	1445	57.16	25.26	SRR23329748
SRR23329748.12505	1435	49.41	35.01	SRR23329748
SRR23329748.12506	1431	57.51	93.00	SRR23329748
SRR23329748.12507	1472	51.29	34.09	SRR23329748
SRR23329748.12508	1414	52.90	43.17	SRR23329748
SRR23329748.12509	1445	58.55	63.35	SRR23329748
SRR23329748.12510	1453	57.05	74.31	SRR23329748
SRR23329748.12511	1403	56.02	58.44	SRR23329748
SRR23329748.12512	1411	54.50	82.99	SRR23329748
SRR23329748.12513	1405	55.80	91.96	SRR23329748
SRR23329748.12514	1476	54.20	56.32	SRR23329748
SRR23329748.12515	1407	56.08	76.24	SRR23329748
SRR23329748.12516	1458	57.41	77.50	SRR23329748
SRR23329748.12517	1476	54.20	25.70	SRR23329748
SRR23329748.12518	1467	49.35	74.49	SRR23329748
SRR23329748.12519	1446	57.40	23.33	SRR23329748
SRR23329748.12520	1407	56.65	93.00	SRR23329748
SRR23329748.12521	1483	55.36	27.50	SRR23329748
SRR23329748.12522	1387	56.02	64.54	SRR23329748
SRR23329748.12523	1407	55.93	90.61	SRR23329748
SRR23329748.12524	1440	56.25	27.06	SRR23329748
SRR23329748.12525	1490	53.96	30.63	SRR23329748
SRR23329748.12526	1447	56.39	86.17	SRR23329748
SRR23329748.12527	1413	55.56	45.40	SRR23329748
SRR23329748.12528	1447	55.43	50.46	SRR23329748
SRR23329748.12529	1473	51.39	36.65	SRR23329748
SRR23329748.12530	1382	54.85	32.82	SRR23329748
SRR23329748.12531	1478	53.99	25.20	SRR23329748
SRR23329748.12532	1407	56.65	32.39	SRR23329748
SRR23329748.12533	1407	56.08	60.18	SRR23329748
SRR23329748.12534	1415	59.01	23.85	SRR23329748
SRR23329748.12535	1458	53.70	39.03	SRR23329748
SRR23329748.12536	1454	57.22	25.41	SRR23329748
SRR23329748.12538	1486	49.26	33.89	SRR23329748
SRR23329748.12539	1445	57.85	71.52	SRR23329748
SRR23329748.12540	1444	58.10	36.02	SRR23329748
SRR23329748.12541	1454	51.79	90.93	SRR23329748
SRR23329748.12542	1408	55.75	48.47	SRR23329748
SRR23329748.12543	1484	55.46	48.88	SRR23329748
SRR23329748.12544	1490	49.33	28.26	SRR23329748
SRR23329748.12545	1411	55.56	46.62	SRR23329748
SRR23329748.12547	1475	54.17	66.60	SRR23329748
SRR23329748.12548	1411	55.63	71.41	SRR23329748
SRR23329748.12549	1446	56.57	57.60	SRR23329748
SRR23329748.12550	1479	55.44	20.44	SRR23329748
SRR23329748.12551	1473	51.19	89.82	SRR23329748
SRR23329748.12552	1488	49.26	92.96	SRR23329748
SRR23329748.12553	1408	55.75	37.04	SRR23329748
SRR23329748.12554	1475	54.17	92.82	SRR23329748
SRR23329748.12555	1435	55.47	41.43	SRR23329748
SRR23329748.12556	1467	49.35	40.14	SRR23329748
SRR23329748.12557	1409	54.72	92.30	SRR23329748
SRR23329748.12558	1457	56.01	74.18	SRR23329748
SRR23329748.12559	1483	55.56	39.02	SRR23329748
SRR23329748.12560	1470	52.72	72.99	SRR23329748
SRR23329748.12561	1411	54.43	90.29	SRR23329748
SRR23329748.12562	1481	49.43	91.90	SRR23329748
SRR23329748.12563	1478	57.51	87.68	SRR23329748
SRR23329748.12564	1453	56.64	24.63	SRR23329748
SRR23329748.12565	1467	49.28	27.76	SRR23329748
SRR23329748.12567	1407	56.72	34.76	SRR23329748
SRR23329748.12568	1448	55.32	41.94	SRR23329748
SRR23329748.12569	1455	53.68	31.95	SRR23329748
SRR23329748.12570	1452	52.13	24.88	SRR23329748
SRR23329748.12571	1411	55.63	49.49	SRR23329748
SRR23329748.12572	1490	49.40	34.91	SRR23329748
SRR23329748.12573	1407	55.65	93.00	SRR23329748
SRR23329748.12574	1409	39.32	93.00	SRR23329748
SRR23329748.12575	1467	57.26	93.00	SRR23329748
SRR23329748.12576	1467	57.40	93.00	SRR23329748
SRR23329748.12577	1412	56.44	21.49	SRR23329748
SRR23329748.12578	1467	57.46	89.14	SRR23329748
SRR23329748.12579	1463	56.19	88.00	SRR23329748
SRR23329748.12580	1408	55.75	66.48	SRR23329748
SRR23329748.12581	1968	55.08	23.85	SRR23329748
SRR23329748.12582	1467	49.35	45.84	SRR23329748
SRR23329748.12583	1406	56.61	34.52	SRR23329748
SRR23329748.12584	1474	54.21	50.37	SRR23329748
SRR23329748.12585	1513	42.96	36.46	SRR23329748
SRR23329748.12586	1408	55.75	92.25	SRR23329748
SRR23329748.12587	1454	51.79	62.39	SRR23329748
SRR23329748.12588	1413	55.56	87.89	SRR23329748
SRR23329748.12589	1424	53.16	31.09	SRR23329748
SRR23329748.12590	1459	57.57	36.59	SRR23329748
SRR23329748.12591	1465	51.26	23.12	SRR23329748
SRR23329748.12592	1425	55.72	93.00	SRR23329748
SRR23329748.12593	1442	50.42	92.55	SRR23329748
SRR23329748.12595	1407	56.15	25.57	SRR23329748
SRR23329748.12596	1459	52.98	57.45	SRR23329748
SRR23329748.12597	1444	51.39	93.00	SRR23329748
SRR23329748.12598	1406	55.62	38.59	SRR23329748
SRR23329748.12599	1480	49.46	28.73	SRR23329748
SRR23329748.12600	1481	49.43	93.00	SRR23329748
SRR23329748.12601	1447	56.05	33.87	SRR23329748
SRR23329748.12602	1408	48.65	80.14	SRR23329748
SRR23329748.12603	1475	53.97	92.32	SRR23329748
SRR23329748.12604	1487	54.27	37.85	SRR23329748
SRR23329748.12605	1475	54.17	93.00	SRR23329748
SRR23329748.12606	1474	53.93	34.69	SRR23329748
SRR23329748.12607	1412	55.59	91.68	SRR23329748
SRR23329748.12608	1463	57.69	33.07	SRR23329748
SRR23329748.12609	1445	57.79	87.87	SRR23329748
SRR23329748.12610	1407	55.86	93.00	SRR23329748
SRR23329748.12611	1456	51.72	20.32	SRR23329748
SRR23329748.12612	1461	52.70	34.65	SRR23329748
SRR23329748.12613	1407	56.43	47.48	SRR23329748
SRR23329748.12614	1414	55.87	26.98	SRR23329748
SRR23329748.12616	1473	51.26	42.21	SRR23329748
SRR23329748.12617	1390	58.78	39.22	SRR23329748
SRR23329748.12618	1447	55.84	92.86	SRR23329748
SRR23329748.12619	1408	55.89	88.82	SRR23329748
SRR23329748.12621	1460	53.42	32.29	SRR23329748
SRR23329748.12622	1467	49.49	93.00	SRR23329748
SRR23329748.12623	1452	55.30	24.53	SRR23329748
SRR23329748.12624	1453	55.47	92.99	SRR23329748
SRR23329748.12625	1475	53.97	47.68	SRR23329748
SRR23329748.12626	1450	58.00	90.81	SRR23329748
SRR23329748.12627	1442	50.55	69.93	SRR23329748
SRR23329748.12628	1441	52.53	81.64	SRR23329748
SRR23329748.12629	1467	49.35	82.50	SRR23329748
SRR23329748.12630	1437	58.46	76.83	SRR23329748
SRR23329748.12631	1476	54.20	41.69	SRR23329748
SRR23329748.12632	1411	55.92	92.33	SRR23329748
SRR23329748.12633	1407	56.65	70.22	SRR23329748
SRR23329748.12634	1389	56.52	93.00	SRR23329748
SRR23329748.12635	1404	56.27	29.55	SRR23329748
SRR23329748.12636	1389	56.59	92.28	SRR23329748
SRR23329748.12637	1481	49.56	73.27	SRR23329748
SRR23329748.12638	1492	54.96	27.18	SRR23329748
SRR23329748.12640	1407	55.58	46.06	SRR23329748
SRR23329748.12641	1467	49.35	93.00	SRR23329748
SRR23329748.12642	1406	56.61	34.02	SRR23329748
SRR23329748.12643	1412	55.81	93.00	SRR23329748
SRR23329748.12644	1408	55.68	31.91	SRR23329748
SRR23329748.12645	1491	53.86	26.99	SRR23329748
SRR23329748.12646	1467	49.49	93.00	SRR23329748
SRR23329748.12647	1389	56.59	24.30	SRR23329748
SRR23329748.12649	1403	56.09	31.58	SRR23329748
SRR23329748.12650	1407	55.72	93.00	SRR23329748
SRR23329748.12651	1410	56.74	28.80	SRR23329748
SRR23329748.12652	1466	49.32	90.31	SRR23329748
SRR23329748.12653	1481	49.56	93.00	SRR23329748
SRR23329748.12654	1411	54.50	74.59	SRR23329748
SRR23329748.12655	1407	55.93	84.77	SRR23329748
SRR23329748.12656	1413	55.56	92.95	SRR23329748
SRR23329748.12657	1475	54.17	39.88	SRR23329748
SRR23329748.12658	1514	54.82	31.85	SRR23329748
SRR23329748.12659	1471	52.48	71.20	SRR23329748
SRR23329748.12660	1462	52.46	30.59	SRR23329748
SRR23329748.12661	1436	57.80	92.99	SRR23329748
SRR23329748.12662	1469	49.35	20.52	SRR23329748
SRR23329748.12663	1466	55.05	34.49	SRR23329748
SRR23329748.12664	1416	54.73	24.13	SRR23329748
SRR23329748.12665	1407	56.57	66.39	SRR23329748
SRR23329748.12666	1407	56.65	21.46	SRR23329748
SRR23329748.12667	1407	56.01	43.96	SRR23329748
SRR23329748.12669	1439	56.50	93.00	SRR23329748
SRR23329748.12670	1412	56.80	59.95	SRR23329748
SRR23329748.12671	1447	55.22	93.00	SRR23329748
SRR23329748.12672	1414	55.52	30.93	SRR23329748
SRR23329748.12673	1470	54.22	22.51	SRR23329748
SRR23329748.12674	1486	54.10	22.82	SRR23329748
SRR23329748.12675	1409	56.71	36.53	SRR23329748
SRR23329748.12676	1485	55.76	69.70	SRR23329748
SRR23329748.12677	1402	56.42	22.59	SRR23329748
SRR23329748.12678	1450	51.66	34.59	SRR23329748
SRR23329748.12679	1395	55.48	21.89	SRR23329748
SRR23329748.12680	1475	51.39	51.90	SRR23329748
SRR23329748.12681	1475	53.97	71.20	SRR23329748
SRR23329748.12682	1424	55.69	20.53	SRR23329748
SRR23329748.12683	1474	54.07	29.59	SRR23329748
SRR23329748.12684	1437	58.52	37.86	SRR23329748
SRR23329748.12685	1438	58.76	79.25	SRR23329748
SRR23329748.12687	1412	55.59	93.00	SRR23329748
SRR23329748.12688	1411	54.50	53.49	SRR23329748
SRR23329748.12689	1388	54.39	92.87	SRR23329748
SRR23329748.12690	1486	55.72	34.96	SRR23329748
SRR23329748.12691	1485	51.65	93.00	SRR23329748
SRR23329748.12692	1409	56.78	70.43	SRR23329748
SRR23329748.12693	1381	54.82	26.89	SRR23329748
SRR23329748.12694	1409	56.64	30.05	SRR23329748
SRR23329748.12695	1409	58.91	92.96	SRR23329748
SRR23329748.12696	1481	49.43	36.25	SRR23329748
SRR23329748.12697	1407	55.65	92.83	SRR23329748
SRR23329748.12698	1429	53.18	64.40	SRR23329748
SRR23329748.12699	1468	53.75	21.35	SRR23329748
SRR23329748.12700	1467	57.40	93.00	SRR23329748
SRR23329748.12701	1406	56.61	45.04	SRR23329748
SRR23329748.12702	1400	50.29	42.26	SRR23329748
SRR23329748.12703	1405	55.59	29.85	SRR23329748
SRR23329748.12704	1388	55.62	54.26	SRR23329748
SRR23329748.12705	1476	54.27	34.90	SRR23329748
SRR23329748.12706	1402	55.92	45.45	SRR23329748
SRR23329748.12707	1472	57.74	92.97	SRR23329748
SRR23329748.12709	1409	55.86	33.56	SRR23329748
SRR23329748.12710	1478	57.92	28.12	SRR23329748
SRR23329748.12711	1465	49.28	23.17	SRR23329748
SRR23329748.12712	1407	51.74	25.45	SRR23329748
SRR23329748.12714	1406	55.12	93.00	SRR23329748
SRR23329748.12715	1488	49.26	32.59	SRR23329748
SRR23329748.12716	1407	56.43	43.36	SRR23329748
SRR23329748.12717	1407	56.43	87.09	SRR23329748
SRR23329748.12718	1454	58.18	89.25	SRR23329748
SRR23329748.12719	1474	52.31	27.13	SRR23329748
SRR23329748.12720	1407	56.65	93.00	SRR23329748
SRR23329748.12721	1410	55.74	29.51	SRR23329748
SRR23329748.12722	1458	53.77	93.00	SRR23329748
SRR23329748.12723	1412	56.73	39.17	SRR23329748
SRR23329748.12724	1487	54.40	92.32	SRR23329748
SRR23329748.12725	1451	61.89	42.53	SRR23329748
SRR23329748.12726	1470	54.01	25.87	SRR23329748
SRR23329748.12727	1475	54.17	33.87	SRR23329748
SRR23329748.12728	1427	55.43	60.25	SRR23329748
SRR23329748.12729	1411	54.43	93.00	SRR23329748
SRR23329748.12730	1454	51.79	63.91	SRR23329748
SRR23329748.12731	1474	54.07	40.87	SRR23329748
SRR23329748.12732	1447	55.84	93.00	SRR23329748
SRR23329748.12734	1488	49.33	64.71	SRR23329748
SRR23329748.12735	1406	55.55	34.16	SRR23329748
SRR23329748.12736	1439	50.45	26.99	SRR23329748
SRR23329748.12737	1407	55.65	70.75	SRR23329748
SRR23329748.12738	1409	55.57	38.69	SRR23329748
SRR23329748.12739	1476	52.71	24.54	SRR23329748
SRR23329748.12740	1467	55.42	42.22	SRR23329748
SRR23329748.12741	1411	56.34	59.68	SRR23329748
SRR23329748.12742	1412	55.52	60.74	SRR23329748
SRR23329748.12743	1426	56.66	37.59	SRR23329748
SRR23329748.12744	1419	55.32	20.45	SRR23329748
SRR23329748.12745	1473	51.39	59.67	SRR23329748
SRR23329748.12746	1385	56.39	29.70	SRR23329748
SRR23329748.12747	1407	55.08	92.56	SRR23329748
SRR23329748.12748	1475	54.10	91.88	SRR23329748
SRR23329748.12749	1481	49.36	89.23	SRR23329748
SRR23329748.12750	1388	55.62	77.20	SRR23329748
SRR23329748.12751	1475	53.90	35.19	SRR23329748
SRR23329748.12752	1489	49.29	25.04	SRR23329748
SRR23329748.12753	1451	59.34	39.42	SRR23329748
SRR23329748.12754	1491	52.11	42.88	SRR23329748
SRR23329748.12756	1392	52.30	36.20	SRR23329748
SRR23329748.12757	1475	54.10	73.62	SRR23329748
SRR23329748.12758	1406	56.54	53.39	SRR23329748
SRR23329748.12759	1440	55.56	28.94	SRR23329748
SRR23329748.12760	1447	55.84	39.77	SRR23329748
SRR23329748.12761	1461	53.59	34.28	SRR23329748
SRR23329748.12762	1408	55.75	92.93	SRR23329748
SRR23329748.12763	1481	49.43	84.62	SRR23329748
SRR23329748.12764	1441	50.52	42.52	SRR23329748
SRR23329748.12765	1432	56.63	92.82	SRR23329748
SRR23329748.12766	1398	55.87	20.62	SRR23329748
SRR23329748.12767	1373	59.87	35.53	SRR23329748
SRR23329748.12769	1411	54.43	64.09	SRR23329748
SRR23329748.12770	1453	51.62	37.54	SRR23329748
SRR23329748.12772	1449	55.35	71.54	SRR23329748
SRR23329748.12773	1412	55.59	74.60	SRR23329748
SRR23329748.12774	1407	55.93	93.00	SRR23329748
SRR23329748.12775	1407	56.01	93.00	SRR23329748
SRR23329748.12776	1491	55.67	26.69	SRR23329748
SRR23329748.12777	1444	56.79	38.32	SRR23329748
SRR23329748.12778	1406	56.12	24.12	SRR23329748
SRR23329748.12779	1488	49.33	89.30	SRR23329748
SRR23329748.12780	1449	57.76	92.77	SRR23329748
SRR23329748.12781	1475	53.97	93.00	SRR23329748
SRR23329748.12782	1407	56.65	93.00	SRR23329748
SRR23329748.12783	1481	49.36	93.00	SRR23329748
SRR23329748.12784	1455	51.82	30.29	SRR23329748
SRR23329748.12785	1479	55.44	45.04	SRR23329748
SRR23329748.12787	1458	52.61	31.47	SRR23329748
SRR23329748.12788	1497	55.64	21.31	SRR23329748
SRR23329748.12791	1412	56.80	62.01	SRR23329748
SRR23329748.12792	1440	58.33	93.00	SRR23329748
SRR23329748.12793	1377	54.25	67.10	SRR23329748
SRR23329748.12794	1473	51.26	93.00	SRR23329748
SRR23329748.12795	1412	55.81	92.99	SRR23329748
SRR23329748.12796	1420	52.04	93.00	SRR23329748
SRR23329748.12797	1475	53.90	92.97	SRR23329748
SRR23329748.12798	1412	55.88	93.00	SRR23329748
SRR23329748.12799	1416	54.73	24.35	SRR23329748
SRR23329748.12800	1471	52.48	40.56	SRR23329748
SRR23329748.12801	1440	57.78	29.26	SRR23329748
SRR23329748.12802	1381	55.18	25.78	SRR23329748
SRR23329748.12803	1446	55.53	93.00	SRR23329748
SRR23329748.12804	1489	53.93	88.84	SRR23329748
SRR23329748.12805	1475	53.97	92.97	SRR23329748
SRR23329748.12806	1475	54.24	54.71	SRR23329748
SRR23329748.12807	1424	50.07	89.75	SRR23329748
SRR23329748.12808	1401	56.60	20.76	SRR23329748
SRR23329748.12809	1407	55.79	36.48	SRR23329748
SRR23329748.12810	1426	56.45	29.88	SRR23329748
SRR23329748.12811	1458	57.48	84.52	SRR23329748
SRR23329748.12812	1412	56.80	93.00	SRR23329748
SRR23329748.12813	1452	57.30	54.98	SRR23329748
SRR23329748.12814	1473	51.26	66.15	SRR23329748
SRR23329748.12815	1408	55.18	80.25	SRR23329748
SRR23329748.12816	1449	56.52	93.00	SRR23329748
SRR23329748.12818	1485	54.14	92.97	SRR23329748
SRR23329748.12819	1481	49.29	38.71	SRR23329748
SRR23329748.12820	1439	65.32	48.77	SRR23329748
SRR23329748.12821	1481	49.36	93.00	SRR23329748
SRR23329748.12822	1449	54.80	27.98	SRR23329748
SRR23329748.12823	1407	56.08	34.48	SRR23329748
SRR23329748.12824	1407	55.58	87.01	SRR23329748
SRR23329748.12825	1481	49.56	93.00	SRR23329748
SRR23329748.12826	1407	55.65	73.55	SRR23329748
SRR23329748.12827	1459	52.84	60.63	SRR23329748
SRR23329748.12828	1474	54.21	41.89	SRR23329748
SRR23329748.12829	1450	56.41	26.15	SRR23329748
SRR23329748.12830	1412	55.81	93.00	SRR23329748
SRR23329748.12831	1465	57.41	27.01	SRR23329748
SRR23329748.12832	1450	57.24	64.69	SRR23329748
SRR23329748.12833	1476	53.93	31.88	SRR23329748
SRR23329748.12834	1467	49.28	35.18	SRR23329748
SRR23329748.12835	1475	53.97	93.00	SRR23329748
SRR23329748.12836	1473	51.39	68.56	SRR23329748
SRR23329748.12837	1481	49.43	92.22	SRR23329748
SRR23329748.12838	1389	56.66	93.00	SRR23329748
SRR23329748.12839	1484	55.39	93.00	SRR23329748
SRR23329748.12840	1414	54.24	20.00	SRR23329748
SRR23329748.12841	1408	55.82	88.91	SRR23329748
SRR23329748.12842	1449	57.69	83.19	SRR23329748
SRR23329748.12844	1406	56.26	53.46	SRR23329748
SRR23329748.12845	1407	56.15	93.00	SRR23329748
SRR23329748.12846	1447	57.57	92.78	SRR23329748
SRR23329748.12847	1515	42.90	35.31	SRR23329748
SRR23329748.12848	1489	53.79	66.50	SRR23329748
SRR23329748.12850	1450	59.31	34.68	SRR23329748
SRR23329748.12851	1488	49.33	89.39	SRR23329748
SRR23329748.12852	1452	50.55	58.41	SRR23329748
SRR23329748.12853	1481	59.76	93.00	SRR23329748
SRR23329748.12854	1451	59.34	93.00	SRR23329748
SRR23329748.12855	1460	52.60	93.00	SRR23329748
SRR23329748.12856	1473	51.26	93.00	SRR23329748
SRR23329748.12857	1406	55.19	93.00	SRR23329748
SRR23329748.12858	1412	56.80	32.21	SRR23329748
SRR23329748.12859	1452	54.06	25.50	SRR23329748
SRR23329748.12860	1454	51.79	93.00	SRR23329748
SRR23329748.12861	1385	56.46	93.00	SRR23329748
SRR23329748.12862	1467	57.40	42.92	SRR23329748
SRR23329748.12863	1480	53.58	22.66	SRR23329748
SRR23329748.12864	1385	55.60	59.71	SRR23329748
SRR23329748.12865	1442	58.46	92.34	SRR23329748
SRR23329748.12866	1411	56.70	27.27	SRR23329748
SRR23329748.12867	1447	55.77	37.31	SRR23329748
SRR23329748.12869	1407	56.43	92.88	SRR23329748
SRR23329748.12870	1472	59.92	32.26	SRR23329748
SRR23329748.12871	1490	49.33	23.87	SRR23329748
SRR23329748.12872	1407	55.65	80.25	SRR23329748
SRR23329748.12874	1463	49.35	22.94	SRR23329748
SRR23329748.12875	1487	49.29	36.60	SRR23329748
SRR23329748.12876	1455	59.31	24.02	SRR23329748
SRR23329748.12877	1450	58.00	30.14	SRR23329748
SRR23329748.12878	1467	49.35	77.45	SRR23329748
SRR23329748.12879	1465	49.28	27.61	SRR23329748
SRR23329748.12880	1471	52.48	93.00	SRR23329748
SRR23329748.12881	1446	55.60	71.45	SRR23329748
SRR23329748.12882	1407	55.65	93.00	SRR23329748
SRR23329748.12883	1407	55.65	73.77	SRR23329748
SRR23329748.12884	1471	54.11	27.23	SRR23329748
SRR23329748.12885	1473	51.39	53.24	SRR23329748
SRR23329748.12886	1410	55.96	29.11	SRR23329748
SRR23329748.12887	1411	54.43	93.00	SRR23329748
SRR23329748.12888	1473	51.26	93.00	SRR23329748
SRR23329748.12889	1471	52.48	28.42	SRR23329748
SRR23329748.12890	1413	56.83	27.08	SRR23329748
SRR23329748.12891	1461	49.62	35.64	SRR23329748
SRR23329748.12892	1476	54.13	42.14	SRR23329748
SRR23329748.12893	1425	55.58	93.00	SRR23329748
SRR23329748.12894	1707	47.04	24.33	SRR23329748
SRR23329748.12895	1466	49.52	34.66	SRR23329748
SRR23329748.12896	1449	51.69	26.81	SRR23329748
SRR23329748.12897	1460	53.42	93.00	SRR23329748
SRR23329748.12899	1424	55.69	93.00	SRR23329748
SRR23329748.12900	1710	46.90	28.68	SRR23329748
SRR23329748.12901	1443	55.09	23.92	SRR23329748
SRR23329748.12902	1484	55.59	31.32	SRR23329748
SRR23329748.12903	1446	55.60	54.13	SRR23329748
SRR23329748.12904	1444	56.37	37.17	SRR23329748
SRR23329748.12905	1407	55.51	71.45	SRR23329748
SRR23329748.12906	1406	55.55	30.50	SRR23329748
SRR23329748.12907	1444	58.86	29.14	SRR23329748
SRR23329748.12908	1447	57.91	62.46	SRR23329748
SRR23329748.12909	1407	55.65	72.24	SRR23329748
SRR23329748.12910	1440	55.90	89.76	SRR23329748
SRR23329748.12911	1411	57.12	35.72	SRR23329748
SRR23329748.12912	1474	53.87	28.12	SRR23329748
SRR23329748.12913	1403	56.02	83.74	SRR23329748
SRR23329748.12914	1467	49.28	92.96	SRR23329748
SRR23329748.12915	1397	55.98	31.71	SRR23329748
SRR23329748.12916	1445	56.89	41.89	SRR23329748
SRR23329748.12917	1414	52.97	36.95	SRR23329748
SRR23329748.12918	1444	58.80	35.37	SRR23329748
SRR23329748.12919	1450	58.76	27.10	SRR23329748
SRR23329748.12920	1441	59.82	37.32	SRR23329748
SRR23329748.12921	1484	55.05	92.96	SRR23329748
SRR23329748.12922	1484	55.46	93.00	SRR23329748
SRR23329748.12923	1428	49.86	29.42	SRR23329748
SRR23329748.12925	1452	55.44	44.24	SRR23329748
SRR23329748.12926	1407	56.65	54.48	SRR23329748
SRR23329748.12927	1488	49.33	55.70	SRR23329748
SRR23329748.12929	1458	58.09	21.60	SRR23329748
SRR23329748.12930	1408	56.68	41.69	SRR23329748
SRR23329748.12931	1411	54.50	34.17	SRR23329748
SRR23329748.12932	1407	56.65	93.00	SRR23329748
SRR23329748.12933	1454	50.55	83.91	SRR23329748
SRR23329748.12934	1412	56.80	67.89	SRR23329748
SRR23329748.12935	1446	52.01	22.02	SRR23329748
SRR23329748.12936	1446	55.53	92.88	SRR23329748
SRR23329748.12937	1422	57.03	20.94	SRR23329748
SRR23329748.12938	1484	55.59	64.68	SRR23329748
SRR23329748.12939	1475	53.97	34.63	SRR23329748
SRR23329748.12941	1480	58.85	25.69	SRR23329748
SRR23329748.12942	1427	55.01	20.53	SRR23329748
SRR23329748.12943	1461	54.28	46.79	SRR23329748
SRR23329748.12944	1487	49.36	34.02	SRR23329748
SRR23329748.12945	1446	55.60	76.50	SRR23329748
SRR23329748.12946	1438	65.30	36.44	SRR23329748
SRR23329748.12947	1444	58.93	92.82	SRR23329748
SRR23329748.12948	1411	55.78	31.05	SRR23329748
SRR23329748.12949	1441	57.04	31.16	SRR23329748
SRR23329748.12950	1450	59.38	38.14	SRR23329748
SRR23329748.12951	1447	55.56	30.10	SRR23329748
SRR23329748.12952	1474	53.93	38.13	SRR23329748
SRR23329748.12953	1407	55.44	58.84	SRR23329748
SRR23329748.12954	1475	54.24	93.00	SRR23329748
SRR23329748.12955	1467	49.35	41.89	SRR23329748
SRR23329748.12956	1467	49.49	75.41	SRR23329748
SRR23329748.12958	1472	51.29	33.83	SRR23329748
SRR23329748.12959	1475	54.17	75.56	SRR23329748
SRR23329748.12960	1384	55.92	25.88	SRR23329748
SRR23329748.12962	1444	56.37	93.00	SRR23329748
SRR23329748.12963	1485	55.76	36.72	SRR23329748
SRR23329748.12964	1386	55.99	92.99	SRR23329748
SRR23329748.12965	1472	51.43	37.64	SRR23329748
SRR23329748.12966	1409	53.51	93.00	SRR23329748
SRR23329748.12967	1448	55.39	32.93	SRR23329748
SRR23329748.12968	1424	56.18	93.00	SRR23329748
SRR23329748.12969	1425	54.11	71.51	SRR23329748
SRR23329748.12970	1407	56.57	35.45	SRR23329748
SRR23329748.12971	1472	51.15	38.54	SRR23329748
SRR23329748.12972	1407	55.93	65.07	SRR23329748
SRR23329748.12973	1445	56.89	49.59	SRR23329748
SRR23329748.12974	1459	52.78	45.08	SRR23329748
SRR23329748.12976	1473	51.26	57.83	SRR23329748
SRR23329748.12978	2008	53.88	85.57	SRR23329748
SRR23329748.12979	1407	56.43	78.33	SRR23329748
SRR23329748.12980	1449	57.49	26.18	SRR23329748
SRR23329748.12981	1407	56.15	92.60	SRR23329748
SRR23329748.12982	1481	49.43	93.00	SRR23329748
SRR23329748.12983	1407	56.65	63.48	SRR23329748
SRR23329748.12984	1385	55.67	51.95	SRR23329748
SRR23329748.12985	1386	55.99	45.62	SRR23329748
SRR23329748.12986	1488	49.33	37.02	SRR23329748
SRR23329748.12987	1424	56.74	38.40	SRR23329748
SRR23329748.12988	1407	56.65	38.64	SRR23329748
SRR23329748.12989	1475	51.32	61.15	SRR23329748
SRR23329748.12990	1407	56.65	33.27	SRR23329748
SRR23329748.12991	1407	55.65	93.00	SRR23329748
SRR23329748.12992	1484	55.53	92.65	SRR23329748
SRR23329748.12993	1478	52.03	54.54	SRR23329748
SRR23329748.12994	1373	59.87	93.00	SRR23329748
SRR23329748.12995	1447	56.46	93.00	SRR23329748
SRR23329748.12996	1475	53.90	75.54	SRR23329748
SRR23329748.12997	1411	54.50	93.00	SRR23329748
SRR23329748.12998	1446	55.60	38.30	SRR23329748
SRR23329748.12999	1409	54.58	28.52	SRR23329748
SRR23329748.13000	1477	54.16	24.77	SRR23329748
SRR23329748.13001	1466	49.39	29.86	SRR23329748
SRR23329748.13002	1711	46.99	20.16	SRR23329748
SRR23329748.13003	1444	55.54	31.79	SRR23329748
SRR23329748.13004	1554	55.98	92.66	SRR23329748
SRR23329748.13005	1442	50.55	52.46	SRR23329748
SRR23329748.13006	1405	56.09	31.41	SRR23329748
SRR23329748.13007	1416	54.80	22.89	SRR23329748
SRR23329748.13008	1488	49.33	64.46	SRR23329748
SRR23329748.13009	1488	49.33	93.00	SRR23329748
SRR23329748.13010	1449	56.52	35.95	SRR23329748
SRR23329748.13011	1391	58.81	92.99	SRR23329748
SRR23329748.13012	1462	53.56	31.60	SRR23329748
SRR23329748.13013	1405	55.59	26.45	SRR23329748
SRR23329748.13014	1404	56.62	92.98	SRR23329748
SRR23329748.13015	1414	56.44	22.56	SRR23329748
SRR23329748.13016	1449	56.52	92.54	SRR23329748
SRR23329748.13017	1407	55.72	87.16	SRR23329748
SRR23329748.13018	1484	55.53	93.00	SRR23329748
SRR23329748.13019	1488	49.33	93.00	SRR23329748
SRR23329748.13020	1412	55.59	51.68	SRR23329748
SRR23329748.13021	1425	55.93	93.00	SRR23329748
SRR23329748.13023	1413	56.76	35.50	SRR23329748
SRR23329748.13024	1391	52.41	25.88	SRR23329748
SRR23329748.13025	1466	49.32	28.36	SRR23329748
SRR23329748.13026	1407	55.79	53.48	SRR23329748
SRR23329748.13027	1480	49.59	35.70	SRR23329748
SRR23329748.13028	1453	54.09	92.55	SRR23329748
SRR23329748.13029	1479	52.81	23.06	SRR23329748
SRR23329748.13031	1390	55.61	29.37	SRR23329748
SRR23329748.13032	1460	52.95	93.00	SRR23329748
SRR23329748.13033	1407	55.65	78.27	SRR23329748
SRR23329748.13034	1473	51.39	93.00	SRR23329748
SRR23329748.13035	1383	54.88	92.98	SRR23329748
SRR23329748.13036	1460	52.67	32.35	SRR23329748
SRR23329748.13037	1480	59.73	35.70	SRR23329748
SRR23329748.13038	1474	52.58	22.82	SRR23329748
SRR23329748.13039	1453	55.47	44.14	SRR23329748
SRR23329748.13040	1473	53.97	24.30	SRR23329748
SRR23329748.13041	1458	53.77	37.78	SRR23329748
SRR23329748.13042	1489	53.93	34.73	SRR23329748
SRR23329748.13043	1471	52.48	68.44	SRR23329748
SRR23329748.13045	1447	55.22	53.53	SRR23329748
SRR23329748.13046	1460	53.42	92.46	SRR23329748
SRR23329748.13047	1411	55.92	84.13	SRR23329748
SRR23329748.13048	1476	54.27	35.69	SRR23329748
SRR23329748.13049	1444	56.23	93.00	SRR23329748
SRR23329748.13050	1453	56.99	56.57	SRR23329748
SRR23329748.13051	1408	55.89	92.65	SRR23329748
SRR23329748.13052	1408	55.68	32.14	SRR23329748
SRR23329748.13054	1407	55.58	89.17	SRR23329748
SRR23329748.13055	1475	54.24	93.00	SRR23329748
SRR23329748.13056	1444	57.83	50.11	SRR23329748
SRR23329748.13057	1449	55.28	24.53	SRR23329748
SRR23329748.13058	1412	55.59	93.00	SRR23329748
SRR23329748.13059	1396	52.29	82.99	SRR23329748
SRR23329748.13061	1417	50.11	31.54	SRR23329748
SRR23329748.13062	1458	57.27	93.00	SRR23329748
SRR23329748.13063	1467	49.35	91.89	SRR23329748
SRR23329748.13064	1407	55.86	31.88	SRR23329748
SRR23329748.13065	1471	52.28	34.53	SRR23329748
SRR23329748.13066	1408	55.75	32.32	SRR23329748
SRR23329748.13067	1469	58.27	90.37	SRR23329748
SRR23329748.13068	1407	55.65	46.94	SRR23329748
SRR23329748.13069	1492	49.46	27.76	SRR23329748
SRR23329748.13070	1407	55.65	85.13	SRR23329748
SRR23329748.13071	1407	55.58	92.88	SRR23329748
SRR23329748.13073	1408	55.82	42.57	SRR23329748
SRR23329748.13074	1481	49.49	43.05	SRR23329748
SRR23329748.13075	1389	56.59	82.97	SRR23329748
SRR23329748.13076	1407	55.93	62.68	SRR23329748
SRR23329748.13077	1485	49.16	32.93	SRR23329748
SRR23329748.13079	1473	52.75	23.21	SRR23329748
SRR23329748.13080	1476	53.93	56.25	SRR23329748
SRR23329748.13081	1488	49.33	79.51	SRR23329748
SRR23329748.13082	1419	55.60	27.72	SRR23329748
SRR23329748.13083	1465	55.15	76.27	SRR23329748
SRR23329748.13084	1407	56.65	93.00	SRR23329748
SRR23329748.13085	1410	56.74	29.39	SRR23329748
SRR23329748.13086	1447	56.46	86.93	SRR23329748
SRR23329748.13087	1436	49.37	93.00	SRR23329748
SRR23329748.13088	1412	56.80	37.18	SRR23329748
SRR23329748.13089	1418	56.06	25.98	SRR23329748
SRR23329748.13090	1405	56.37	32.89	SRR23329748
SRR23329748.13091	1445	58.13	51.67	SRR23329748
SRR23329748.13092	1489	53.93	92.91	SRR23329748
SRR23329748.13093	1467	49.42	93.00	SRR23329748
SRR23329748.13094	1484	55.39	49.68	SRR23329748
SRR23329748.13095	1420	56.06	69.32	SRR23329748
SRR23329748.13096	1488	49.33	48.91	SRR23329748
SRR23329748.13097	1445	58.75	36.39	SRR23329748
SRR23329748.13098	1407	55.65	91.06	SRR23329748
SRR23329748.13099	1466	54.23	21.66	SRR23329748
SRR23329748.13100	1487	49.36	36.34	SRR23329748
SRR23329748.13101	1441	58.08	28.78	SRR23329748
SRR23329748.13102	1486	54.04	93.00	SRR23329748
SRR23329748.13103	1407	55.93	90.33	SRR23329748
SRR23329748.13104	1471	49.42	27.72	SRR23329748
SRR23329748.13105	1456	54.33	33.40	SRR23329748
SRR23329748.13106	1412	56.73	44.50	SRR23329748
SRR23329748.13107	1409	54.72	93.00	SRR23329748
SRR23329748.13108	1442	52.57	32.86	SRR23329748
SRR23329748.13109	1442	56.24	25.73	SRR23329748
SRR23329748.13110	1473	51.39	92.69	SRR23329748
SRR23329748.13111	1408	55.75	93.00	SRR23329748
SRR23329748.13112	1407	55.86	92.98	SRR23329748
SRR23329748.13113	1488	49.33	82.76	SRR23329748
SRR23329748.13114	1482	44.13	88.28	SRR23329748
SRR23329748.13115	1461	53.25	22.73	SRR23329748
SRR23329748.13116	1453	57.05	53.59	SRR23329748
SRR23329748.13118	1484	55.39	29.45	SRR23329748
SRR23329748.13119	1445	57.85	92.66	SRR23329748
SRR23329748.13121	1407	56.65	93.00	SRR23329748
SRR23329748.13122	1475	53.97	92.56	SRR23329748
SRR23329748.13123	1467	49.35	74.59	SRR23329748
SRR23329748.13124	1444	58.73	93.00	SRR23329748
SRR23329748.13125	1447	57.36	93.00	SRR23329748
SRR23329748.13126	1462	54.99	21.79	SRR23329748
SRR23329748.13127	1445	57.79	93.00	SRR23329748
SRR23329748.13128	1388	55.62	37.52	SRR23329748
SRR23329748.13130	1488	49.33	88.05	SRR23329748
SRR23329748.13131	1412	55.59	23.94	SRR23329748
SRR23329748.13132	1475	54.17	30.49	SRR23329748
SRR23329748.13133	1489	53.86	21.60	SRR23329748
SRR23329748.13134	1454	51.79	57.14	SRR23329748
SRR23329748.13135	1473	51.32	38.40	SRR23329748
SRR23329748.13136	1466	57.57	38.03	SRR23329748
SRR23329748.13137	1479	53.89	24.45	SRR23329748
SRR23329748.13138	1408	55.68	23.98	SRR23329748
SRR23329748.13139	1470	52.59	93.00	SRR23329748
SRR23329748.13140	1407	56.43	46.89	SRR23329748
SRR23329748.13142	1386	55.99	91.03	SRR23329748
SRR23329748.13144	1449	55.62	25.94	SRR23329748
SRR23329748.13145	1467	57.12	84.67	SRR23329748
SRR23329748.13146	1458	57.20	24.45	SRR23329748
SRR23329748.13147	1447	57.57	93.00	SRR23329748
SRR23329748.13148	1467	49.42	79.45	SRR23329748
SRR23329748.13149	1446	55.60	35.34	SRR23329748
SRR23329748.13150	1421	56.44	34.18	SRR23329748
SRR23329748.13151	1459	54.01	78.75	SRR23329748
SRR23329748.13152	1479	58.82	63.90	SRR23329748
SRR23329748.13153	1484	55.46	93.00	SRR23329748
SRR23329748.13154	1389	56.52	93.00	SRR23329748
SRR23329748.13155	1455	53.54	26.02	SRR23329748
SRR23329748.13156	1413	55.48	66.83	SRR23329748
SRR23329748.13157	1476	54.07	31.21	SRR23329748
SRR23329748.13158	1412	55.81	93.00	SRR23329748
SRR23329748.13159	1464	52.73	23.69	SRR23329748
SRR23329748.13161	1463	57.69	24.04	SRR23329748
SRR23329748.13162	1484	55.32	72.67	SRR23329748
SRR23329748.13163	1438	59.67	55.50	SRR23329748
SRR23329748.13164	1444	55.54	32.85	SRR23329748
SRR23329748.13165	1408	55.68	87.89	SRR23329748
SRR23329748.13166	1487	49.29	30.62	SRR23329748
SRR23329748.13167	1415	53.85	27.39	SRR23329748
SRR23329748.13168	1406	56.40	32.21	SRR23329748
SRR23329748.13169	1475	54.24	61.14	SRR23329748
SRR23329748.13170	1454	51.79	37.62	SRR23329748
SRR23329748.13171	1407	56.65	91.32	SRR23329748
SRR23329748.13172	1437	58.52	55.61	SRR23329748
SRR23329748.13173	1488	49.33	61.47	SRR23329748
SRR23329748.13174	1409	55.93	22.63	SRR23329748
SRR23329748.13175	1475	54.17	46.97	SRR23329748
SRR23329748.13176	1475	54.44	29.29	SRR23329748
SRR23329748.13177	1492	55.03	25.60	SRR23329748
SRR23329748.13178	1475	53.97	67.65	SRR23329748
SRR23329748.13179	1463	58.17	20.28	SRR23329748
SRR23329748.13180	1540	56.43	22.64	SRR23329748
SRR23329748.13181	1478	54.19	29.60	SRR23329748
SRR23329748.13182	1444	58.03	28.27	SRR23329748
SRR23329748.13183	1409	55.78	28.09	SRR23329748
SRR23329748.13184	1425	54.04	76.25	SRR23329748
SRR23329748.13186	1478	48.31	93.00	SRR23329748
SRR23329748.13187	1408	54.83	34.16	SRR23329748
SRR23329748.13188	1488	54.17	25.54	SRR23329748
SRR23329748.13189	1475	54.17	40.69	SRR23329748
SRR23329748.13190	1385	55.45	93.00	SRR23329748
SRR23329748.13191	1467	49.35	93.00	SRR23329748
SRR23329748.13192	1407	56.15	36.48	SRR23329748
SRR23329748.13193	1475	53.97	57.67	SRR23329748
SRR23329748.13194	1464	57.10	23.32	SRR23329748
SRR23329748.13195	1407	56.65	41.57	SRR23329748
SRR23329748.13196	1412	55.81	34.57	SRR23329748
SRR23329748.13197	1408	56.39	28.85	SRR23329748
SRR23329748.13198	1473	51.26	93.00	SRR23329748
SRR23329748.13199	1457	57.24	54.15	SRR23329748
SRR23329748.13200	1396	52.22	93.00	SRR23329748
SRR23329748.13201	1473	51.32	93.00	SRR23329748
SRR23329748.13202	1404	56.70	93.00	SRR23329748
SRR23329748.13203	1444	56.23	93.00	SRR23329748
SRR23329748.13204	1450	56.41	91.86	SRR23329748
SRR23329748.13205	1423	56.15	29.54	SRR23329748
SRR23329748.13206	1438	58.14	26.95	SRR23329748
SRR23329748.13207	1464	55.05	34.64	SRR23329748
SRR23329748.13208	1407	56.65	28.90	SRR23329748
SRR23329748.13209	1407	56.79	29.78	SRR23329748
SRR23329748.13210	1489	53.93	79.41	SRR23329748
SRR23329748.13211	1426	56.17	38.54	SRR23329748
SRR23329748.13212	1407	55.93	38.86	SRR23329748
SRR23329748.13214	1472	53.60	23.18	SRR23329748
SRR23329748.13216	1389	55.72	26.86	SRR23329748
SRR23329748.13217	1475	54.03	92.97	SRR23329748
SRR23329748.13218	1449	56.18	92.97	SRR23329748
SRR23329748.13219	1459	52.84	53.46	SRR23329748
SRR23329748.13220	1428	56.37	93.00	SRR23329748
SRR23329748.13221	1404	56.62	28.33	SRR23329748
SRR23329748.13222	1445	56.89	72.51	SRR23329748
SRR23329748.13223	1448	55.66	31.26	SRR23329748
SRR23329748.13224	1409	55.86	32.06	SRR23329748
SRR23329748.13225	1473	58.25	25.51	SRR23329748
SRR23329748.13226	1407	55.93	82.00	SRR23329748
SRR23329748.13227	1438	56.33	93.00	SRR23329748
SRR23329748.13228	1408	48.58	29.35	SRR23329748
SRR23329748.13229	1479	49.36	33.63	SRR23329748
SRR23329748.13230	1406	55.69	45.22	SRR23329748
SRR23329748.13231	1467	49.35	93.00	SRR23329748
SRR23329748.13232	1460	55.96	93.00	SRR23329748
SRR23329748.13233	1385	55.60	76.32	SRR23329748
SRR23329748.13234	1408	54.69	29.16	SRR23329748
SRR23329748.13235	1453	55.47	34.64	SRR23329748
SRR23329748.13236	1473	53.84	32.10	SRR23329748
SRR23329748.13237	1408	55.89	93.00	SRR23329748
SRR23329748.13241	1407	56.50	92.94	SRR23329748
SRR23329748.13242	1467	57.40	20.49	SRR23329748
SRR23329748.13243	1391	58.73	74.83	SRR23329748
SRR23329748.13244	1488	49.40	67.08	SRR23329748
SRR23329748.13245	1407	55.93	76.50	SRR23329748
SRR23329748.13246	1411	56.27	38.49	SRR23329748
SRR23329748.13247	1445	55.85	92.53	SRR23329748
SRR23329748.13249	1515	50.89	32.40	SRR23329748
SRR23329748.13250	1460	53.56	52.64	SRR23329748
SRR23329748.13251	1454	55.71	33.15	SRR23329748
SRR23329748.13252	2008	53.88	90.29	SRR23329748
SRR23329748.13253	1407	56.65	57.34	SRR23329748
SRR23329748.13255	1437	57.13	24.53	SRR23329748
SRR23329748.13256	1450	57.86	23.48	SRR23329748
SRR23329748.13257	1481	49.43	81.39	SRR23329748
SRR23329748.13258	1407	56.65	36.09	SRR23329748
SRR23329748.13259	1411	48.48	23.73	SRR23329748
SRR23329748.13260	1407	55.65	46.44	SRR23329748
SRR23329748.13261	1460	55.07	64.87	SRR23329748
SRR23329748.13262	1409	58.91	92.98	SRR23329748
SRR23329748.13263	1456	58.93	47.84	SRR23329748
SRR23329748.13264	1473	49.36	23.91	SRR23329748
SRR23329748.13266	1449	56.18	71.22	SRR23329748
SRR23329748.13268	1488	53.90	34.35	SRR23329748
SRR23329748.13269	1408	56.04	22.55	SRR23329748
SRR23329748.13270	1453	51.69	51.12	SRR23329748
SRR23329748.13271	1413	56.76	47.93	SRR23329748
SRR23329748.13272	1454	51.79	23.42	SRR23329748
SRR23329748.13273	1447	57.57	76.51	SRR23329748
SRR23329748.13275	1467	57.40	85.75	SRR23329748
SRR23329748.13276	1444	56.23	92.71	SRR23329748
SRR23329748.13277	1460	53.56	36.45	SRR23329748
SRR23329748.13278	1454	50.48	76.59	SRR23329748
SRR23329748.13279	1476	54.47	30.03	SRR23329748
SRR23329748.13280	1486	55.52	33.27	SRR23329748
SRR23329748.13281	1383	54.81	38.89	SRR23329748
SRR23329748.13282	1467	49.35	93.00	SRR23329748
SRR23329748.13283	1407	55.86	92.80	SRR23329748
SRR23329748.13284	1422	56.54	20.31	SRR23329748
SRR23329748.13286	1447	55.63	92.93	SRR23329748
SRR23329748.13287	1436	55.57	22.87	SRR23329748
SRR23329748.13288	1475	54.03	93.00	SRR23329748
SRR23329748.13289	1436	58.50	33.09	SRR23329748
SRR23329748.13290	1404	55.63	28.57	SRR23329748
SRR23329748.13291	1407	56.01	29.95	SRR23329748
SRR23329748.13292	1420	56.13	92.98	SRR23329748
SRR23329748.13293	1481	49.43	68.08	SRR23329748
SRR23329748.13294	1467	49.35	55.90	SRR23329748
SRR23329748.13295	1451	50.38	89.77	SRR23329748
SRR23329748.13296	1413	55.56	89.15	SRR23329748
SRR23329748.13297	1412	55.81	92.97	SRR23329748
SRR23329748.13299	1421	56.51	37.41	SRR23329748
SRR23329748.13300	1412	55.81	88.39	SRR23329748
SRR23329748.13301	1471	52.69	75.09	SRR23329748
SRR23329748.13302	1403	55.38	27.72	SRR23329748
SRR23329748.13303	1383	55.03	92.62	SRR23329748
SRR23329748.13304	1487	55.28	38.31	SRR23329748
SRR23329748.13305	1467	57.40	43.63	SRR23329748
SRR23329748.13306	1413	55.56	93.00	SRR23329748
SRR23329748.13307	1481	49.49	90.66	SRR23329748
SRR23329748.13308	1399	56.75	21.52	SRR23329748
SRR23329748.13309	1443	58.07	35.12	SRR23329748
SRR23329748.13310	1476	54.13	32.40	SRR23329748
SRR23329748.13311	1431	57.44	69.30	SRR23329748
SRR23329748.13312	1476	54.88	23.88	SRR23329748
SRR23329748.13313	1424	57.02	24.50	SRR23329748
SRR23329748.13314	1407	55.65	92.99	SRR23329748
SRR23329748.13315	1481	53.95	21.95	SRR23329748
SRR23329748.13319	1412	56.80	56.82	SRR23329748
SRR23329748.13320	1459	52.98	30.44	SRR23329748
SRR23329748.13321	1407	56.22	93.00	SRR23329748
SRR23329748.13323	1437	56.85	92.95	SRR23329748
SRR23329748.13324	1407	56.57	55.01	SRR23329748
SRR23329748.13325	1487	49.29	38.34	SRR23329748
SRR23329748.13326	1434	56.76	30.79	SRR23329748
SRR23329748.13327	1412	56.80	78.08	SRR23329748
SRR23329748.13331	1407	56.01	92.28	SRR23329748
SRR23329748.13332	1440	57.36	80.93	SRR23329748
SRR23329748.13333	1461	52.70	91.10	SRR23329748
SRR23329748.13334	1455	51.82	29.37	SRR23329748
SRR23329748.13335	1392	58.84	21.25	SRR23329748
SRR23329748.13336	1444	58.86	93.00	SRR23329748
SRR23329748.13337	1488	49.33	93.00	SRR23329748
SRR23329748.13338	1407	56.65	85.61	SRR23329748
SRR23329748.13339	1467	57.53	46.87	SRR23329748
SRR23329748.13340	1446	55.19	27.10	SRR23329748
SRR23329748.13341	1445	53.15	78.18	SRR23329748
SRR23329748.13342	1451	58.03	39.72	SRR23329748
SRR23329748.13343	1456	58.93	85.71	SRR23329748
SRR23329748.13344	1407	56.65	77.32	SRR23329748
SRR23329748.13345	1460	53.63	93.00	SRR23329748
SRR23329748.13346	1408	55.75	58.61	SRR23329748
SRR23329748.13347	1411	55.63	49.39	SRR23329748
SRR23329748.13348	1473	51.26	52.87	SRR23329748
SRR23329748.13349	1457	58.89	19.89	SRR23329748
SRR23329748.13350	1450	59.45	27.74	SRR23329748
SRR23329748.13351	1480	49.39	33.80	SRR23329748
SRR23329748.13352	1445	57.23	55.08	SRR23329748
SRR23329748.13353	1481	49.43	92.86	SRR23329748
SRR23329748.13354	1445	55.99	30.28	SRR23329748
SRR23329748.13355	1454	51.79	37.30	SRR23329748
SRR23329748.13357	1445	58.55	74.54	SRR23329748
SRR23329748.13358	1467	57.46	39.95	SRR23329748
SRR23329748.13359	1488	49.33	52.08	SRR23329748
SRR23329748.13362	1471	55.54	34.31	SRR23329748
SRR23329748.13363	1407	56.01	93.00	SRR23329748
SRR23329748.13364	1481	49.43	93.00	SRR23329748
SRR23329748.13365	1436	58.50	33.97	SRR23329748
SRR23329748.13366	1488	49.33	38.40	SRR23329748
SRR23329748.13367	1403	55.60	26.26	SRR23329748
SRR23329748.13368	1417	54.48	26.29	SRR23329748
SRR23329748.13369	1488	51.34	85.81	SRR23329748
SRR23329748.13370	1483	55.36	47.14	SRR23329748
SRR23329748.13372	1407	55.65	53.48	SRR23329748
SRR23329748.13373	1475	53.97	48.73	SRR23329748
SRR23329748.13374	1488	49.33	92.89	SRR23329748
SRR23329748.13375	1459	52.84	93.00	SRR23329748
SRR23329748.13376	1421	57.00	30.11	SRR23329748
SRR23329748.13377	1470	57.55	50.71	SRR23329748
SRR23329748.13378	1469	57.59	29.14	SRR23329748
SRR23329748.13379	1488	49.26	46.73	SRR23329748
SRR23329748.13380	1406	56.61	49.86	SRR23329748
SRR23329748.13382	1444	60.32	92.71	SRR23329748
SRR23329748.13383	1484	55.39	44.12	SRR23329748
SRR23329748.13384	1386	55.77	35.64	SRR23329748
SRR23329748.13385	1476	49.53	28.90	SRR23329748
SRR23329748.13386	1451	50.31	69.24	SRR23329748
SRR23329748.13387	1413	55.56	93.00	SRR23329748
SRR23329748.13388	1467	49.35	93.00	SRR23329748
SRR23329748.13389	1475	54.24	75.11	SRR23329748
SRR23329748.13390	1407	56.57	93.00	SRR23329748
SRR23329748.13391	1407	55.93	93.00	SRR23329748
SRR23329748.13392	1413	55.56	92.98	SRR23329748
SRR23329748.13395	1467	49.35	85.05	SRR23329748
SRR23329748.13396	1460	54.93	32.57	SRR23329748
SRR23329748.13397	1460	53.42	92.63	SRR23329748
SRR23329748.13398	1413	55.56	64.22	SRR23329748
SRR23329748.13399	1431	57.51	66.53	SRR23329748
SRR23329748.13400	1411	55.63	88.31	SRR23329748
SRR23329748.13401	1385	56.46	34.18	SRR23329748
SRR23329748.13404	1449	57.69	82.15	SRR23329748
SRR23329748.13405	1473	51.26	89.27	SRR23329748
SRR23329748.13406	1441	50.52	30.08	SRR23329748
SRR23329748.13407	1408	48.65	92.92	SRR23329748
SRR23329748.13408	1402	55.99	34.98	SRR23329748
SRR23329748.13409	1409	59.19	62.98	SRR23329748
SRR23329748.13410	1475	53.97	80.44	SRR23329748
SRR23329748.13411	1463	56.19	82.19	SRR23329748
SRR23329748.13412	1411	54.43	60.33	SRR23329748
SRR23329748.13413	1488	49.33	46.91	SRR23329748
SRR23329748.13414	1411	54.50	79.88	SRR23329748
SRR23329748.13415	1415	54.56	32.89	SRR23329748
SRR23329748.13416	1446	57.61	66.59	SRR23329748
SRR23329748.13417	1469	52.62	32.55	SRR23329748
SRR23329748.13418	1451	55.55	27.08	SRR23329748
SRR23329748.13419	1489	54.26	21.09	SRR23329748
SRR23329748.13420	1473	53.90	35.56	SRR23329748
SRR23329748.13421	1453	55.47	77.37	SRR23329748
SRR23329748.13422	1410	56.31	22.62	SRR23329748
SRR23329748.13423	1488	49.33	57.15	SRR23329748
SRR23329748.13424	1396	52.22	93.00	SRR23329748
SRR23329748.13425	1444	56.37	45.20	SRR23329748
SRR23329748.13426	1412	55.67	26.09	SRR23329748
SRR23329748.13427	1484	55.46	60.76	SRR23329748
SRR23329748.13428	1475	54.24	90.17	SRR23329748
SRR23329748.13429	1405	56.58	30.50	SRR23329748
SRR23329748.13430	1448	56.91	26.06	SRR23329748
SRR23329748.13431	1407	56.72	23.00	SRR23329748
SRR23329748.13432	1411	54.50	66.48	SRR23329748
SRR23329748.13433	1486	49.26	25.88	SRR23329748
SRR23329748.13434	1383	55.82	67.63	SRR23329748
SRR23329748.13435	1444	60.32	83.76	SRR23329748
SRR23329748.13436	1475	53.97	41.10	SRR23329748
SRR23329748.13437	1412	56.80	56.08	SRR23329748
SRR23329748.13438	1400	56.50	24.71	SRR23329748
SRR23329748.13439	1476	57.72	20.06	SRR23329748
SRR23329748.13440	1385	55.45	53.53	SRR23329748
SRR23329748.13441	1479	51.32	23.25	SRR23329748
SRR23329748.13442	1453	56.02	50.18	SRR23329748
SRR23329748.13443	1488	49.33	93.00	SRR23329748
SRR23329748.13444	1387	54.58	93.00	SRR23329748
SRR23329748.13445	1407	56.01	93.00	SRR23329748
SRR23329748.13446	1399	44.03	28.33	SRR23329748
SRR23329748.13447	1445	57.85	92.95	SRR23329748
SRR23329748.13448	1475	54.03	52.08	SRR23329748
SRR23329748.13449	1388	55.12	32.95	SRR23329748
SRR23329748.13452	1460	53.42	93.00	SRR23329748
SRR23329748.13453	1408	55.75	91.92	SRR23329748
SRR23329748.13454	1407	55.65	39.45	SRR23329748
SRR23329748.13455	1415	56.68	33.67	SRR23329748
SRR23329748.13456	1407	56.57	36.50	SRR23329748
SRR23329748.13457	1445	57.85	92.85	SRR23329748
SRR23329748.13458	1405	48.40	60.46	SRR23329748
SRR23329748.13459	1407	55.65	92.12	SRR23329748
SRR23329748.13460	1454	50.41	56.22	SRR23329748
SRR23329748.13461	1474	54.14	29.59	SRR23329748
SRR23329748.13463	1413	54.71	29.93	SRR23329748
SRR23329748.13464	1456	57.21	36.25	SRR23329748
SRR23329748.13465	1407	56.65	77.36	SRR23329748
SRR23329748.13466	1488	49.33	32.56	SRR23329748
SRR23329748.13468	1408	56.18	41.48	SRR23329748
SRR23329748.13470	1438	56.88	42.88	SRR23329748
SRR23329748.13471	1475	53.90	93.00	SRR23329748
SRR23329748.13472	1412	56.80	93.00	SRR23329748
SRR23329748.13473	1407	55.93	51.48	SRR23329748
SRR23329748.13474	1410	56.10	25.31	SRR23329748
SRR23329748.13475	1412	56.73	38.81	SRR23329748
SRR23329748.13476	1467	49.35	42.33	SRR23329748
SRR23329748.13477	1432	53.63	72.48	SRR23329748
SRR23329748.13478	1422	57.45	31.17	SRR23329748
SRR23329748.13479	1418	57.33	41.50	SRR23329748
SRR23329748.13480	1488	49.26	93.00	SRR23329748
SRR23329748.13481	1475	53.90	32.64	SRR23329748
SRR23329748.13482	1407	56.43	60.88	SRR23329748
SRR23329748.13483	1484	49.26	22.22	SRR23329748
SRR23329748.13484	1412	55.81	87.44	SRR23329748
SRR23329748.13485	1413	55.56	92.99	SRR23329748
SRR23329748.13486	1407	55.65	63.44	SRR23329748
SRR23329748.13487	1412	56.80	92.83	SRR23329748
SRR23329748.13488	1448	55.94	20.54	SRR23329748
SRR23329748.13489	1412	56.80	39.12	SRR23329748
SRR23329748.13490	1447	58.12	22.85	SRR23329748
SRR23329748.13491	1385	55.45	37.94	SRR23329748
SRR23329748.13492	1412	55.81	41.22	SRR23329748
SRR23329748.13493	1482	54.32	27.81	SRR23329748
SRR23329748.13494	1403	56.02	93.00	SRR23329748
SRR23329748.13495	1488	49.33	93.00	SRR23329748
SRR23329748.13496	1408	55.61	31.30	SRR23329748
SRR23329748.13497	1447	55.22	47.89	SRR23329748
SRR23329748.13498	1407	56.65	93.00	SRR23329748
SRR23329748.13499	1475	53.90	92.86	SRR23329748
SRR23329748.13500	1454	58.18	56.41	SRR23329748
SRR23329748.13501	1407	56.65	70.27	SRR23329748
SRR23329748.13502	1413	55.70	23.59	SRR23329748
SRR23329748.13503	1455	52.85	24.62	SRR23329748
SRR23329748.13504	1474	54.14	35.20	SRR23329748
SRR23329748.13505	1452	50.55	92.94	SRR23329748
SRR23329748.13506	1412	56.73	93.00	SRR23329748
SRR23329748.13507	1407	56.08	88.55	SRR23329748
SRR23329748.13508	1443	60.36	37.14	SRR23329748
SRR23329748.13509	1488	49.33	40.01	SRR23329748
SRR23329748.13510	1468	57.36	34.58	SRR23329748
SRR23329748.13511	1471	52.35	93.00	SRR23329748
SRR23329748.13512	1445	57.92	82.04	SRR23329748
SRR23329748.13513	1412	56.80	93.00	SRR23329748
SRR23329748.13514	1486	53.30	91.72	SRR23329748
SRR23329748.13515	1467	49.49	52.01	SRR23329748
SRR23329748.13516	1453	55.47	37.21	SRR23329748
SRR23329748.13517	1484	55.46	93.00	SRR23329748
SRR23329748.13519	1467	57.40	31.11	SRR23329748
SRR23329748.13520	1391	56.43	93.00	SRR23329748
SRR23329748.13521	1438	50.63	92.97	SRR23329748
SRR23329748.13522	1473	54.38	31.34	SRR23329748
SRR23329748.13523	1463	49.21	24.72	SRR23329748
SRR23329748.13524	1407	56.43	56.46	SRR23329748
SRR23329748.13525	1467	57.53	91.95	SRR23329748
SRR23329748.13526	1411	55.92	93.00	SRR23329748
SRR23329748.13527	1467	49.28	34.69	SRR23329748
SRR23329748.13528	1410	50.21	20.68	SRR23329748
SRR23329748.13529	1439	58.44	35.91	SRR23329748
SRR23329748.13530	1411	54.78	33.24	SRR23329748
SRR23329748.13531	1414	56.72	37.72	SRR23329748
SRR23329748.13532	1469	58.27	93.00	SRR23329748
SRR23329748.13533	1444	58.80	92.89	SRR23329748
SRR23329748.13534	1419	55.95	20.94	SRR23329748
SRR23329748.13535	1445	55.85	29.51	SRR23329748
SRR23329748.13536	1488	49.33	93.00	SRR23329748
SRR23329748.13537	1453	55.26	22.87	SRR23329748
SRR23329748.13538	1444	57.55	23.44	SRR23329748
SRR23329748.13539	1475	54.03	43.15	SRR23329748
SRR23329748.13540	1449	53.07	30.65	SRR23329748
SRR23329748.13541	1468	57.36	31.03	SRR23329748
SRR23329748.13542	1451	59.41	42.60	SRR23329748
SRR23329748.13543	1406	57.25	87.88	SRR23329748
SRR23329748.13545	1460	53.56	37.54	SRR23329748
SRR23329748.13546	1407	55.65	76.53	SRR23329748
SRR23329748.13547	1409	53.02	27.91	SRR23329748
SRR23329748.13548	1442	50.55	54.09	SRR23329748
SRR23329748.13549	1409	53.51	49.05	SRR23329748
SRR23329748.13550	1481	49.49	93.00	SRR23329748
SRR23329748.13551	1407	55.79	93.00	SRR23329748
SRR23329748.13552	1446	57.61	59.96	SRR23329748
SRR23329748.13554	1407	56.65	93.00	SRR23329748
SRR23329748.13555	1465	57.00	21.90	SRR23329748
SRR23329748.13556	1407	55.72	41.78	SRR23329748
SRR23329748.13557	1463	58.10	24.87	SRR23329748
SRR23329748.13559	1462	57.25	27.75	SRR23329748
SRR23329748.13560	1412	55.81	46.35	SRR23329748
SRR23329748.13561	1414	56.79	32.50	SRR23329748
SRR23329748.13562	1476	53.93	25.54	SRR23329748
SRR23329748.13563	1411	55.56	23.52	SRR23329748
SRR23329748.13564	1454	51.79	93.00	SRR23329748
SRR23329748.13565	1437	56.85	33.07	SRR23329748
SRR23329748.13566	1407	56.01	34.48	SRR23329748
SRR23329748.13567	1488	51.34	31.39	SRR23329748
SRR23329748.13568	1475	53.97	51.58	SRR23329748
SRR23329748.13569	1482	49.39	55.51	SRR23329748
SRR23329748.13570	1475	54.24	31.69	SRR23329748
SRR23329748.13571	1475	54.17	93.00	SRR23329748
SRR23329748.13573	1454	51.79	55.60	SRR23329748
SRR23329748.13574	1407	55.93	78.14	SRR23329748
SRR23329748.13575	1488	52.15	71.60	SRR23329748
SRR23329748.13576	1448	55.11	32.91	SRR23329748
SRR23329748.13577	1488	49.33	35.73	SRR23329748
SRR23329748.13578	1454	51.79	45.55	SRR23329748
SRR23329748.13579	1442	50.55	93.00	SRR23329748
SRR23329748.13580	1389	56.59	92.99	SRR23329748
SRR23329748.13581	1407	56.65	93.00	SRR23329748
SRR23329748.13582	1445	58.06	76.31	SRR23329748
SRR23329748.13583	1407	54.87	93.00	SRR23329748
SRR23329748.13584	1473	51.26	92.94	SRR23329748
SRR23329748.13585	1447	56.39	92.99	SRR23329748
SRR23329748.13586	1454	51.79	55.27	SRR23329748
SRR23329748.13587	1488	49.33	63.90	SRR23329748
SRR23329748.13588	1445	55.85	26.59	SRR23329748
SRR23329748.13589	1445	57.92	21.69	SRR23329748
SRR23329748.13591	1433	59.11	37.25	SRR23329748
SRR23329748.13592	1413	52.87	53.36	SRR23329748
SRR23329748.13593	1493	52.51	23.06	SRR23329748
SRR23329748.13596	1458	54.46	23.83	SRR23329748
SRR23329748.13597	1436	49.37	92.85	SRR23329748
SRR23329748.13598	1448	55.66	30.02	SRR23329748
SRR23329748.13599	1475	53.90	66.67	SRR23329748
SRR23329748.13600	1474	53.87	25.38	SRR23329748
SRR23329748.13601	1477	54.10	34.96	SRR23329748
SRR23329748.13603	1514	44.19	93.00	SRR23329748
SRR23329748.13604	1475	54.10	93.00	SRR23329748
SRR23329748.13605	1473	52.27	31.95	SRR23329748
SRR23329748.13606	1440	57.92	92.83	SRR23329748
SRR23329748.13607	1459	54.01	60.61	SRR23329748
SRR23329748.13608	1475	53.97	93.00	SRR23329748
SRR23329748.13609	1407	55.93	93.00	SRR23329748
SRR23329748.13610	1446	55.60	62.51	SRR23329748
SRR23329748.13611	1412	54.53	32.95	SRR23329748
SRR23329748.13612	1407	55.65	77.03	SRR23329748
SRR23329748.13613	1466	49.25	24.59	SRR23329748
SRR23329748.13614	1467	49.35	93.00	SRR23329748
SRR23329748.13615	1444	58.93	83.09	SRR23329748
SRR23329748.13616	1411	55.71	27.95	SRR23329748
SRR23329748.13617	1483	55.56	27.72	SRR23329748
SRR23329748.13618	1445	58.06	91.43	SRR23329748
SRR23329748.13619	1475	53.97	80.04	SRR23329748
SRR23329748.13620	1488	49.33	92.82	SRR23329748
SRR23329748.13621	1407	55.65	76.30	SRR23329748
SRR23329748.13622	1411	54.43	90.09	SRR23329748
SRR23329748.13623	1437	56.92	80.33	SRR23329748
SRR23329748.13624	1473	51.26	51.36	SRR23329748
SRR23329748.13625	1488	49.33	93.00	SRR23329748
SRR23329748.13626	1403	56.02	82.63	SRR23329748
SRR23329748.13627	1472	52.31	77.49	SRR23329748
SRR23329748.13628	1385	56.39	53.41	SRR23329748
SRR23329748.13629	1388	55.76	93.00	SRR23329748
SRR23329748.13630	1441	53.99	22.00	SRR23329748
SRR23329748.13631	1412	56.80	70.56	SRR23329748
SRR23329748.13632	1458	58.23	47.15	SRR23329748
SRR23329748.13633	1476	53.93	43.43	SRR23329748
SRR23329748.13634	1446	55.67	31.50	SRR23329748
SRR23329748.13635	1455	51.82	35.60	SRR23329748
SRR23329748.13636	1436	49.44	93.00	SRR23329748
SRR23329748.13637	1417	55.54	20.91	SRR23329748
SRR23329748.13638	1407	56.50	74.42	SRR23329748
SRR23329748.13639	1471	52.41	59.89	SRR23329748
SRR23329748.13640	1446	55.60	72.19	SRR23329748
SRR23329748.13641	1447	56.67	70.58	SRR23329748
SRR23329748.13642	1436	57.80	93.00	SRR23329748
SRR23329748.13643	1453	51.75	48.17	SRR23329748
SRR23329748.13644	1475	51.39	66.50	SRR23329748
SRR23329748.13645	1407	56.08	92.93	SRR23329748
SRR23329748.13646	1412	55.81	83.70	SRR23329748
SRR23329748.13647	1475	54.24	58.62	SRR23329748
SRR23329748.13648	1446	55.60	93.00	SRR23329748
SRR23329748.13649	1445	57.85	93.00	SRR23329748
SRR23329748.13650	1407	56.57	93.00	SRR23329748
SRR23329748.13651	1475	54.17	93.00	SRR23329748
SRR23329748.13652	1407	56.86	21.33	SRR23329748
SRR23329748.13653	1478	52.03	93.00	SRR23329748
SRR23329748.13654	1467	57.53	53.39	SRR23329748
SRR23329748.13655	1407	55.58	47.48	SRR23329748
SRR23329748.13656	1458	58.92	21.99	SRR23329748
SRR23329748.13657	1487	54.27	20.69	SRR23329748
SRR23329748.13658	1475	53.97	78.09	SRR23329748
SRR23329748.13659	1407	55.86	92.84	SRR23329748
SRR23329748.13660	1436	56.82	32.01	SRR23329748
SRR23329748.13661	1416	50.56	92.96	SRR23329748
SRR23329748.13662	1451	56.10	22.61	SRR23329748
SRR23329748.13663	1385	55.45	93.00	SRR23329748
SRR23329748.13664	1407	55.93	39.30	SRR23329748
SRR23329748.13665	1475	54.24	49.98	SRR23329748
SRR23329748.13666	1445	52.25	21.99	SRR23329748
SRR23329748.13667	1420	56.41	92.94	SRR23329748
SRR23329748.13668	1467	49.35	93.00	SRR23329748
SRR23329748.13669	1391	56.65	35.22	SRR23329748
SRR23329748.13670	1436	49.37	93.00	SRR23329748
SRR23329748.13671	1475	54.10	63.14	SRR23329748
SRR23329748.13672	1407	56.57	37.48	SRR23329748
SRR23329748.13673	1488	49.33	93.00	SRR23329748
SRR23329748.13674	1453	54.03	93.00	SRR23329748
SRR23329748.13675	1407	56.65	91.36	SRR23329748
SRR23329748.13676	1488	53.97	20.88	SRR23329748
SRR23329748.13677	1409	56.71	30.41	SRR23329748
SRR23329748.13678	1412	56.80	69.05	SRR23329748
SRR23329748.13679	1474	51.22	57.68	SRR23329748
SRR23329748.13680	1230	36.99	76.79	SRR23329748
SRR23329748.13682	1436	58.50	35.03	SRR23329748
SRR23329748.13683	1410	56.17	28.27	SRR23329748
SRR23329748.13684	1445	57.16	76.50	SRR23329748
SRR23329748.13685	1411	54.50	93.00	SRR23329748
SRR23329748.13686	1411	54.64	73.97	SRR23329748
SRR23329748.13687	1408	55.54	37.84	SRR23329748
SRR23329748.13688	1407	56.50	20.89	SRR23329748
SRR23329748.13689	1446	55.53	90.28	SRR23329748
SRR23329748.13690	1407	55.58	93.00	SRR23329748
SRR23329748.13691	1473	54.72	26.35	SRR23329748
SRR23329748.13692	1478	52.03	55.44	SRR23329748
SRR23329748.13693	1475	53.97	32.60	SRR23329748
SRR23329748.13694	1439	51.70	25.10	SRR23329748
SRR23329748.13695	1408	55.68	52.72	SRR23329748
SRR23329748.13696	1452	55.72	30.59	SRR23329748
SRR23329748.13697	1386	55.99	93.00	SRR23329748
SRR23329748.13698	1437	58.52	41.45	SRR23329748
SRR23329748.13699	1407	55.58	89.82	SRR23329748
SRR23329748.13700	1406	55.83	30.48	SRR23329748
SRR23329748.13701	1481	49.43	45.34	SRR23329748
SRR23329748.13702	1383	54.81	93.00	SRR23329748
SRR23329748.13703	1407	55.86	72.26	SRR23329748
SRR23329748.13704	1413	55.84	30.48	SRR23329748
SRR23329748.13705	1466	49.32	31.25	SRR23329748
SRR23329748.13706	1407	55.01	20.46	SRR23329748
SRR23329748.13708	1488	49.26	72.68	SRR23329748
SRR23329748.13709	1474	53.93	34.90	SRR23329748
SRR23329748.13710	1459	52.84	93.00	SRR23329748
SRR23329748.13711	1475	54.10	92.56	SRR23329748
SRR23329748.13713	1407	56.08	93.00	SRR23329748
SRR23329748.13714	1484	53.84	31.24	SRR23329748
SRR23329748.13715	1481	49.36	92.60	SRR23329748
SRR23329748.13717	1451	55.75	22.57	SRR23329748
SRR23329748.13718	1484	44.27	30.35	SRR23329748
SRR23329748.13719	1442	57.70	41.36	SRR23329748
SRR23329748.13720	1473	51.26	93.00	SRR23329748
SRR23329748.13721	1490	49.26	29.85	SRR23329748
SRR23329748.13722	1437	56.92	93.00	SRR23329748
SRR23329748.13724	1485	55.49	30.96	SRR23329748
SRR23329748.13727	1435	56.86	31.76	SRR23329748
SRR23329748.13728	1465	49.35	26.35	SRR23329748
SRR23329748.13729	1475	54.24	75.91	SRR23329748
SRR23329748.13730	1412	56.73	93.00	SRR23329748
SRR23329748.13731	1436	53.48	45.27	SRR23329748
SRR23329748.13732	1453	54.37	93.00	SRR23329748
SRR23329748.13733	1475	54.24	30.30	SRR23329748
SRR23329748.13734	1488	49.33	62.51	SRR23329748
SRR23329748.13735	1474	53.73	30.79	SRR23329748
SRR23329748.13736	1405	55.87	48.13	SRR23329748
SRR23329748.13737	1414	55.52	33.83	SRR23329748
SRR23329748.13738	1488	53.90	31.23	SRR23329748
SRR23329748.13739	1474	51.29	22.04	SRR23329748
SRR23329748.13740	1467	49.35	93.00	SRR23329748
SRR23329748.13743	1421	56.37	61.71	SRR23329748
SRR23329748.13744	1468	49.39	27.57	SRR23329748
SRR23329748.13745	1447	52.52	62.67	SRR23329748
SRR23329748.13746	1460	53.42	28.85	SRR23329748
SRR23329748.13747	1425	55.93	59.05	SRR23329748
SRR23329748.13749	1408	55.61	31.75	SRR23329748
SRR23329748.13750	1408	56.68	27.79	SRR23329748
SRR23329748.13751	1413	56.76	36.11	SRR23329748
SRR23329748.13752	1447	55.84	93.00	SRR23329748
SRR23329748.13753	1408	55.89	41.84	SRR23329748
SRR23329748.13754	1475	54.24	45.51	SRR23329748
SRR23329748.13755	1475	53.97	40.69	SRR23329748
SRR23329748.13756	1412	55.81	93.00	SRR23329748
SRR23329748.13757	1422	56.89	91.05	SRR23329748
SRR23329748.13758	1436	49.37	49.37	SRR23329748
SRR23329748.13759	1447	58.05	26.60	SRR23329748
SRR23329748.13760	1407	56.43	24.00	SRR23329748
SRR23329748.13761	1478	48.31	93.00	SRR23329748
SRR23329748.13762	1407	55.72	93.00	SRR23329748
SRR23329748.13763	1475	53.90	72.83	SRR23329748
SRR23329748.13764	1389	55.87	26.06	SRR23329748
SRR23329748.13765	1407	56.15	93.00	SRR23329748
SRR23329748.13766	1408	56.61	20.72	SRR23329748
SRR23329748.13767	1402	56.49	26.60	SRR23329748
SRR23329748.13768	1457	56.01	22.33	SRR23329748
SRR23329748.13769	1387	54.51	38.37	SRR23329748
SRR23329748.13770	1408	55.82	93.00	SRR23329748
SRR23329748.13771	1401	56.46	20.79	SRR23329748
SRR23329748.13772	1476	54.27	23.24	SRR23329748
SRR23329748.13773	1407	56.08	55.43	SRR23329748
SRR23329748.13774	1413	55.63	23.30	SRR23329748
SRR23329748.13775	1407	56.15	35.43	SRR23329748
SRR23329748.13776	1407	56.08	48.48	SRR23329748
SRR23329748.13777	1389	56.44	65.44	SRR23329748
SRR23329748.13778	1487	53.87	21.89	SRR23329748
SRR23329748.13779	1487	49.43	31.21	SRR23329748
SRR23329748.13780	1442	50.55	59.39	SRR23329748
SRR23329748.13781	1475	53.97	44.90	SRR23329748
SRR23329748.13782	1407	55.86	84.97	SRR23329748
SRR23329748.13783	1473	51.19	42.68	SRR23329748
SRR23329748.13784	1460	53.56	93.00	SRR23329748
SRR23329748.13785	1409	56.71	43.41	SRR23329748
SRR23329748.13786	1412	54.11	36.57	SRR23329748
SRR23329748.13787	1409	59.05	76.09	SRR23329748
SRR23329748.13788	1405	56.01	33.27	SRR23329748
SRR23329748.13789	1474	53.93	37.69	SRR23329748
SRR23329748.13791	1412	56.73	93.00	SRR23329748
SRR23329748.13792	1427	45.20	68.53	SRR23329748
SRR23329748.13793	1488	49.26	37.70	SRR23329748
SRR23329748.13795	1385	55.52	28.27	SRR23329748
SRR23329748.13796	1446	58.85	46.54	SRR23329748
SRR23329748.13798	1515	54.85	35.66	SRR23329748
SRR23329748.13799	1445	57.79	93.00	SRR23329748
SRR23329748.13800	1475	54.17	47.69	SRR23329748
SRR23329748.13802	1488	49.33	92.99	SRR23329748
SRR23329748.13803	1385	56.46	35.01	SRR23329748
SRR23329748.13804	1451	50.38	90.18	SRR23329748
SRR23329748.13805	1463	49.28	29.38	SRR23329748
SRR23329748.13806	1475	53.90	59.03	SRR23329748
SRR23329748.13807	1466	49.25	35.56	SRR23329748
SRR23329748.13808	1409	56.64	21.82	SRR23329748
SRR23329748.13809	1463	56.19	78.29	SRR23329748
SRR23329748.13810	1407	56.65	40.48	SRR23329748
SRR23329748.13811	1405	56.58	35.08	SRR23329748
SRR23329748.13812	1447	57.50	92.54	SRR23329748
SRR23329748.13813	1484	54.99	93.00	SRR23329748
SRR23329748.13814	1446	55.53	93.00	SRR23329748
SRR23329748.13815	1467	49.49	92.25	SRR23329748
SRR23329748.13816	1412	56.80	93.00	SRR23329748
SRR23329748.13817	1467	49.42	93.00	SRR23329748
SRR23329748.13818	1407	55.86	93.00	SRR23329748
SRR23329748.13819	1407	56.57	77.18	SRR23329748
SRR23329748.13820	1475	53.97	87.32	SRR23329748
SRR23329748.13821	1454	51.79	87.98	SRR23329748
SRR23329748.13822	1407	55.93	85.47	SRR23329748
SRR23329748.13823	1475	53.97	22.33	SRR23329748
SRR23329748.13824	1411	55.63	93.00	SRR23329748
SRR23329748.13825	1467	49.42	34.53	SRR23329748
SRR23329748.13826	1447	55.63	93.00	SRR23329748
SRR23329748.13827	1467	57.06	41.86	SRR23329748
SRR23329748.13828	1407	55.93	44.92	SRR23329748
SRR23329748.13829	1474	54.21	37.25	SRR23329748
SRR23329748.13830	1437	58.39	92.77	SRR23329748
SRR23329748.13831	1407	56.43	92.95	SRR23329748
SRR23329748.13832	1475	54.10	44.36	SRR23329748
SRR23329748.13833	1473	51.32	52.35	SRR23329748
SRR23329748.13834	1420	55.70	20.57	SRR23329748
SRR23329748.13835	1455	51.82	76.52	SRR23329748
SRR23329748.13836	1412	56.80	62.29	SRR23329748
SRR23329748.13837	1487	49.29	36.72	SRR23329748
SRR23329748.13838	1409	59.12	93.00	SRR23329748
SRR23329748.13840	1388	55.62	81.13	SRR23329748
SRR23329748.13841	1486	49.33	32.02	SRR23329748
SRR23329748.13842	1411	54.50	93.00	SRR23329748
SRR23329748.13844	1424	55.62	93.00	SRR23329748
SRR23329748.13845	1467	49.35	74.35	SRR23329748
SRR23329748.13846	1475	54.24	42.56	SRR23329748
SRR23329748.13847	1445	56.40	74.49	SRR23329748
SRR23329748.13848	1473	51.26	78.39	SRR23329748
SRR23329748.13849	1419	54.62	23.43	SRR23329748
SRR23329748.13850	1408	56.39	30.68	SRR23329748
SRR23329748.13851	1474	53.80	43.25	SRR23329748
SRR23329748.13852	1454	51.51	90.84	SRR23329748
SRR23329748.13853	1482	49.39	34.41	SRR23329748
SRR23329748.13854	1407	56.57	84.77	SRR23329748
SRR23329748.13855	1476	54.47	24.67	SRR23329748
SRR23329748.13856	1404	56.34	27.39	SRR23329748
SRR23329748.13857	1408	56.75	22.89	SRR23329748
SRR23329748.13858	1413	56.69	22.97	SRR23329748
SRR23329748.13859	1404	55.77	21.80	SRR23329748
SRR23329748.13860	1410	57.30	70.89	SRR23329748
SRR23329748.13861	1473	51.26	93.00	SRR23329748
SRR23329748.13862	1409	54.65	29.98	SRR23329748
SRR23329748.13863	1489	53.93	55.67	SRR23329748
SRR23329748.13864	1488	51.55	92.34	SRR23329748
SRR23329748.13865	1475	54.24	70.53	SRR23329748
SRR23329748.13866	1409	39.32	92.98	SRR23329748
SRR23329748.13867	1406	55.69	37.46	SRR23329748
SRR23329748.13868	1432	56.63	40.32	SRR23329748
SRR23329748.13869	1432	53.56	53.87	SRR23329748
SRR23329748.13870	1404	57.12	79.84	SRR23329748
SRR23329748.13871	1426	56.73	81.15	SRR23329748
SRR23329748.13872	1397	50.39	24.19	SRR23329748
SRR23329748.13873	1467	49.42	78.59	SRR23329748
SRR23329748.13874	1419	53.07	28.13	SRR23329748
SRR23329748.13875	1488	49.33	32.05	SRR23329748
SRR23329748.13876	1446	56.36	50.52	SRR23329748
SRR23329748.13877	1487	54.20	44.69	SRR23329748
SRR23329748.13878	1447	55.77	39.48	SRR23329748
SRR23329748.13879	1467	57.46	92.97	SRR23329748
SRR23329748.13880	1488	49.26	93.00	SRR23329748
SRR23329748.13881	1457	56.01	92.81	SRR23329748
SRR23329748.13882	1407	55.65	82.41	SRR23329748
SRR23329748.13883	1428	57.49	31.48	SRR23329748
SRR23329748.13884	1409	55.93	23.24	SRR23329748
SRR23329748.13885	1460	52.60	69.31	SRR23329748
SRR23329748.13886	1460	53.56	93.00	SRR23329748
SRR23329748.13887	2727	56.47	30.04	SRR23329748
SRR23329748.13888	1407	55.44	89.65	SRR23329748
SRR23329748.13889	1420	56.90	20.95	SRR23329748
SRR23329748.13890	1475	54.10	35.43	SRR23329748
SRR23329748.13891	1474	54.14	35.45	SRR23329748
SRR23329748.13892	1408	55.75	93.00	SRR23329748
SRR23329748.13893	1412	56.66	92.38	SRR23329748
SRR23329748.13894	1461	51.13	21.74	SRR23329748
SRR23329748.13895	1475	53.97	93.00	SRR23329748
SRR23329748.13896	1407	56.08	93.00	SRR23329748
SRR23329748.13897	1484	55.39	78.12	SRR23329748
SRR23329748.13898	1447	61.23	45.10	SRR23329748
SRR23329748.13899	1475	54.24	93.00	SRR23329748
SRR23329748.13900	1472	53.74	32.63	SRR23329748
SRR23329748.13901	1409	54.44	27.04	SRR23329748
SRR23329748.13902	1412	56.80	93.00	SRR23329748
SRR23329748.13903	1447	57.50	35.45	SRR23329748
SRR23329748.13904	1438	59.11	47.45	SRR23329748
SRR23329748.13905	1412	55.81	93.00	SRR23329748
SRR23329748.13906	1447	52.52	93.00	SRR23329748
SRR23329748.13908	1488	49.26	44.65	SRR23329748
SRR23329748.13909	1443	54.12	93.00	SRR23329748
SRR23329748.13910	1478	54.13	28.59	SRR23329748
SRR23329748.13911	1412	56.80	92.32	SRR23329748
SRR23329748.13912	1496	59.69	20.07	SRR23329748
SRR23329748.13913	1446	55.60	92.93	SRR23329748
SRR23329748.13915	1431	57.44	59.98	SRR23329748
SRR23329748.13916	1401	44.04	93.00	SRR23329748
SRR23329748.13917	1411	54.50	65.29	SRR23329748
SRR23329748.13918	1437	56.99	93.00	SRR23329748
SRR23329748.13919	1444	58.86	60.59	SRR23329748
SRR23329748.13920	1486	54.24	21.72	SRR23329748
SRR23329748.13922	1488	49.26	93.00	SRR23329748
SRR23329748.13923	1476	54.20	39.71	SRR23329748
SRR23329748.13924	1467	49.42	63.02	SRR23329748
SRR23329748.13925	1475	53.97	42.52	SRR23329748
SRR23329748.13926	1412	54.53	93.00	SRR23329748
SRR23329748.13927	1475	53.97	93.00	SRR23329748
SRR23329748.13928	1407	55.72	91.06	SRR23329748
SRR23329748.13929	1488	49.33	92.82	SRR23329748
SRR23329748.13930	1484	55.32	30.52	SRR23329748
SRR23329748.13931	1407	55.65	64.48	SRR23329748
SRR23329748.13933	1492	49.33	28.20	SRR23329748
SRR23329748.13934	1488	49.33	76.62	SRR23329748
SRR23329748.13935	1410	55.74	30.83	SRR23329748
SRR23329748.13936	1479	58.82	68.67	SRR23329748
SRR23329748.13937	1438	50.63	93.00	SRR23329748
SRR23329748.13938	1473	54.18	32.70	SRR23329748
SRR23329748.13939	1438	59.11	92.24	SRR23329748
SRR23329748.13940	1461	49.14	23.21	SRR23329748
SRR23329748.13941	1675	46.51	93.00	SRR23329748
SRR23329748.13942	1436	53.48	93.00	SRR23329748
SRR23329748.13943	1446	58.58	26.86	SRR23329748
SRR23329748.13944	1475	54.24	38.08	SRR23329748
SRR23329748.13945	1412	56.80	33.62	SRR23329748
SRR23329748.13946	1411	54.50	44.94	SRR23329748
SRR23329748.13947	1407	56.65	82.78	SRR23329748
SRR23329748.13948	1406	55.48	29.30	SRR23329748
SRR23329748.13949	1446	58.09	31.64	SRR23329748
SRR23329748.13950	1407	55.72	46.47	SRR23329748
SRR23329748.13951	1516	54.88	46.33	SRR23329748
SRR23329748.13952	1412	56.80	57.26	SRR23329748
SRR23329748.13953	1466	49.32	44.85	SRR23329748
SRR23329748.13955	1467	49.35	91.96	SRR23329748
SRR23329748.13956	1463	56.46	23.01	SRR23329748
SRR23329748.13957	1412	56.80	48.48	SRR23329748
SRR23329748.13958	1429	55.77	92.96	SRR23329748
SRR23329748.13959	1467	57.46	85.73	SRR23329748
SRR23329748.13960	1411	54.50	80.89	SRR23329748
SRR23329748.13961	1478	48.31	92.97	SRR23329748
SRR23329748.13962	1407	56.65	50.48	SRR23329748
SRR23329748.13963	1458	58.09	93.00	SRR23329748
SRR23329748.13964	1406	55.19	93.00	SRR23329748
SRR23329748.13965	1483	55.43	30.01	SRR23329748
SRR23329748.13966	1501	61.89	26.05	SRR23329748
SRR23329748.13967	1491	51.64	22.54	SRR23329748
SRR23329748.13968	1441	57.32	93.00	SRR23329748
SRR23329748.13969	1444	56.44	82.62	SRR23329748
SRR23329748.13970	1447	55.56	87.20	SRR23329748
SRR23329748.13971	1451	57.27	35.93	SRR23329748
SRR23329748.13972	1467	49.28	93.00	SRR23329748
SRR23329748.13973	1412	56.73	78.18	SRR23329748
SRR23329748.13975	1466	49.39	29.44	SRR23329748
SRR23329748.13976	1468	57.56	30.22	SRR23329748
SRR23329748.13977	1435	58.40	21.01	SRR23329748
SRR23329748.13978	1452	56.06	51.24	SRR23329748
SRR23329748.13979	1451	52.52	24.34	SRR23329748
SRR23329748.13980	1526	53.41	81.68	SRR23329748
SRR23329748.13981	1407	56.01	35.37	SRR23329748
SRR23329748.13982	1475	53.83	44.86	SRR23329748
SRR23329748.13983	1474	51.42	27.47	SRR23329748
SRR23329748.13984	1441	57.25	37.91	SRR23329748
SRR23329748.13985	1409	53.51	34.77	SRR23329748
SRR23329748.13986	1455	53.88	34.61	SRR23329748
SRR23329748.13988	1406	55.12	29.67	SRR23329748
SRR23329748.13989	1473	51.46	35.66	SRR23329748
SRR23329748.13990	1474	53.19	22.29	SRR23329748
SRR23329748.13991	1470	52.65	26.73	SRR23329748
SRR23329748.13992	1441	52.53	92.97	SRR23329748
SRR23329748.13993	1474	54.07	93.00	SRR23329748
SRR23329748.13994	1488	49.33	93.00	SRR23329748
SRR23329748.13995	1428	56.37	85.66	SRR23329748
SRR23329748.13996	1408	55.97	29.23	SRR23329748
SRR23329748.13997	1476	54.40	35.01	SRR23329748
SRR23329748.13998	1407	56.08	65.88	SRR23329748
SRR23329748.13999	1465	51.19	22.66	SRR23329748
SRR23329748.14000	1411	54.43	52.03	SRR23329748
SRR23329748.14001	1467	49.49	76.48	SRR23329748
SRR23329748.14002	1554	55.98	57.91	SRR23329748
SRR23329748.14003	1482	59.78	34.19	SRR23329748
SRR23329748.14004	1423	53.20	47.25	SRR23329748
SRR23329748.14005	1467	49.28	93.00	SRR23329748
SRR23329748.14006	1444	56.72	92.95	SRR23329748
SRR23329748.14007	1454	55.50	26.31	SRR23329748
SRR23329748.14008	1457	57.31	22.48	SRR23329748
SRR23329748.14009	1407	56.01	92.98	SRR23329748
SRR23329748.14010	1418	57.40	81.12	SRR23329748
SRR23329748.14011	1454	51.79	73.55	SRR23329748
SRR23329748.14012	1407	56.65	91.23	SRR23329748
SRR23329748.14013	1407	56.01	43.07	SRR23329748
SRR23329748.14014	1412	56.80	93.00	SRR23329748
SRR23329748.14016	1467	49.28	35.70	SRR23329748
SRR23329748.14017	1407	55.72	93.00	SRR23329748
SRR23329748.14018	1481	49.29	55.07	SRR23329748
SRR23329748.14019	1479	49.43	25.36	SRR23329748
SRR23329748.14020	1444	56.72	23.56	SRR23329748
SRR23329748.14021	1488	49.33	63.63	SRR23329748
SRR23329748.14022	1407	56.57	93.00	SRR23329748
SRR23329748.14023	1453	57.05	93.00	SRR23329748
SRR23329748.14024	1493	49.30	20.74	SRR23329748
SRR23329748.14025	1406	55.62	80.92	SRR23329748
SRR23329748.14026	1438	58.76	92.69	SRR23329748
SRR23329748.14027	1456	58.93	92.60	SRR23329748
SRR23329748.14028	1467	49.49	92.99	SRR23329748
SRR23329748.14029	1491	49.43	21.59	SRR23329748
SRR23329748.14030	1384	55.64	30.09	SRR23329748
SRR23329748.14031	1476	54.13	25.10	SRR23329748
SRR23329748.14033	1441	57.18	31.20	SRR23329748
SRR23329748.14034	1473	51.32	21.25	SRR23329748
SRR23329748.14035	1475	54.24	93.00	SRR23329748
SRR23329748.14036	1407	54.51	27.07	SRR23329748
SRR23329748.14037	1475	54.03	74.85	SRR23329748
SRR23329748.14038	1412	54.60	33.03	SRR23329748
SRR23329748.14039	1445	55.22	24.47	SRR23329748
SRR23329748.14040	1456	59.41	26.86	SRR23329748
SRR23329748.14041	1459	52.84	70.52	SRR23329748
SRR23329748.14042	1411	54.50	33.50	SRR23329748
SRR23329748.14043	1475	54.24	93.00	SRR23329748
SRR23329748.14044	1481	49.36	44.32	SRR23329748
SRR23329748.14045	1440	58.47	24.84	SRR23329748
SRR23329748.14046	1443	56.13	37.50	SRR23329748
SRR23329748.14047	1386	55.99	65.40	SRR23329748
SRR23329748.14048	1436	49.44	92.96	SRR23329748
SRR23329748.14049	1410	55.89	36.49	SRR23329748
SRR23329748.14051	1474	53.73	23.79	SRR23329748
SRR23329748.14052	1412	56.80	93.00	SRR23329748
SRR23329748.14053	1412	56.80	39.89	SRR23329748
SRR23329748.14054	1475	53.97	93.00	SRR23329748
SRR23329748.14055	1460	53.56	62.64	SRR23329748
SRR23329748.14056	1408	59.16	36.85	SRR23329748
SRR23329748.14057	1412	56.73	93.00	SRR23329748
SRR23329748.14058	1446	55.60	91.95	SRR23329748
SRR23329748.14059	1407	56.65	53.60	SRR23329748
SRR23329748.14060	1412	56.80	21.16	SRR23329748
SRR23329748.14061	1407	55.65	43.26	SRR23329748
SRR23329748.14062	1402	55.78	24.93	SRR23329748
SRR23329748.14063	1407	56.08	82.96	SRR23329748
SRR23329748.14064	1475	54.17	90.75	SRR23329748
SRR23329748.14065	1411	54.64	21.44	SRR23329748
SRR23329748.14066	1454	51.72	63.62	SRR23329748
SRR23329748.14067	1485	52.93	20.13	SRR23329748
SRR23329748.14068	1407	55.93	93.00	SRR23329748
SRR23329748.14069	1459	52.50	93.00	SRR23329748
SRR23329748.14070	1387	56.02	93.00	SRR23329748
SRR23329748.14071	1467	49.42	93.00	SRR23329748
SRR23329748.14072	1453	57.05	93.00	SRR23329748
SRR23329748.14073	1435	58.47	34.39	SRR23329748
SRR23329748.14074	1488	49.33	92.97	SRR23329748
SRR23329748.14075	1476	51.36	27.72	SRR23329748
SRR23329748.14076	1410	56.52	31.02	SRR23329748
SRR23329748.14077	1412	56.80	41.48	SRR23329748
SRR23329748.14079	1484	54.72	28.50	SRR23329748
SRR23329748.14081	1407	56.15	39.53	SRR23329748
SRR23329748.14082	1408	55.82	42.39	SRR23329748
SRR23329748.14083	1457	50.24	34.65	SRR23329748
SRR23329748.14084	1478	52.03	93.00	SRR23329748
SRR23329748.14085	1475	54.03	80.83	SRR23329748
SRR23329748.14086	1400	55.64	20.57	SRR23329748
SRR23329748.14087	1408	55.75	93.00	SRR23329748
SRR23329748.14088	1410	56.74	29.52	SRR23329748
SRR23329748.14089	1450	57.66	41.43	SRR23329748
SRR23329748.14090	1478	48.31	93.00	SRR23329748
SRR23329748.14091	1411	55.92	90.62	SRR23329748
SRR23329748.14093	1489	53.93	71.66	SRR23329748
SRR23329748.14094	1499	49.30	23.90	SRR23329748
SRR23329748.14095	1486	49.33	31.14	SRR23329748
SRR23329748.14096	1500	49.53	20.63	SRR23329748
SRR23329748.14097	1388	55.62	93.00	SRR23329748
SRR23329748.14098	1481	49.43	93.00	SRR23329748
SRR23329748.14099	1407	56.65	93.00	SRR23329748
SRR23329748.14100	1412	56.73	45.47	SRR23329748
SRR23329748.14101	1436	56.89	29.08	SRR23329748
SRR23329748.14103	1714	47.02	45.34	SRR23329748
SRR23329748.14104	1475	54.10	54.73	SRR23329748
SRR23329748.14105	1449	56.18	75.38	SRR23329748
SRR23329748.14106	1442	50.55	40.56	SRR23329748
SRR23329748.14107	1407	55.65	93.00	SRR23329748
SRR23329748.14108	1468	57.36	46.92	SRR23329748
SRR23329748.14109	1442	50.49	37.43	SRR23329748
SRR23329748.14110	1475	53.90	69.12	SRR23329748
SRR23329748.14111	1461	54.96	36.63	SRR23329748
SRR23329748.14112	1423	54.25	26.80	SRR23329748
SRR23329748.14114	1412	52.83	32.60	SRR23329748
SRR23329748.14115	1445	61.25	39.04	SRR23329748
SRR23329748.14116	1486	54.31	93.00	SRR23329748
SRR23329748.14117	1454	52.75	23.93	SRR23329748
SRR23329748.14118	1406	55.97	34.68	SRR23329748
SRR23329748.14119	1451	50.38	90.43	SRR23329748
SRR23329748.14120	1446	56.36	93.00	SRR23329748
SRR23329748.14121	1407	55.65	34.78	SRR23329748
SRR23329748.14122	1475	54.24	93.00	SRR23329748
SRR23329748.14123	1475	54.10	62.33	SRR23329748
SRR23329748.14125	1385	55.52	66.91	SRR23329748
SRR23329748.14126	1433	59.25	93.00	SRR23329748
SRR23329748.14127	1466	49.59	21.58	SRR23329748
SRR23329748.14128	1412	56.80	93.00	SRR23329748
SRR23329748.14129	1407	56.08	41.91	SRR23329748
SRR23329748.14130	1475	53.90	91.38	SRR23329748
SRR23329748.14131	1406	55.19	31.78	SRR23329748
SRR23329748.14132	1475	54.17	68.09	SRR23329748
SRR23329748.14133	1457	58.20	29.00	SRR23329748
SRR23329748.14134	1458	53.77	93.00	SRR23329748
SRR23329748.14135	1444	57.83	30.34	SRR23329748
SRR23329748.14136	1444	57.89	37.93	SRR23329748
SRR23329748.14137	1407	55.93	43.45	SRR23329748
SRR23329748.14138	1473	51.39	78.39	SRR23329748
SRR23329748.14139	1439	53.37	82.76	SRR23329748
SRR23329748.14140	1445	57.85	93.00	SRR23329748
SRR23329748.14141	1444	58.93	91.75	SRR23329748
SRR23329748.14142	1413	50.53	93.00	SRR23329748
SRR23329748.14144	1406	56.26	72.85	SRR23329748
SRR23329748.14145	1454	51.79	51.46	SRR23329748
SRR23329748.14146	1431	57.65	93.00	SRR23329748
SRR23329748.14147	1488	49.33	36.12	SRR23329748
SRR23329748.14148	1407	56.65	93.00	SRR23329748
SRR23329748.14150	1447	57.43	92.55	SRR23329748
SRR23329748.14151	1412	55.81	93.00	SRR23329748
SRR23329748.14152	1488	49.33	92.98	SRR23329748
SRR23329748.14153	1467	57.46	93.00	SRR23329748
SRR23329748.14154	1480	54.26	25.16	SRR23329748
SRR23329748.14155	1488	49.33	93.00	SRR23329748
SRR23329748.14156	1484	54.99	92.98	SRR23329748
SRR23329748.14157	1452	50.48	93.00	SRR23329748
SRR23329748.14159	1488	49.26	84.74	SRR23329748
SRR23329748.14160	1407	55.93	92.99	SRR23329748
SRR23329748.14161	1407	55.65	67.33	SRR23329748
SRR23329748.14162	1413	53.01	41.73	SRR23329748
SRR23329748.14163	1449	55.28	37.39	SRR23329748
SRR23329748.14164	1466	49.52	35.86	SRR23329748
SRR23329748.14165	1438	65.30	32.26	SRR23329748
SRR23329748.14166	1485	51.65	34.56	SRR23329748
SRR23329748.14167	1412	55.81	93.00	SRR23329748
SRR23329748.14168	1407	55.86	92.12	SRR23329748
SRR23329748.14169	1481	49.49	93.00	SRR23329748
SRR23329748.14170	1453	55.47	93.00	SRR23329748
SRR23329748.14171	1475	51.32	86.33	SRR23329748
SRR23329748.14172	1475	53.97	92.97	SRR23329748
SRR23329748.14173	1388	55.62	93.00	SRR23329748
SRR23329748.14175	1459	56.20	23.44	SRR23329748
SRR23329748.14176	1516	50.86	92.53	SRR23329748
SRR23329748.14177	1440	57.78	21.46	SRR23329748
SRR23329748.14178	1475	54.31	42.60	SRR23329748
SRR23329748.14179	1476	55.56	58.42	SRR23329748
SRR23329748.14180	1405	55.09	33.79	SRR23329748
SRR23329748.14181	1459	52.84	35.81	SRR23329748
SRR23329748.14182	1484	55.39	91.14	SRR23329748
SRR23329748.14183	1440	59.72	69.49	SRR23329748
SRR23329748.14184	1452	55.79	33.80	SRR23329748
SRR23329748.14185	1467	49.42	93.00	SRR23329748
SRR23329748.14186	1387	56.02	53.14	SRR23329748
SRR23329748.14187	1400	56.21	23.74	SRR23329748
SRR23329748.14188	1440	59.58	25.78	SRR23329748
SRR23329748.14189	1447	57.50	55.75	SRR23329748
SRR23329748.14190	1445	57.92	49.07	SRR23329748
SRR23329748.14191	1472	54.08	39.23	SRR23329748
SRR23329748.14192	1409	55.86	32.03	SRR23329748
SRR23329748.14193	1407	56.65	93.00	SRR23329748
SRR23329748.14194	1475	53.97	63.66	SRR23329748
SRR23329748.14195	1405	55.52	26.72	SRR23329748
SRR23329748.14196	1434	55.37	60.72	SRR23329748
SRR23329748.14197	1411	54.43	93.00	SRR23329748
SRR23329748.14198	1452	57.44	22.84	SRR23329748
SRR23329748.14199	1385	55.45	93.00	SRR23329748
SRR23329748.14200	1407	56.65	93.00	SRR23329748
SRR23329748.14201	1489	53.79	72.48	SRR23329748
SRR23329748.14202	1407	55.93	82.21	SRR23329748
SRR23329748.14203	1441	59.82	35.71	SRR23329748
SRR23329748.14204	1445	58.55	41.39	SRR23329748
SRR23329748.14205	1475	54.24	27.29	SRR23329748
SRR23329748.14206	1407	55.79	37.69	SRR23329748
SRR23329748.14207	1484	55.53	89.30	SRR23329748
SRR23329748.14208	1458	56.86	93.00	SRR23329748
SRR23329748.14209	1488	49.33	93.00	SRR23329748
SRR23329748.14210	1483	49.49	31.40	SRR23329748
SRR23329748.14211	1450	58.00	31.53	SRR23329748
SRR23329748.14212	1408	56.46	30.40	SRR23329748
SRR23329748.14213	1385	56.46	93.00	SRR23329748
SRR23329748.14214	1467	49.35	93.00	SRR23329748
SRR23329748.14215	1407	56.43	86.41	SRR23329748
SRR23329748.14216	1407	55.72	74.41	SRR23329748
SRR23329748.14217	1488	49.33	93.00	SRR23329748
SRR23329748.14218	1387	54.58	33.21	SRR23329748
SRR23329748.14219	1438	53.27	80.33	SRR23329748
SRR23329748.14220	1467	49.42	38.97	SRR23329748
SRR23329748.14221	1458	53.70	93.00	SRR23329748
SRR23329748.14222	1475	54.24	58.69	SRR23329748
SRR23329748.14223	1449	56.18	93.00	SRR23329748
SRR23329748.14224	1470	53.88	24.27	SRR23329748
SRR23329748.14225	1476	54.27	30.23	SRR23329748
SRR23329748.14227	1477	54.16	34.69	SRR23329748
SRR23329748.14228	1449	55.49	30.95	SRR23329748
SRR23329748.14229	1423	50.18	55.53	SRR23329748
SRR23329748.14230	1412	55.81	38.29	SRR23329748
SRR23329748.14231	1453	58.16	88.46	SRR23329748
SRR23329748.14232	1421	54.26	66.67	SRR23329748
SRR23329748.14233	1407	56.65	93.00	SRR23329748
SRR23329748.14234	1445	53.15	30.66	SRR23329748
SRR23329748.14235	1442	50.55	61.70	SRR23329748
SRR23329748.14236	1473	51.26	92.99	SRR23329748
SRR23329748.14237	1415	56.75	24.30	SRR23329748
SRR23329748.14238	1425	55.72	66.38	SRR23329748
SRR23329748.14239	1407	56.08	92.97	SRR23329748
SRR23329748.14240	1409	55.64	38.34	SRR23329748
SRR23329748.14241	1475	54.10	66.56	SRR23329748
SRR23329748.14242	1409	55.93	22.17	SRR23329748
SRR23329748.14243	1451	59.27	85.72	SRR23329748
SRR23329748.14244	1469	51.19	23.36	SRR23329748
SRR23329748.14245	1407	56.57	44.48	SRR23329748
SRR23329748.14246	1452	56.06	93.00	SRR23329748
SRR23329748.14247	1467	49.35	87.00	SRR23329748
SRR23329748.14248	1409	55.57	29.63	SRR23329748
SRR23329748.14249	1481	49.43	93.00	SRR23329748
SRR23329748.14250	1452	50.55	93.00	SRR23329748
SRR23329748.14251	1478	53.86	27.92	SRR23329748
SRR23329748.14252	1473	51.26	85.73	SRR23329748
SRR23329748.14253	1488	52.15	35.65	SRR23329748
SRR23329748.14254	1457	56.01	93.00	SRR23329748
SRR23329748.14255	1407	57.36	38.78	SRR23329748
SRR23329748.14256	1454	51.79	93.00	SRR23329748
SRR23329748.14257	1382	54.85	31.17	SRR23329748
SRR23329748.14258	1490	53.83	20.71	SRR23329748
SRR23329748.14259	1472	51.29	34.94	SRR23329748
SRR23329748.14260	1475	53.90	43.38	SRR23329748
SRR23329748.14261	1407	56.29	56.93	SRR23329748
SRR23329748.14262	1436	49.37	71.60	SRR23329748
SRR23329748.14263	1445	58.27	93.00	SRR23329748
SRR23329748.14264	1407	55.51	93.00	SRR23329748
SRR23329748.14265	1406	55.41	23.16	SRR23329748
SRR23329748.14266	1407	56.43	93.00	SRR23329748
SRR23329748.14267	1407	55.93	58.48	SRR23329748
SRR23329748.14268	1444	56.86	69.54	SRR23329748
SRR23329748.14269	1467	49.42	93.00	SRR23329748
SRR23329748.14270	1471	52.48	93.00	SRR23329748
SRR23329748.14272	1385	55.52	87.11	SRR23329748
SRR23329748.14273	1438	56.88	47.32	SRR23329748
SRR23329748.14274	1406	56.33	93.00	SRR23329748
SRR23329748.14275	1430	55.80	83.09	SRR23329748
SRR23329748.14276	1477	52.88	92.32	SRR23329748
SRR23329748.14277	1413	55.48	93.00	SRR23329748
SRR23329748.14279	1446	58.09	93.00	SRR23329748
SRR23329748.14281	1459	50.65	20.57	SRR23329748
SRR23329748.14282	1460	52.95	35.44	SRR23329748
SRR23329748.14283	1407	56.65	90.58	SRR23329748
SRR23329748.14284	1467	55.42	91.06	SRR23329748
SRR23329748.14285	1454	51.79	92.88	SRR23329748
SRR23329748.14286	1407	55.86	92.87	SRR23329748
SRR23329748.14287	1388	54.61	38.42	SRR23329748
SRR23329748.14289	1424	50.14	50.60	SRR23329748
SRR23329748.14290	1407	55.93	36.57	SRR23329748
SRR23329748.14291	1423	50.04	92.85	SRR23329748
SRR23329748.14292	1473	51.26	33.24	SRR23329748
SRR23329748.14293	1408	56.68	37.47	SRR23329748
SRR23329748.14294	1412	55.81	93.00	SRR23329748
SRR23329748.14295	1475	51.39	33.74	SRR23329748
SRR23329748.14296	1407	56.08	73.67	SRR23329748
SRR23329748.14297	1455	50.38	21.99	SRR23329748
SRR23329748.14298	1490	49.33	31.03	SRR23329748
SRR23329748.14299	1456	58.86	93.00	SRR23329748
SRR23329748.14300	1430	53.64	31.30	SRR23329748
SRR23329748.14301	1474	55.56	25.46	SRR23329748
SRR23329748.14302	1407	56.01	32.43	SRR23329748
SRR23329748.14303	1475	54.24	93.00	SRR23329748
SRR23329748.14304	1388	54.54	27.62	SRR23329748
SRR23329748.14305	1411	56.77	35.44	SRR23329748
SRR23329748.14306	1404	57.19	92.12	SRR23329748
SRR23329748.14307	1554	55.98	43.14	SRR23329748
SRR23329748.14308	1407	56.08	26.74	SRR23329748
SRR23329748.14309	1475	53.90	33.26	SRR23329748
SRR23329748.14310	1432	53.63	93.00	SRR23329748
SRR23329748.14311	1480	49.39	31.53	SRR23329748
SRR23329748.14312	1405	48.40	93.00	SRR23329748
SRR23329748.14313	1445	55.16	24.67	SRR23329748
SRR23329748.14314	1407	56.01	93.00	SRR23329748
SRR23329748.14315	1404	56.27	25.88	SRR23329748
SRR23329748.14316	1411	54.71	93.00	SRR23329748
SRR23329748.14317	1444	59.07	89.65	SRR23329748
SRR23329748.14318	1407	55.72	90.67	SRR23329748
SRR23329748.14319	1472	54.55	25.14	SRR23329748
SRR23329748.14320	1494	49.60	21.62	SRR23329748
SRR23329748.14321	1445	57.23	93.00	SRR23329748
SRR23329748.14322	1469	53.91	21.17	SRR23329748
SRR23329748.14323	1408	56.04	34.27	SRR23329748
SRR23329748.14324	1459	52.50	42.64	SRR23329748
SRR23329748.14325	1473	53.50	24.21	SRR23329748
SRR23329748.14326	1437	58.52	92.97	SRR23329748
SRR23329748.14327	1466	49.25	36.19	SRR23329748
SRR23329748.14328	1449	55.21	27.24	SRR23329748
SRR23329748.14330	1405	55.59	26.54	SRR23329748
SRR23329748.14331	1488	49.33	93.00	SRR23329748
SRR23329748.14332	1467	57.60	38.64	SRR23329748
SRR23329748.14333	1407	55.65	66.45	SRR23329748
SRR23329748.14335	1474	51.22	45.68	SRR23329748
SRR23329748.14337	1421	56.72	38.53	SRR23329748
SRR23329748.14338	1447	55.63	92.99	SRR23329748
SRR23329748.14339	1488	49.33	93.00	SRR23329748
SRR23329748.14340	1461	56.33	21.42	SRR23329748
SRR23329748.14341	1446	56.85	93.00	SRR23329748
SRR23329748.14342	1442	57.35	92.14	SRR23329748
SRR23329748.14343	1487	49.29	38.72	SRR23329748
SRR23329748.14344	1411	54.43	93.00	SRR23329748
SRR23329748.14345	1450	58.83	21.89	SRR23329748
SRR23329748.14347	1454	57.08	45.26	SRR23329748
SRR23329748.14348	1444	56.79	73.54	SRR23329748
SRR23329748.14349	1439	56.43	90.58	SRR23329748
SRR23329748.14350	1475	53.90	91.87	SRR23329748
SRR23329748.14351	1424	56.74	93.00	SRR23329748
SRR23329748.14352	1426	56.10	23.16	SRR23329748
SRR23329748.14353	1480	48.38	31.54	SRR23329748
SRR23329748.14354	1414	55.94	22.79	SRR23329748
SRR23329748.14355	1440	58.68	28.02	SRR23329748
SRR23329748.14356	1455	50.58	26.82	SRR23329748
SRR23329748.14357	1446	55.53	93.00	SRR23329748
SRR23329748.14358	1405	55.66	31.58	SRR23329748
SRR23329748.14360	1407	56.50	85.81	SRR23329748
SRR23329748.14361	1408	55.75	92.96	SRR23329748
SRR23329748.14362	1413	54.78	28.52	SRR23329748
SRR23329748.14363	1407	55.72	44.35	SRR23329748
SRR23329748.14364	1407	56.15	66.73	SRR23329748
SRR23329748.14365	1488	49.33	71.68	SRR23329748
SRR23329748.14366	1459	57.64	69.29	SRR23329748
SRR23329748.14367	1449	56.18	92.98	SRR23329748
SRR23329748.14368	1406	56.61	32.01	SRR23329748
SRR23329748.14369	1407	56.01	68.47	SRR23329748
SRR23329748.14370	1475	53.90	89.95	SRR23329748
SRR23329748.14371	1488	49.26	93.00	SRR23329748
SRR23329748.14372	1473	51.19	92.93	SRR23329748
SRR23329748.14374	1426	56.17	34.49	SRR23329748
SRR23329748.14376	1411	54.64	93.00	SRR23329748
SRR23329748.14377	1478	48.31	53.64	SRR23329748
SRR23329748.14379	1475	54.10	87.77	SRR23329748
SRR23329748.14380	1438	59.67	93.00	SRR23329748
SRR23329748.14381	1385	56.46	48.41	SRR23329748
SRR23329748.14382	1388	56.63	27.77	SRR23329748
SRR23329748.14383	1467	57.33	51.57	SRR23329748
SRR23329748.14384	1411	55.63	70.37	SRR23329748
SRR23329748.14385	1424	55.69	93.00	SRR23329748
SRR23329748.14386	1480	49.53	33.02	SRR23329748
SRR23329748.14387	1436	56.89	91.13	SRR23329748
SRR23329748.14388	1444	58.86	49.72	SRR23329748
SRR23329748.14389	1447	55.98	91.42	SRR23329748
SRR23329748.14391	1401	56.32	27.42	SRR23329748
SRR23329748.14392	1446	55.60	84.26	SRR23329748
SRR23329748.14393	1407	55.72	52.33	SRR23329748
SRR23329748.14394	1484	55.39	70.58	SRR23329748
SRR23329748.14396	1407	56.08	39.03	SRR23329748
SRR23329748.14397	1474	53.87	36.49	SRR23329748
SRR23329748.14398	1407	55.93	32.50	SRR23329748
SRR23329748.14399	1475	54.17	34.53	SRR23329748
SRR23329748.14400	1485	53.27	34.72	SRR23329748
SRR23329748.14401	1447	57.57	68.08	SRR23329748
SRR23329748.14402	1445	58.55	36.30	SRR23329748
SRR23329748.14403	1481	49.49	93.00	SRR23329748
SRR23329748.14404	1407	56.08	63.00	SRR23329748
SRR23329748.14405	1470	52.65	71.90	SRR23329748
SRR23329748.14406	1406	55.62	40.39	SRR23329748
SRR23329748.14407	1446	57.61	33.68	SRR23329748
SRR23329748.14408	1408	55.68	29.57	SRR23329748
SRR23329748.14409	1387	54.58	92.85	SRR23329748
SRR23329748.14410	1472	52.31	93.00	SRR23329748
SRR23329748.14411	1407	55.65	35.25	SRR23329748
SRR23329748.14413	1372	59.77	22.36	SRR23329748
SRR23329748.14414	1460	53.56	93.00	SRR23329748
SRR23329748.14415	1454	51.72	92.64	SRR23329748
SRR23329748.14416	1454	51.79	89.50	SRR23329748
SRR23329748.14417	1445	56.82	54.58	SRR23329748
SRR23329748.14419	1409	53.51	93.00	SRR23329748
SRR23329748.14420	1483	55.29	34.38	SRR23329748
SRR23329748.14421	1467	57.46	53.64	SRR23329748
SRR23329748.14422	1473	51.26	64.37	SRR23329748
SRR23329748.14424	1436	56.20	27.76	SRR23329748
SRR23329748.14425	1475	54.03	93.00	SRR23329748
SRR23329748.14426	1446	56.43	39.74	SRR23329748
SRR23329748.14427	1473	51.32	92.71	SRR23329748
SRR23329748.14428	1459	57.57	92.99	SRR23329748
SRR23329748.14429	1406	55.62	35.90	SRR23329748
SRR23329748.14430	1488	54.37	43.63	SRR23329748
SRR23329748.14431	1481	49.56	51.38	SRR23329748
SRR23329748.14432	1405	56.09	23.82	SRR23329748
SRR23329748.14433	1448	57.46	36.43	SRR23329748
SRR23329748.14434	1444	56.86	93.00	SRR23329748
SRR23329748.14435	1412	55.74	92.99	SRR23329748
SRR23329748.14437	1445	57.58	91.83	SRR23329748
SRR23329748.14438	1414	55.66	31.59	SRR23329748
SRR23329748.14439	1404	56.55	31.13	SRR23329748
SRR23329748.14440	1467	49.49	61.25	SRR23329748
SRR23329748.14441	1407	55.65	93.00	SRR23329748
SRR23329748.14442	1437	56.99	38.05	SRR23329748
SRR23329748.14443	1442	58.53	92.88	SRR23329748
SRR23329748.14444	1446	55.12	27.70	SRR23329748
SRR23329748.14445	1488	49.33	93.00	SRR23329748
SRR23329748.14446	1407	55.79	77.24	SRR23329748
SRR23329748.14447	1474	53.93	32.38	SRR23329748
SRR23329748.14448	1485	55.76	93.00	SRR23329748
SRR23329748.14449	1444	58.80	93.00	SRR23329748
SRR23329748.14450	1407	55.72	91.90	SRR23329748
SRR23329748.14451	1388	54.61	38.18	SRR23329748
SRR23329748.14452	1480	49.39	30.40	SRR23329748
SRR23329748.14454	1474	57.60	20.45	SRR23329748
SRR23329748.14456	1389	56.66	53.27	SRR23329748
SRR23329748.14457	1458	57.54	93.00	SRR23329748
SRR23329748.14458	1470	52.72	93.00	SRR23329748
SRR23329748.14459	1476	54.07	24.99	SRR23329748
SRR23329748.14460	1407	56.22	89.17	SRR23329748
SRR23329748.14462	1388	56.05	34.25	SRR23329748
SRR23329748.14463	1408	55.89	39.06	SRR23329748
SRR23329748.14464	1481	49.43	86.01	SRR23329748
SRR23329748.14465	1460	53.56	82.69	SRR23329748
SRR23329748.14466	1407	55.65	93.00	SRR23329748
SRR23329748.14467	1418	55.43	22.95	SRR23329748
SRR23329748.14468	1412	56.73	93.00	SRR23329748
SRR23329748.14469	1445	56.40	23.82	SRR23329748
SRR23329748.14470	1513	56.77	20.36	SRR23329748
SRR23329748.14471	1406	55.62	27.92	SRR23329748
SRR23329748.14472	1474	54.34	46.98	SRR23329748
SRR23329748.14473	1460	54.93	35.49	SRR23329748
SRR23329748.14474	1459	52.84	92.96	SRR23329748
SRR23329748.14475	1413	55.48	70.27	SRR23329748
SRR23329748.14476	1412	55.88	21.58	SRR23329748
SRR23329748.14477	1407	56.65	92.85	SRR23329748
SRR23329748.14478	1407	56.65	92.97	SRR23329748
SRR23329748.14479	1408	55.75	55.44	SRR23329748
SRR23329748.14480	1478	52.71	21.32	SRR23329748
SRR23329748.14481	1475	53.97	40.68	SRR23329748
SRR23329748.14483	1456	53.78	33.34	SRR23329748
SRR23329748.14484	1477	52.88	63.93	SRR23329748
SRR23329748.14485	1484	55.26	32.54	SRR23329748
SRR23329748.14486	1474	54.07	69.66	SRR23329748
SRR23329748.14487	1427	50.11	93.00	SRR23329748
SRR23329748.14488	1409	56.49	26.93	SRR23329748
SRR23329748.14489	1473	57.50	22.85	SRR23329748
SRR23329748.14490	1412	56.02	36.19	SRR23329748
SRR23329748.14491	1407	55.65	86.57	SRR23329748
SRR23329748.14492	1437	58.52	88.14	SRR23329748
SRR23329748.14493	1414	52.90	92.98	SRR23329748
SRR23329748.14494	1473	51.19	92.86	SRR23329748
SRR23329748.14495	1407	56.08	54.68	SRR23329748
SRR23329748.14496	1462	53.63	26.15	SRR23329748
SRR23329748.14497	1475	54.24	46.10	SRR23329748
SRR23329748.14498	1561	55.86	23.51	SRR23329748
SRR23329748.14499	1482	54.59	23.50	SRR23329748
SRR23329748.14500	1411	54.78	82.41	SRR23329748
SRR23329748.14501	1474	54.14	33.04	SRR23329748
SRR23329748.14502	1488	49.33	48.01	SRR23329748
SRR23329748.14503	1422	50.00	35.33	SRR23329748
SRR23329748.14504	1475	54.24	54.61	SRR23329748
SRR23329748.14505	1406	56.61	30.64	SRR23329748
SRR23329748.14506	1467	49.42	37.47	SRR23329748
SRR23329748.14507	1475	54.17	50.67	SRR23329748
SRR23329748.14508	1438	58.55	26.89	SRR23329748
SRR23329748.14509	1452	55.92	93.00	SRR23329748
SRR23329748.14510	1447	56.12	54.59	SRR23329748
SRR23329748.14511	1406	55.19	93.00	SRR23329748
SRR23329748.14512	1473	51.26	93.00	SRR23329748
SRR23329748.14513	1403	56.45	29.94	SRR23329748
SRR23329748.14514	1439	59.62	93.00	SRR23329748
SRR23329748.14515	1407	56.65	64.17	SRR23329748
SRR23329748.14516	1411	55.63	43.29	SRR23329748
SRR23329748.14517	1406	56.40	32.03	SRR23329748
SRR23329748.14518	1405	55.59	36.44	SRR23329748
SRR23329748.14519	1388	55.62	93.00	SRR23329748
SRR23329748.14520	1473	54.04	37.42	SRR23329748
SRR23329748.14521	1444	56.86	92.98	SRR23329748
SRR23329748.14522	1475	54.10	90.19	SRR23329748
SRR23329748.14523	1408	55.82	30.55	SRR23329748
SRR23329748.14524	1429	56.68	21.00	SRR23329748
SRR23329748.14525	1486	51.62	34.07	SRR23329748
SRR23329748.14526	1453	56.02	39.83	SRR23329748
SRR23329748.14527	1479	54.77	20.51	SRR23329748
SRR23329748.14528	1526	53.34	35.63	SRR23329748
SRR23329748.14529	1477	54.43	67.26	SRR23329748
SRR23329748.14531	1406	55.62	34.91	SRR23329748
SRR23329748.14532	1475	53.83	34.68	SRR23329748
SRR23329748.14533	1442	55.62	22.54	SRR23329748
SRR23329748.14534	1407	56.01	34.52	SRR23329748
SRR23329748.14535	1486	51.68	39.19	SRR23329748
SRR23329748.14536	1385	55.45	93.00	SRR23329748
SRR23329748.14537	1454	51.79	92.99	SRR23329748
SRR23329748.14538	1486	49.53	22.79	SRR23329748
SRR23329748.14539	1463	56.19	83.46	SRR23329748
SRR23329748.14540	1479	57.54	81.90	SRR23329748
SRR23329748.14541	1446	57.68	91.71	SRR23329748
SRR23329748.14542	1446	55.60	78.59	SRR23329748
SRR23329748.14543	1413	50.46	81.83	SRR23329748
SRR23329748.14544	1409	53.44	70.82	SRR23329748
SRR23329748.14545	1420	58.24	87.00	SRR23329748
SRR23329748.14546	1444	58.86	84.87	SRR23329748
SRR23329748.14547	1445	55.50	30.99	SRR23329748
SRR23329748.14548	1441	57.32	51.68	SRR23329748
SRR23329748.14549	1383	54.88	39.82	SRR23329748
SRR23329748.14551	1413	50.53	89.72	SRR23329748
SRR23329748.14552	1407	55.65	71.48	SRR23329748
SRR23329748.14553	1406	55.76	26.26	SRR23329748
SRR23329748.14554	1474	54.07	73.29	SRR23329748
SRR23329748.14555	1407	56.57	77.35	SRR23329748
SRR23329748.14556	1414	53.04	38.94	SRR23329748
SRR23329748.14558	1453	55.68	36.05	SRR23329748
SRR23329748.14559	1466	55.05	93.00	SRR23329748
SRR23329748.14560	1409	56.14	26.75	SRR23329748
SRR23329748.14561	1413	55.56	89.66	SRR23329748
SRR23329748.14562	1450	56.34	21.66	SRR23329748
SRR23329748.14563	1452	50.96	23.40	SRR23329748
SRR23329748.14564	1437	56.23	30.70	SRR23329748
SRR23329748.14565	1407	56.57	92.70	SRR23329748
SRR23329748.14566	1475	53.97	93.00	SRR23329748
SRR23329748.14568	1446	54.77	31.70	SRR23329748
SRR23329748.14569	1445	55.57	31.09	SRR23329748
SRR23329748.14570	1412	55.81	93.00	SRR23329748
SRR23329748.14571	1481	49.36	42.70	SRR23329748
SRR23329748.14572	1475	51.19	21.69	SRR23329748
SRR23329748.14573	1454	51.79	81.79	SRR23329748
SRR23329748.14574	1442	50.55	74.62	SRR23329748
SRR23329748.14575	1448	54.77	24.45	SRR23329748
SRR23329748.14576	1488	49.33	33.90	SRR23329748
SRR23329748.14577	1488	51.34	70.64	SRR23329748
SRR23329748.14579	1411	54.43	75.41	SRR23329748
SRR23329748.14580	1410	56.67	30.46	SRR23329748
SRR23329748.14581	1475	54.24	92.77	SRR23329748
SRR23329748.14582	1446	51.87	93.00	SRR23329748
SRR23329748.14583	1407	55.65	87.31	SRR23329748
SRR23329748.14584	1472	51.15	68.32	SRR23329748
SRR23329748.14585	1387	54.58	45.55	SRR23329748
SRR23329748.14586	1461	52.70	90.09	SRR23329748
SRR23329748.14588	1484	55.39	93.00	SRR23329748
SRR23329748.14589	1447	56.19	50.33	SRR23329748
SRR23329748.14590	1407	56.65	59.86	SRR23329748
SRR23329748.14591	1418	47.18	93.00	SRR23329748
SRR23329748.14592	1413	55.56	58.05	SRR23329748
SRR23329748.14593	1474	54.07	66.89	SRR23329748
SRR23329748.14594	1407	55.65	29.47	SRR23329748
SRR23329748.14595	1412	54.67	41.62	SRR23329748
SRR23329748.14596	1407	55.51	92.96	SRR23329748
SRR23329748.14597	1388	56.41	32.29	SRR23329748
SRR23329748.14598	1469	58.41	25.74	SRR23329748
SRR23329748.14599	1487	55.41	22.79	SRR23329748
SRR23329748.14601	1420	52.04	38.49	SRR23329748
SRR23329748.14602	1437	58.52	93.00	SRR23329748
SRR23329748.14603	1407	55.72	92.91	SRR23329748
SRR23329748.14604	1467	49.42	63.46	SRR23329748
SRR23329748.14605	1416	56.00	22.73	SRR23329748
SRR23329748.14606	1477	53.89	24.79	SRR23329748
SRR23329748.14607	1431	57.72	92.09	SRR23329748
SRR23329748.14608	1475	53.90	42.89	SRR23329748
SRR23329748.14609	1447	55.22	36.02	SRR23329748
SRR23329748.14610	1467	49.28	93.00	SRR23329748
SRR23329748.14611	1484	55.05	92.94	SRR23329748
SRR23329748.14612	1466	57.44	22.82	SRR23329748
SRR23329748.14613	1467	57.53	42.03	SRR23329748
SRR23329748.14614	1467	49.49	33.84	SRR23329748
SRR23329748.14615	1407	56.57	54.70	SRR23329748
SRR23329748.14616	1403	56.31	30.71	SRR23329748
SRR23329748.14617	1422	57.03	27.21	SRR23329748
SRR23329748.14618	1411	55.92	93.00	SRR23329748
SRR23329748.14619	1467	49.28	42.99	SRR23329748
SRR23329748.14620	1406	57.25	34.90	SRR23329748
SRR23329748.14621	1479	54.02	20.27	SRR23329748
SRR23329748.14622	1443	56.34	27.41	SRR23329748
SRR23329748.14623	1446	55.60	89.79	SRR23329748
SRR23329748.14624	1411	54.64	93.00	SRR23329748
SRR23329748.14625	1453	57.05	66.44	SRR23329748
SRR23329748.14626	1446	55.60	93.00	SRR23329748
SRR23329748.14627	1411	54.71	41.78	SRR23329748
SRR23329748.14628	1409	56.21	69.73	SRR23329748
SRR23329748.14629	1479	53.96	26.74	SRR23329748
SRR23329748.14630	1458	53.64	91.72	SRR23329748
SRR23329748.14631	1486	55.45	28.78	SRR23329748
SRR23329748.14632	1407	55.15	31.82	SRR23329748
SRR23329748.14633	1412	56.80	93.00	SRR23329748
SRR23329748.14634	1454	51.79	48.58	SRR23329748
SRR23329748.14635	1407	55.58	28.12	SRR23329748
SRR23329748.14636	1472	52.51	33.82	SRR23329748
SRR23329748.14637	1422	49.23	35.10	SRR23329748
SRR23329748.14638	1407	56.08	51.47	SRR23329748
SRR23329748.14639	1423	50.25	93.00	SRR23329748
SRR23329748.14640	1475	53.83	42.58	SRR23329748
SRR23329748.14641	1447	55.77	35.55	SRR23329748
SRR23329748.14642	1460	55.89	22.08	SRR23329748
SRR23329748.14643	1462	53.56	21.19	SRR23329748
SRR23329748.14645	1453	55.47	48.52	SRR23329748
SRR23329748.14646	1466	49.39	30.29	SRR23329748
SRR23329748.14648	1407	55.86	92.74	SRR23329748
SRR23329748.14649	1447	57.50	85.72	SRR23329748
SRR23329748.14650	1451	50.38	27.47	SRR23329748
SRR23329748.14651	1454	51.65	68.60	SRR23329748
SRR23329748.14652	1431	53.60	47.20	SRR23329748
SRR23329748.14653	1474	53.87	39.74	SRR23329748
SRR23329748.14654	1475	54.24	46.68	SRR23329748
SRR23329748.14655	1454	51.79	92.55	SRR23329748
SRR23329748.14656	1405	56.51	35.11	SRR23329748
SRR23329748.14657	1481	59.76	84.94	SRR23329748
SRR23329748.14658	1441	59.82	93.00	SRR23329748
SRR23329748.14659	1388	54.39	64.38	SRR23329748
SRR23329748.14660	1412	55.81	93.00	SRR23329748
SRR23329748.14661	1457	55.46	23.43	SRR23329748
SRR23329748.14662	1457	56.01	93.00	SRR23329748
SRR23329748.14663	1488	49.33	93.00	SRR23329748
SRR23329748.14664	1481	49.49	88.01	SRR23329748
SRR23329748.14665	1474	54.07	92.20	SRR23329748
SRR23329748.14666	1486	49.33	29.51	SRR23329748
SRR23329748.14667	1443	56.41	29.54	SRR23329748
SRR23329748.14668	1475	54.24	90.65	SRR23329748
SRR23329748.14670	1439	57.75	30.07	SRR23329748
SRR23329748.14671	1475	53.97	74.85	SRR23329748
SRR23329748.14672	1409	39.32	48.74	SRR23329748
SRR23329748.14673	1481	59.76	56.01	SRR23329748
SRR23329748.14674	1473	51.39	93.00	SRR23329748
SRR23329748.14675	1436	50.28	66.75	SRR23329748
SRR23329748.14676	1475	54.24	93.00	SRR23329748
SRR23329748.14678	1486	49.39	22.55	SRR23329748
SRR23329748.14679	1455	58.90	38.18	SRR23329748
SRR23329748.14680	1458	50.27	90.51	SRR23329748
SRR23329748.14681	1490	49.33	22.64	SRR23329748
SRR23329748.14682	1441	52.32	34.69	SRR23329748
SRR23329748.14683	1473	53.77	21.35	SRR23329748
SRR23329748.14684	1421	57.78	93.00	SRR23329748
SRR23329748.14685	1412	56.80	93.00	SRR23329748
SRR23329748.14686	1407	55.93	93.00	SRR23329748
SRR23329748.14687	1449	55.28	82.21	SRR23329748
SRR23329748.14688	1488	49.33	93.00	SRR23329748
SRR23329748.14689	1445	57.79	93.00	SRR23329748
SRR23329748.14690	1473	51.26	62.57	SRR23329748
SRR23329748.14691	1476	54.07	28.94	SRR23329748
SRR23329748.14692	1445	57.65	92.93	SRR23329748
SRR23329748.14693	1406	56.47	42.56	SRR23329748
SRR23329748.14694	1554	55.98	92.83	SRR23329748
SRR23329748.14695	1408	55.68	35.37	SRR23329748
SRR23329748.14696	1475	54.17	78.53	SRR23329748
SRR23329748.14697	1477	51.32	28.57	SRR23329748
SRR23329748.14698	1445	58.27	39.82	SRR23329748
SRR23329748.14699	1436	49.44	93.00	SRR23329748
SRR23329748.14700	1431	57.58	44.00	SRR23329748
SRR23329748.14701	1407	55.72	26.22	SRR23329748
SRR23329748.14703	1488	49.26	72.36	SRR23329748
SRR23329748.14704	1445	57.85	92.98	SRR23329748
SRR23329748.14705	1412	54.46	37.03	SRR23329748
SRR23329748.14706	1476	54.00	24.43	SRR23329748
SRR23329748.14707	1470	53.81	23.69	SRR23329748
SRR23329748.14708	1408	55.82	83.71	SRR23329748
SRR23329748.14709	1446	58.71	93.00	SRR23329748
SRR23329748.14710	1467	49.35	45.87	SRR23329748
SRR23329748.14711	1488	49.26	35.36	SRR23329748
SRR23329748.14712	1454	56.12	21.93	SRR23329748
SRR23329748.14713	1486	49.19	27.99	SRR23329748
SRR23329748.14714	1446	55.26	52.08	SRR23329748
SRR23329748.14716	1459	58.12	58.63	SRR23329748
SRR23329748.14717	1408	55.75	92.53	SRR23329748
SRR23329748.14718	1426	54.07	30.75	SRR23329748
SRR23329748.14719	1407	56.43	76.39	SRR23329748
SRR23329748.14720	1485	53.80	31.77	SRR23329748
SRR23329748.14721	1454	51.79	30.18	SRR23329748
SRR23329748.14722	1475	51.12	93.00	SRR23329748
SRR23329748.14723	1484	55.39	26.71	SRR23329748
SRR23329748.14724	1454	51.79	83.87	SRR23329748
SRR23329748.14725	1485	55.76	29.63	SRR23329748
SRR23329748.14726	1453	55.47	64.44	SRR23329748
SRR23329748.14727	1484	55.46	28.33	SRR23329748
SRR23329748.14728	1412	55.81	91.97	SRR23329748
SRR23329748.14729	1408	55.75	93.00	SRR23329748
SRR23329748.14730	1447	55.22	62.60	SRR23329748
SRR23329748.14731	1452	57.16	63.43	SRR23329748
SRR23329748.14732	1447	56.32	92.96	SRR23329748
SRR23329748.14733	1476	53.93	29.30	SRR23329748
SRR23329748.14734	1450	57.24	47.48	SRR23329748
SRR23329748.14735	1407	56.65	38.71	SRR23329748
SRR23329748.14736	1472	52.11	32.03	SRR23329748
SRR23329748.14737	1406	56.61	33.82	SRR23329748
SRR23329748.14738	1475	53.97	69.67	SRR23329748
SRR23329748.14739	1475	51.39	92.99	SRR23329748
SRR23329748.14740	1417	50.39	23.97	SRR23329748
SRR23329748.14741	1410	54.47	66.37	SRR23329748
SRR23329748.14742	1484	53.84	23.36	SRR23329748
SRR23329748.14743	1438	58.76	45.38	SRR23329748
SRR23329748.14744	1407	55.65	93.00	SRR23329748
SRR23329748.14745	1407	56.65	93.00	SRR23329748
SRR23329748.14746	1407	55.72	93.00	SRR23329748
SRR23329748.14747	1474	51.29	30.37	SRR23329748
SRR23329748.14748	1488	49.33	50.15	SRR23329748
SRR23329748.14749	1412	56.73	93.00	SRR23329748
SRR23329748.14750	1440	57.36	23.39	SRR23329748
SRR23329748.14751	1474	51.36	32.87	SRR23329748
SRR23329748.14752	1472	51.36	50.79	SRR23329748
SRR23329748.14753	1480	59.73	29.61	SRR23329748
SRR23329748.14754	1410	54.54	23.87	SRR23329748
SRR23329748.14755	1407	56.65	93.00	SRR23329748
SRR23329748.14756	1407	55.72	62.69	SRR23329748
SRR23329748.14757	1451	50.38	45.25	SRR23329748
SRR23329748.14758	1446	57.75	50.24	SRR23329748
SRR23329748.14759	1446	55.46	47.66	SRR23329748
SRR23329748.14760	1407	56.29	76.39	SRR23329748
SRR23329748.14762	1453	54.09	41.27	SRR23329748
SRR23329748.14763	1473	53.77	30.59	SRR23329748
SRR23329748.14764	1526	53.34	92.46	SRR23329748
SRR23329748.14765	1412	56.80	72.32	SRR23329748
SRR23329748.14766	1407	56.65	53.48	SRR23329748
SRR23329748.14767	1478	51.01	21.80	SRR23329748
SRR23329748.14770	1484	55.26	88.34	SRR23329748
SRR23329748.14771	1407	55.86	88.25	SRR23329748
SRR23329748.14772	1201	54.79	86.53	SRR23329748
SRR23329748.14773	1457	55.04	93.00	SRR23329748
SRR23329748.14774	1423	56.78	31.99	SRR23329748
SRR23329748.14775	1407	55.65	45.89	SRR23329748
SRR23329748.14776	1435	56.24	92.88	SRR23329748
SRR23329748.14777	1449	57.69	92.97	SRR23329748
SRR23329748.14778	1469	57.39	30.22	SRR23329748
SRR23329748.14781	1413	55.56	92.98	SRR23329748
SRR23329748.14782	1447	56.32	58.43	SRR23329748
SRR23329748.14783	1481	49.43	77.36	SRR23329748
SRR23329748.14784	1488	49.33	93.00	SRR23329748
SRR23329748.14785	1481	49.36	78.95	SRR23329748
SRR23329748.14786	1412	55.81	60.83	SRR23329748
SRR23329748.14787	1473	53.90	34.58	SRR23329748
SRR23329748.14788	1488	53.90	27.87	SRR23329748
SRR23329748.14789	1411	55.71	92.94	SRR23329748
SRR23329748.14790	1388	55.62	75.86	SRR23329748
SRR23329748.14791	1230	36.99	55.63	SRR23329748
SRR23329748.14792	1406	56.69	33.62	SRR23329748
SRR23329748.14793	1445	55.78	42.82	SRR23329748
SRR23329748.14794	1473	51.39	30.11	SRR23329748
SRR23329748.14795	1408	55.82	46.69	SRR23329748
SRR23329748.14796	1453	57.05	93.00	SRR23329748
SRR23329748.14797	1412	50.50	42.28	SRR23329748
SRR23329748.14798	1439	58.17	39.00	SRR23329748
SRR23329748.14799	1405	55.16	32.92	SRR23329748
SRR23329748.14800	1407	56.08	67.36	SRR23329748
SRR23329748.14801	1408	39.28	25.18	SRR23329748
SRR23329748.14802	1474	53.93	30.85	SRR23329748
SRR23329748.14803	1419	56.52	21.06	SRR23329748
SRR23329748.14804	1445	58.27	70.81	SRR23329748
SRR23329748.14805	1851	40.19	33.40	SRR23329748
SRR23329748.14806	1444	60.32	38.55	SRR23329748
SRR23329748.14807	1407	55.51	40.46	SRR23329748
SRR23329748.14808	1414	52.97	93.00	SRR23329748
SRR23329748.14809	1475	53.90	77.33	SRR23329748
SRR23329748.14810	1407	55.65	93.00	SRR23329748
SRR23329748.14811	1489	49.29	42.28	SRR23329748
SRR23329748.14812	1404	56.05	29.49	SRR23329748
SRR23329748.14813	1453	56.09	37.50	SRR23329748
SRR23329748.14814	1487	53.87	27.64	SRR23329748
SRR23329748.14815	1461	53.52	30.58	SRR23329748
SRR23329748.14816	1407	56.65	77.56	SRR23329748
SRR23329748.14817	1474	54.07	93.00	SRR23329748
SRR23329748.14819	1230	36.99	53.89	SRR23329748
SRR23329748.14820	1407	55.72	38.48	SRR23329748
SRR23329748.14821	1454	51.79	63.48	SRR23329748
SRR23329748.14822	1407	55.65	73.55	SRR23329748
SRR23329748.14823	1411	56.77	34.68	SRR23329748
SRR23329748.14824	1458	53.70	92.91	SRR23329748
SRR23329748.14825	1446	55.60	32.40	SRR23329748
SRR23329748.14826	1406	55.62	35.07	SRR23329748
SRR23329748.14827	1492	49.40	30.27	SRR23329748
SRR23329748.14828	1404	55.70	25.44	SRR23329748
SRR23329748.14830	1407	56.01	93.00	SRR23329748
SRR23329748.14831	1554	55.92	88.28	SRR23329748
SRR23329748.14832	1407	56.50	93.00	SRR23329748
SRR23329748.14833	1481	49.56	89.40	SRR23329748
SRR23329748.14834	1444	59.42	32.11	SRR23329748
SRR23329748.14835	1406	55.55	66.31	SRR23329748
SRR23329748.14836	1407	55.65	24.33	SRR23329748
SRR23329748.14837	1488	49.26	93.00	SRR23329748
SRR23329748.14838	1473	51.26	93.00	SRR23329748
SRR23329748.14839	1475	51.25	38.43	SRR23329748
SRR23329748.14840	1475	53.97	55.64	SRR23329748
SRR23329748.14841	1421	56.79	35.47	SRR23329748
SRR23329748.14842	1473	51.26	55.68	SRR23329748
SRR23329748.14843	1407	56.43	69.03	SRR23329748
SRR23329748.14844	1385	55.67	92.98	SRR23329748
SRR23329748.14845	1407	55.79	90.65	SRR23329748
SRR23329748.14846	1473	51.26	93.00	SRR23329748
SRR23329748.14847	1405	55.80	23.48	SRR23329748
SRR23329748.14848	1421	56.79	93.00	SRR23329748
SRR23329748.14849	1401	50.32	62.44	SRR23329748
SRR23329748.14850	1475	54.17	93.00	SRR23329748
SRR23329748.14851	1442	57.35	92.98	SRR23329748
SRR23329748.14852	1399	58.90	20.41	SRR23329748
SRR23329748.14853	1411	54.93	92.97	SRR23329748
SRR23329748.14854	1431	56.18	27.85	SRR23329748
SRR23329748.14855	1385	55.96	32.15	SRR23329748
SRR23329748.14856	1482	49.53	41.97	SRR23329748
SRR23329748.14858	1479	54.09	29.97	SRR23329748
SRR23329748.14859	1425	54.04	93.00	SRR23329748
SRR23329748.14860	1473	51.39	34.63	SRR23329748
SRR23329748.14861	1446	55.60	49.64	SRR23329748
SRR23329748.14862	1407	55.93	84.72	SRR23329748
SRR23329748.14863	1488	49.33	93.00	SRR23329748
SRR23329748.14864	1467	49.49	62.66	SRR23329748
SRR23329748.14865	1408	55.47	20.40	SRR23329748
SRR23329748.14868	1483	55.36	27.02	SRR23329748
SRR23329748.14870	1407	56.43	93.00	SRR23329748
SRR23329748.14871	1445	55.85	50.81	SRR23329748
SRR23329748.14873	1446	50.90	90.74	SRR23329748
SRR23329748.14874	1447	56.05	25.60	SRR23329748
SRR23329748.14875	1473	51.39	92.95	SRR23329748
SRR23329748.14876	1443	58.97	41.53	SRR23329748
SRR23329748.14877	1407	56.65	90.16	SRR23329748
SRR23329748.14878	1445	55.57	35.18	SRR23329748
SRR23329748.14879	1473	51.26	92.99	SRR23329748
SRR23329748.14880	1467	49.35	34.39	SRR23329748
SRR23329748.14881	1404	55.84	29.15	SRR23329748
SRR23329748.14882	1403	55.52	26.80	SRR23329748
SRR23329748.14883	1451	56.44	35.10	SRR23329748
SRR23329748.14885	1412	56.73	93.00	SRR23329748
SRR23329748.14887	1452	58.82	26.53	SRR23329748
SRR23329748.14888	1423	50.25	64.80	SRR23329748
SRR23329748.14889	1407	55.79	24.80	SRR23329748
SRR23329748.14890	1447	55.22	67.87	SRR23329748
SRR23329748.14891	1486	55.32	33.22	SRR23329748
SRR23329748.14892	1407	55.93	93.00	SRR23329748
SRR23329748.14893	1442	54.16	80.21	SRR23329748
SRR23329748.14894	1407	55.65	92.09	SRR23329748
SRR23329748.14895	1408	55.61	41.48	SRR23329748
SRR23329748.14896	1418	56.77	27.69	SRR23329748
SRR23329748.14897	1407	56.65	93.00	SRR23329748
SRR23329748.14898	1453	57.05	55.62	SRR23329748
SRR23329748.14899	1487	49.23	26.11	SRR23329748
SRR23329748.14900	1449	57.56	32.83	SRR23329748
SRR23329748.14901	1407	55.08	92.85	SRR23329748
SRR23329748.14902	1550	52.45	44.90	SRR23329748
SRR23329748.14903	1449	56.18	87.24	SRR23329748
SRR23329748.14904	1452	57.30	93.00	SRR23329748
SRR23329748.14905	1444	58.86	46.01	SRR23329748
SRR23329748.14906	1407	55.58	93.00	SRR23329748
SRR23329748.14907	1418	56.84	27.06	SRR23329748
SRR23329748.14909	1475	53.97	68.63	SRR23329748
SRR23329748.14910	1407	56.01	93.00	SRR23329748
SRR23329748.14911	1407	56.36	92.95	SRR23329748
SRR23329748.14912	1411	51.81	87.49	SRR23329748
SRR23329748.14913	1488	49.33	92.87	SRR23329748
SRR23329748.14914	1407	56.50	41.85	SRR23329748
SRR23329748.14915	1427	45.20	30.92	SRR23329748
SRR23329748.14916	1473	51.32	93.00	SRR23329748
SRR23329748.14917	1419	55.95	22.58	SRR23329748
SRR23329748.14918	1488	49.33	88.05	SRR23329748
SRR23329748.14919	1475	54.17	72.29	SRR23329748
SRR23329748.14920	1406	55.83	34.53	SRR23329748
SRR23329748.14921	1476	54.13	29.93	SRR23329748
SRR23329748.14922	1529	53.24	24.01	SRR23329748
SRR23329748.14923	1455	51.75	53.40	SRR23329748
SRR23329748.14924	1483	55.43	40.59	SRR23329748
SRR23329748.14926	1408	56.61	28.16	SRR23329748
SRR23329748.14927	1398	52.15	28.31	SRR23329748
SRR23329748.14928	1451	59.34	85.80	SRR23329748
SRR23329748.14929	1446	57.68	93.00	SRR23329748
SRR23329748.14930	1467	57.19	68.53	SRR23329748
SRR23329748.14931	1413	50.53	90.51	SRR23329748
SRR23329748.14932	1406	56.61	36.28	SRR23329748
SRR23329748.14933	1447	55.22	71.26	SRR23329748
SRR23329748.14935	1484	55.53	60.23	SRR23329748
SRR23329748.14936	1409	54.72	92.98	SRR23329748
SRR23329748.14937	1473	51.26	42.64	SRR23329748
SRR23329748.14938	1385	55.67	92.59	SRR23329748
SRR23329748.14939	1474	54.14	34.40	SRR23329748
SRR23329748.14940	1473	51.26	33.47	SRR23329748
SRR23329748.14941	1481	49.43	47.46	SRR23329748
SRR23329748.14943	1408	55.54	28.71	SRR23329748
SRR23329748.14944	1383	54.88	43.63	SRR23329748
SRR23329748.14946	1458	53.64	93.00	SRR23329748
SRR23329748.14947	1411	54.50	93.00	SRR23329748
SRR23329748.14948	1394	55.24	25.50	SRR23329748
SRR23329748.14949	1465	56.86	29.33	SRR23329748
SRR23329748.14950	1473	51.39	85.87	SRR23329748
SRR23329748.14951	1406	55.76	26.61	SRR23329748
SRR23329748.14952	1164	46.48	29.76	SRR23329748
SRR23329748.14953	1426	45.16	39.24	SRR23329748
SRR23329748.14954	1426	45.09	29.19	SRR23329748
SRR23329748.14955	1475	54.17	45.68	SRR23329748
SRR23329748.14956	1445	50.59	27.08	SRR23329748
SRR23329748.14957	1437	58.52	34.63	SRR23329748
SRR23329748.14958	1416	54.66	27.89	SRR23329748
SRR23329748.14959	1412	55.81	34.54	SRR23329748
SRR23329748.14960	1412	55.81	93.00	SRR23329748
SRR23329748.14961	1475	53.97	49.54	SRR23329748
SRR23329748.14962	1428	55.81	21.60	SRR23329748
SRR23329748.14963	1474	54.27	93.00	SRR23329748
SRR23329748.14964	1475	54.03	76.08	SRR23329748
SRR23329748.14965	1407	56.65	73.43	SRR23329748
SRR23329748.14966	1447	57.57	36.26	SRR23329748
SRR23329748.14967	1526	53.28	73.68	SRR23329748
SRR23329748.14968	1405	56.51	27.05	SRR23329748
SRR23329748.14969	1417	50.95	74.72	SRR23329748
SRR23329748.14970	1425	54.11	92.60	SRR23329748
SRR23329748.14971	1462	55.06	29.69	SRR23329748
SRR23329748.14972	1483	54.01	22.20	SRR23329748
SRR23329748.14973	1465	49.42	26.49	SRR23329748
SRR23329748.14974	1408	55.68	53.49	SRR23329748
SRR23329748.14975	1436	49.44	81.92	SRR23329748
SRR23329748.14976	1475	54.10	37.13	SRR23329748
SRR23329748.14977	1516	54.95	29.56	SRR23329748
SRR23329748.14978	1438	50.56	81.81	SRR23329748
SRR23329748.14979	1399	55.47	21.90	SRR23329748
SRR23329748.14980	1230	36.99	93.00	SRR23329748
SRR23329748.14981	1383	55.39	29.84	SRR23329748
SRR23329748.14982	1467	49.35	93.00	SRR23329748
SRR23329748.14983	1488	49.33	92.89	SRR23329748
SRR23329748.14984	1448	57.67	53.32	SRR23329748
SRR23329748.14985	1437	56.92	85.02	SRR23329748
SRR23329748.14986	1447	56.53	57.49	SRR23329748
SRR23329748.14987	1469	51.19	22.55	SRR23329748
SRR23329748.14988	1488	49.33	66.26	SRR23329748
SRR23329748.14989	1468	49.32	35.66	SRR23329748
SRR23329748.14990	1465	57.41	22.25	SRR23329748
SRR23329748.14991	1475	54.10	74.62	SRR23329748
SRR23329748.14992	1412	56.73	93.00	SRR23329748
SRR23329748.14993	1487	49.29	46.41	SRR23329748
SRR23329748.14994	1459	52.84	93.00	SRR23329748
SRR23329748.14995	1447	55.70	88.24	SRR23329748
SRR23329748.14996	1488	49.33	57.72	SRR23329748
SRR23329748.14997	1488	49.33	92.99	SRR23329748
SRR23329748.14998	1487	55.28	65.42	SRR23329748
SRR23329748.14999	1411	54.50	92.85	SRR23329748
SRR23329748.15000	1445	57.23	30.55	SRR23329748
SRR23329748.15001	1486	55.59	20.88	SRR23329748
SRR23329748.15002	1473	51.26	93.00	SRR23329748
SRR23329748.15003	1420	57.89	74.11	SRR23329748
SRR23329748.15004	1425	56.00	92.13	SRR23329748
SRR23329748.15005	1399	55.83	22.36	SRR23329748
SRR23329748.15006	1475	54.10	93.00	SRR23329748
SRR23329748.15008	1438	58.48	38.09	SRR23329748
SRR23329748.15009	1440	50.90	85.45	SRR23329748
SRR23329748.15010	1412	56.80	77.36	SRR23329748
SRR23329748.15011	1461	56.13	31.16	SRR23329748
SRR23329748.15012	1412	56.80	34.50	SRR23329748
SRR23329748.15013	1408	55.82	59.11	SRR23329748
SRR23329748.15014	1442	50.62	91.70	SRR23329748
SRR23329748.15015	1407	55.93	93.00	SRR23329748
SRR23329748.15016	1407	55.93	46.01	SRR23329748
SRR23329748.15017	1411	55.85	93.00	SRR23329748
SRR23329748.15018	1475	54.17	87.76	SRR23329748
SRR23329748.15019	1488	49.33	93.00	SRR23329748
SRR23329748.15020	1444	56.09	92.28	SRR23329748
SRR23329748.15021	1408	55.89	32.55	SRR23329748
SRR23329748.15022	1409	39.32	93.00	SRR23329748
SRR23329748.15023	1437	58.52	93.00	SRR23329748
SRR23329748.15024	1468	53.95	22.24	SRR23329748
SRR23329748.15026	1413	55.56	31.49	SRR23329748
SRR23329748.15027	1456	53.64	33.04	SRR23329748
SRR23329748.15028	1488	49.33	93.00	SRR23329748
SRR23329748.15029	1495	49.16	21.10	SRR23329748
SRR23329748.15030	1467	49.28	23.58	SRR23329748
SRR23329748.15031	1454	58.18	92.96	SRR23329748
SRR23329748.15032	1467	49.35	76.31	SRR23329748
SRR23329748.15033	1453	51.69	37.43	SRR23329748
SRR23329748.15034	1446	54.84	21.68	SRR23329748
SRR23329748.15035	1411	54.43	51.26	SRR23329748
SRR23329748.15036	1453	53.82	21.85	SRR23329748
SRR23329748.15037	1445	53.15	90.47	SRR23329748
SRR23329748.15038	1475	53.97	92.16	SRR23329748
SRR23329748.15040	1403	56.02	93.00	SRR23329748
SRR23329748.15041	1475	54.03	32.56	SRR23329748
SRR23329748.15042	1408	55.75	72.45	SRR23329748
SRR23329748.15043	1475	51.39	92.89	SRR23329748
SRR23329748.15044	1405	56.51	28.41	SRR23329748
SRR23329748.15046	1475	54.10	35.79	SRR23329748
SRR23329748.15047	1441	57.32	28.25	SRR23329748
SRR23329748.15048	1474	54.00	69.39	SRR23329748
SRR23329748.15049	1449	57.69	37.62	SRR23329748
SRR23329748.15050	1475	53.97	92.32	SRR23329748
SRR23329748.15051	1473	51.19	62.19	SRR23329748
SRR23329748.15052	1446	58.78	92.55	SRR23329748
SRR23329748.15053	1475	53.97	92.89	SRR23329748
SRR23329748.15054	1474	53.87	26.53	SRR23329748
SRR23329748.15055	1488	49.33	53.92	SRR23329748
SRR23329748.15056	1385	55.67	93.00	SRR23329748
SRR23329748.15057	1447	57.50	36.23	SRR23329748
SRR23329748.15058	1441	56.28	31.28	SRR23329748
SRR23329748.15059	1481	49.43	93.00	SRR23329748
SRR23329748.15060	1476	53.86	29.08	SRR23329748
SRR23329748.15061	1461	53.80	29.39	SRR23329748
SRR23329748.15062	1432	53.63	86.09	SRR23329748
SRR23329748.15063	1409	39.25	50.48	SRR23329748
SRR23329748.15064	1419	55.67	92.96	SRR23329748
SRR23329748.15065	1475	53.97	91.92	SRR23329748
SRR23329748.15066	1467	49.35	93.00	SRR23329748
SRR23329748.15067	1475	53.97	93.00	SRR23329748
SRR23329748.15068	1412	55.88	30.97	SRR23329748
SRR23329748.15069	1407	55.65	93.00	SRR23329748
SRR23329748.15070	1407	56.65	92.79	SRR23329748
SRR23329748.15071	1406	56.05	27.23	SRR23329748
SRR23329748.15072	1452	50.55	57.71	SRR23329748
SRR23329748.15073	1410	54.47	93.00	SRR23329748
SRR23329748.15074	1474	51.42	27.74	SRR23329748
SRR23329748.15075	1481	49.36	93.00	SRR23329748
SRR23329748.15076	1461	52.70	93.00	SRR23329748
SRR23329748.15077	1413	50.53	46.48	SRR23329748
SRR23329748.15078	1454	51.86	73.56	SRR23329748
SRR23329748.15079	1408	50.92	93.00	SRR23329748
SRR23329748.15081	1481	49.43	47.10	SRR23329748
SRR23329748.15082	1488	49.33	81.13	SRR23329748
SRR23329748.15083	1446	56.36	93.00	SRR23329748
SRR23329748.15084	1471	52.69	26.94	SRR23329748
SRR23329748.15085	1467	56.92	92.97	SRR23329748
SRR23329748.15086	1413	55.56	56.73	SRR23329748
SRR23329748.15087	1406	56.54	26.09	SRR23329748
SRR23329748.15088	1407	55.93	93.00	SRR23329748
SRR23329748.15089	1413	50.53	93.00	SRR23329748
SRR23329748.15090	1442	50.49	41.07	SRR23329748
SRR23329748.15091	1406	55.76	20.74	SRR23329748
SRR23329748.15092	1486	55.32	34.31	SRR23329748
SRR23329748.15093	1407	55.93	36.08	SRR23329748
SRR23329748.15094	1444	58.80	66.58	SRR23329748
SRR23329748.15095	1408	55.68	21.79	SRR23329748
SRR23329748.15096	1407	56.65	83.02	SRR23329748
SRR23329748.15097	1408	50.99	93.00	SRR23329748
SRR23329748.15099	1456	58.93	84.90	SRR23329748
SRR23329748.15100	1436	50.28	78.75	SRR23329748
SRR23329748.15101	1407	56.57	28.75	SRR23329748
SRR23329748.15102	1490	49.40	37.06	SRR23329748
SRR23329748.15103	1464	49.66	22.91	SRR23329748
SRR23329748.15104	1438	50.56	31.61	SRR23329748
SRR23329748.15105	1382	54.41	21.80	SRR23329748
SRR23329748.15106	1459	54.28	93.00	SRR23329748
SRR23329748.15107	1467	49.28	34.44	SRR23329748
SRR23329748.15108	1403	56.59	23.11	SRR23329748
SRR23329748.15109	1488	49.33	36.09	SRR23329748
SRR23329748.15110	1407	56.57	93.00	SRR23329748
SRR23329748.15111	1460	53.63	48.25	SRR23329748
SRR23329748.15112	1488	49.33	92.56	SRR23329748
SRR23329748.15113	1467	49.35	35.91	SRR23329748
SRR23329748.15114	1437	58.52	61.83	SRR23329748
SRR23329748.15115	1389	56.66	41.39	SRR23329748
SRR23329748.15116	1486	54.04	22.74	SRR23329748
SRR23329748.15117	1464	52.87	33.02	SRR23329748
SRR23329748.15118	1407	55.65	79.27	SRR23329748
SRR23329748.15119	1412	54.60	92.85	SRR23329748
SRR23329748.15120	1407	55.93	93.00	SRR23329748
SRR23329748.15121	1474	53.93	36.67	SRR23329748
SRR23329748.15122	1407	55.58	92.80	SRR23329748
SRR23329748.15123	1475	53.97	91.70	SRR23329748
SRR23329748.15124	1409	53.51	93.00	SRR23329748
SRR23329748.15125	1447	55.84	64.73	SRR23329748
SRR23329748.15126	1451	59.34	32.72	SRR23329748
SRR23329748.15127	1475	53.97	52.20	SRR23329748
SRR23329748.15128	1467	49.35	93.00	SRR23329748
SRR23329748.15129	1412	55.74	91.35	SRR23329748
SRR23329748.15130	1446	58.78	92.64	SRR23329748
SRR23329748.15131	1458	53.57	92.96	SRR23329748
SRR23329748.15132	1382	54.99	31.75	SRR23329748
SRR23329748.15133	1454	57.22	32.15	SRR23329748
SRR23329748.15134	1442	50.55	57.15	SRR23329748
SRR23329748.15135	1488	49.26	29.92	SRR23329748
SRR23329748.15137	1473	51.19	49.88	SRR23329748
SRR23329748.15138	1467	57.46	43.58	SRR23329748
SRR23329748.15139	1482	48.45	21.85	SRR23329748
SRR23329748.15140	1411	54.71	92.93	SRR23329748
SRR23329748.15141	1406	56.54	36.33	SRR23329748
SRR23329748.15142	1444	58.31	24.10	SRR23329748
SRR23329748.15143	1411	54.64	49.35	SRR23329748
SRR23329748.15144	1408	55.75	46.26	SRR23329748
SRR23329748.15145	1444	56.37	88.89	SRR23329748
SRR23329748.15146	1473	51.39	93.00	SRR23329748
SRR23329748.15147	1467	57.53	72.49	SRR23329748
SRR23329748.15148	1444	55.19	20.23	SRR23329748
SRR23329748.15149	1411	55.85	93.00	SRR23329748
SRR23329748.15151	1467	49.49	93.00	SRR23329748
SRR23329748.15152	1406	55.97	34.21	SRR23329748
SRR23329748.15153	1486	54.17	51.88	SRR23329748
SRR23329748.15154	1479	54.16	27.35	SRR23329748
SRR23329748.15155	1440	50.07	21.25	SRR23329748
SRR23329748.15156	1481	53.75	21.30	SRR23329748
SRR23329748.15158	1484	55.26	93.00	SRR23329748
SRR23329748.15159	1409	59.12	41.15	SRR23329748
SRR23329748.15160	1447	57.57	41.46	SRR23329748
SRR23329748.15161	1412	56.73	87.87	SRR23329748
SRR23329748.15162	1406	55.62	37.80	SRR23329748
SRR23329748.15164	1473	51.39	93.00	SRR23329748
SRR23329748.15165	1488	49.26	46.27	SRR23329748
SRR23329748.15166	1396	52.29	93.00	SRR23329748
SRR23329748.15167	1453	55.47	63.42	SRR23329748
SRR23329748.15169	1407	55.93	71.45	SRR23329748
SRR23329748.15170	1425	55.30	22.08	SRR23329748
SRR23329748.15171	1407	55.86	91.03	SRR23329748
SRR23329748.15172	1476	54.27	37.00	SRR23329748
SRR23329748.15173	1488	49.33	93.00	SRR23329748
SRR23329748.15174	1514	44.12	56.60	SRR23329748
SRR23329748.15175	1413	50.53	91.68	SRR23329748
SRR23329748.15176	1488	53.90	35.38	SRR23329748
SRR23329748.15177	1431	57.65	92.99	SRR23329748
SRR23329748.15178	1488	49.33	35.70	SRR23329748
SRR23329748.15179	1444	51.52	23.64	SRR23329748
SRR23329748.15181	1408	58.88	47.47	SRR23329748
SRR23329748.15182	1484	49.53	25.63	SRR23329748
SRR23329748.15183	1481	49.56	88.04	SRR23329748
SRR23329748.15184	1402	54.71	25.53	SRR23329748
SRR23329748.15185	1475	53.90	44.69	SRR23329748
SRR23329748.15186	1422	56.96	93.00	SRR23329748
SRR23329748.15187	1488	49.33	93.00	SRR23329748
SRR23329748.15188	1472	55.10	85.56	SRR23329748
SRR23329748.15189	1407	55.79	75.81	SRR23329748
SRR23329748.15190	1451	59.27	32.79	SRR23329748
SRR23329748.15191	1446	55.60	93.00	SRR23329748
SRR23329748.15192	1444	58.80	93.00	SRR23329748
SRR23329748.15195	1488	49.33	29.93	SRR23329748
SRR23329748.15197	1408	55.68	48.89	SRR23329748
SRR23329748.15198	1388	54.39	93.00	SRR23329748
SRR23329748.15200	1407	56.57	93.00	SRR23329748
SRR23329748.15201	1412	56.87	68.44	SRR23329748
SRR23329748.15202	1408	55.68	47.27	SRR23329748
SRR23329748.15203	1467	57.46	30.69	SRR23329748
SRR23329748.15204	1407	56.57	49.89	SRR23329748
SRR23329748.15205	1411	56.77	38.30	SRR23329748
SRR23329748.15206	1446	55.60	93.00	SRR23329748
SRR23329748.15207	1475	54.24	40.54	SRR23329748
SRR23329748.15208	1407	56.65	35.53	SRR23329748
SRR23329748.15209	1441	57.60	69.70	SRR23329748
SRR23329748.15210	1408	56.18	32.60	SRR23329748
SRR23329748.15211	1385	55.81	20.53	SRR23329748
SRR23329748.15213	1475	54.24	83.07	SRR23329748
SRR23329748.15214	1488	49.33	76.62	SRR23329748
SRR23329748.15215	1407	55.86	93.00	SRR23329748
SRR23329748.15216	1386	54.55	32.43	SRR23329748
SRR23329748.15217	1407	55.93	67.48	SRR23329748
SRR23329748.15218	1467	49.35	91.52	SRR23329748
SRR23329748.15220	1420	55.70	21.86	SRR23329748
SRR23329748.15221	1421	56.79	48.53	SRR23329748
SRR23329748.15222	1404	56.62	29.86	SRR23329748
SRR23329748.15223	1389	55.58	35.41	SRR23329748
SRR23329748.15224	1475	54.24	40.23	SRR23329748
SRR23329748.15226	1475	54.24	90.73	SRR23329748
SRR23329748.15227	1447	57.91	92.62	SRR23329748
SRR23329748.15229	1467	49.49	40.92	SRR23329748
SRR23329748.15231	1423	56.64	34.35	SRR23329748
SRR23329748.15232	1467	49.42	25.11	SRR23329748
SRR23329748.15233	1407	56.50	91.77	SRR23329748
SRR23329748.15234	1407	56.65	92.10	SRR23329748
SRR23329748.15235	1439	56.50	81.28	SRR23329748
SRR23329748.15236	1406	55.69	40.62	SRR23329748
SRR23329748.15237	1484	49.39	29.37	SRR23329748
SRR23329748.15238	1412	56.80	92.96	SRR23329748
SRR23329748.15239	1454	51.72	87.27	SRR23329748
SRR23329748.15240	1407	56.43	93.00	SRR23329748
SRR23329748.15241	1475	53.90	58.63	SRR23329748
SRR23329748.15242	1466	49.32	42.43	SRR23329748
SRR23329748.15243	1447	56.32	55.88	SRR23329748
SRR23329748.15244	1410	54.40	24.93	SRR23329748
SRR23329748.15245	1435	52.26	23.50	SRR23329748
SRR23329748.15246	1467	57.33	38.18	SRR23329748
SRR23329748.15247	1488	49.33	80.45	SRR23329748
SRR23329748.15248	1401	55.67	27.33	SRR23329748
SRR23329748.15249	1475	54.24	75.61	SRR23329748
SRR23329748.15250	1488	49.33	85.10	SRR23329748
SRR23329748.15251	1407	55.58	59.40	SRR23329748
SRR23329748.15252	1460	53.42	45.64	SRR23329748
SRR23329748.15253	1457	53.67	32.01	SRR23329748
SRR23329748.15254	1408	55.54	22.04	SRR23329748
SRR23329748.15255	1475	54.17	91.82	SRR23329748
SRR23329748.15256	1458	54.32	51.12	SRR23329748
SRR23329748.15257	1460	52.95	84.01	SRR23329748
SRR23329748.15258	1389	56.59	63.28	SRR23329748
SRR23329748.15259	1447	55.98	65.60	SRR23329748
SRR23329748.15260	1460	53.15	63.55	SRR23329748
SRR23329748.15261	1475	53.90	27.01	SRR23329748
SRR23329748.15262	1412	56.73	53.45	SRR23329748
SRR23329748.15263	1407	56.57	26.36	SRR23329748
SRR23329748.15265	1714	46.97	33.72	SRR23329748
SRR23329748.15266	1410	54.54	39.39	SRR23329748
SRR23329748.15267	1413	56.26	30.43	SRR23329748
SRR23329748.15268	1406	55.62	45.48	SRR23329748
SRR23329748.15269	1445	57.92	39.17	SRR23329748
SRR23329748.15270	1473	51.26	52.46	SRR23329748
SRR23329748.15271	1467	49.35	67.84	SRR23329748
SRR23329748.15272	1408	55.89	34.22	SRR23329748
SRR23329748.15273	1405	56.01	32.71	SRR23329748
SRR23329748.15274	1404	55.63	31.54	SRR23329748
SRR23329748.15275	1443	58.91	32.99	SRR23329748
SRR23329748.15276	1488	49.26	93.00	SRR23329748
SRR23329748.15277	1451	50.38	49.34	SRR23329748
SRR23329748.15279	1408	55.75	37.72	SRR23329748
SRR23329748.15280	1486	53.30	30.06	SRR23329748
SRR23329748.15281	1412	56.87	93.00	SRR23329748
SRR23329748.15282	1445	53.15	52.99	SRR23329748
SRR23329748.15283	1473	51.26	55.95	SRR23329748
SRR23329748.15285	1446	55.60	58.46	SRR23329748
SRR23329748.15286	1413	55.48	51.04	SRR23329748
SRR23329748.15287	1454	51.79	58.56	SRR23329748
SRR23329748.15288	1411	54.50	89.80	SRR23329748
SRR23329748.15289	1447	55.43	64.82	SRR23329748
SRR23329748.15290	1488	49.33	92.98	SRR23329748
SRR23329748.15291	1407	56.01	92.98	SRR23329748
SRR23329748.15292	1413	55.98	93.00	SRR23329748
SRR23329748.15293	1407	55.58	93.00	SRR23329748
SRR23329748.15294	1408	55.75	44.32	SRR23329748
SRR23329748.15295	1407	56.08	93.00	SRR23329748
SRR23329748.15296	1483	54.42	20.98	SRR23329748
SRR23329748.15297	1451	50.38	36.25	SRR23329748
SRR23329748.15298	1445	56.40	74.19	SRR23329748
SRR23329748.15299	1459	52.91	93.00	SRR23329748
SRR23329748.15300	1443	58.91	39.56	SRR23329748
SRR23329748.15301	1442	50.55	93.00	SRR23329748
SRR23329748.15302	1416	56.21	24.59	SRR23329748
SRR23329748.15303	1407	56.65	46.21	SRR23329748
SRR23329748.15304	1407	56.15	37.48	SRR23329748
SRR23329748.15305	1449	57.69	92.93	SRR23329748
SRR23329748.15306	1442	52.15	55.46	SRR23329748
SRR23329748.15307	1385	55.38	71.33	SRR23329748
SRR23329748.15308	1408	55.54	33.26	SRR23329748
SRR23329748.15309	1467	49.35	92.88	SRR23329748
SRR23329748.15310	1407	55.86	90.87	SRR23329748
SRR23329748.15311	1481	49.56	82.30	SRR23329748
SRR23329748.15312	1407	56.43	93.00	SRR23329748
SRR23329748.15313	1438	58.55	24.88	SRR23329748
SRR23329748.15314	1488	49.33	93.00	SRR23329748
SRR23329748.15315	1519	54.44	20.06	SRR23329748
SRR23329748.15316	1475	53.97	48.31	SRR23329748
SRR23329748.15317	1388	55.55	40.90	SRR23329748
SRR23329748.15318	1448	58.08	22.88	SRR23329748
SRR23329748.15320	1412	56.80	36.50	SRR23329748
SRR23329748.15321	1410	55.67	31.19	SRR23329748
SRR23329748.15322	1415	52.93	70.32	SRR23329748
SRR23329748.15324	1407	55.93	73.23	SRR23329748
SRR23329748.15325	1420	52.04	86.37	SRR23329748
SRR23329748.15327	1412	56.80	73.92	SRR23329748
SRR23329748.15328	1489	53.93	49.73	SRR23329748
SRR23329748.15329	1467	49.28	93.00	SRR23329748
SRR23329748.15330	1453	51.82	76.79	SRR23329748
SRR23329748.15331	1383	54.88	32.95	SRR23329748
SRR23329748.15332	1409	56.07	21.49	SRR23329748
SRR23329748.15334	1484	54.11	23.36	SRR23329748
SRR23329748.15335	1459	54.90	35.58	SRR23329748
SRR23329748.15336	1407	56.08	43.48	SRR23329748
SRR23329748.15337	1528	53.40	33.00	SRR23329748
SRR23329748.15338	1460	53.56	64.01	SRR23329748
SRR23329748.15339	1407	56.36	54.32	SRR23329748
SRR23329748.15340	1413	57.89	61.08	SRR23329748
SRR23329748.15341	1478	52.03	85.78	SRR23329748
SRR23329748.15342	1423	50.25	80.29	SRR23329748
SRR23329748.15343	1471	59.89	92.77	SRR23329748
SRR23329748.15344	1407	56.29	72.08	SRR23329748
SRR23329748.15345	1482	49.39	33.54	SRR23329748
SRR23329748.15346	1456	55.43	27.24	SRR23329748
SRR23329748.15347	1467	49.42	60.75	SRR23329748
SRR23329748.15348	1516	54.88	93.00	SRR23329748
SRR23329748.15349	1475	53.97	40.69	SRR23329748
SRR23329748.15350	2680	56.64	48.77	SRR23329748
SRR23329748.15351	1408	55.82	92.04	SRR23329748
SRR23329748.15352	1451	59.34	65.18	SRR23329748
SRR23329748.15353	1407	55.58	71.28	SRR23329748
SRR23329748.15354	1423	50.04	34.24	SRR23329748
SRR23329748.15355	1473	51.39	69.37	SRR23329748
SRR23329748.15356	1411	54.50	87.87	SRR23329748
SRR23329748.15357	1405	56.58	34.17	SRR23329748
SRR23329748.15358	1484	55.53	56.15	SRR23329748
SRR23329748.15359	1408	55.82	51.93	SRR23329748
SRR23329748.15360	1407	55.72	92.97	SRR23329748
SRR23329748.15361	1407	56.57	93.00	SRR23329748
SRR23329748.15363	1475	51.39	91.91	SRR23329748
SRR23329748.15364	1407	55.65	70.72	SRR23329748
SRR23329748.15365	1407	56.57	87.89	SRR23329748
SRR23329748.15366	2008	53.88	58.03	SRR23329748
SRR23329748.15367	1483	55.50	23.55	SRR23329748
SRR23329748.15368	1404	56.05	28.53	SRR23329748
SRR23329748.15369	1453	51.69	26.11	SRR23329748
SRR23329748.15370	1454	53.71	22.46	SRR23329748
SRR23329748.15371	1473	51.19	74.60	SRR23329748
SRR23329748.15372	1413	54.64	93.00	SRR23329748
SRR23329748.15374	1467	49.42	60.36	SRR23329748
SRR23329748.15375	1285	37.04	86.87	SRR23329748
SRR23329748.15376	1412	55.81	41.95	SRR23329748
SRR23329748.15377	1460	53.56	93.00	SRR23329748
SRR23329748.15378	1413	57.25	28.64	SRR23329748
SRR23329748.15379	1412	57.15	92.43	SRR23329748
SRR23329748.15380	1422	56.75	36.01	SRR23329748
SRR23329748.15382	1449	56.25	41.49	SRR23329748
SRR23329748.15383	1473	51.39	55.97	SRR23329748
SRR23329748.15385	1407	55.72	93.00	SRR23329748
SRR23329748.15387	1409	55.71	25.82	SRR23329748
SRR23329748.15388	1440	58.33	93.00	SRR23329748
SRR23329748.15389	1426	45.09	93.00	SRR23329748
SRR23329748.15391	1413	55.56	92.97	SRR23329748
SRR23329748.15392	1457	53.05	26.47	SRR23329748
SRR23329748.15393	1449	57.69	93.00	SRR23329748
SRR23329748.15394	1407	56.36	74.32	SRR23329748
SRR23329748.15395	1475	54.03	67.11	SRR23329748
SRR23329748.15396	1411	53.37	21.38	SRR23329748
SRR23329748.15397	1446	56.57	37.11	SRR23329748
SRR23329748.15398	1443	58.91	36.47	SRR23329748
SRR23329748.15400	1438	58.97	22.48	SRR23329748
SRR23329748.15401	1484	57.14	93.00	SRR23329748
SRR23329748.15402	1434	55.51	93.00	SRR23329748
SRR23329748.15403	1475	54.03	69.11	SRR23329748
SRR23329748.15404	1439	58.23	31.75	SRR23329748
SRR23329748.15405	1407	55.72	92.70	SRR23329748
SRR23329748.15406	1448	54.90	32.23	SRR23329748
SRR23329748.15407	1427	45.13	93.00	SRR23329748
SRR23329748.15408	1475	53.90	70.15	SRR23329748
SRR23329748.15409	1398	48.35	26.25	SRR23329748
SRR23329748.15410	1477	48.27	35.68	SRR23329748
SRR23329748.15411	1444	53.12	28.08	SRR23329748
SRR23329748.15412	1483	49.22	22.96	SRR23329748
SRR23329748.15413	1447	55.84	44.24	SRR23329748
SRR23329748.15414	1407	55.72	72.56	SRR23329748
SRR23329748.15415	1407	55.58	93.00	SRR23329748
SRR23329748.15416	1438	45.13	22.52	SRR23329748
SRR23329748.15417	1475	54.24	74.11	SRR23329748
SRR23329748.15418	1460	53.42	86.93	SRR23329748
SRR23329748.15419	1390	56.69	34.49	SRR23329748
SRR23329748.15420	1449	56.45	63.61	SRR23329748
SRR23329748.15421	1434	55.51	61.40	SRR23329748
SRR23329748.15422	1475	53.90	38.34	SRR23329748
SRR23329748.15423	1412	56.80	91.06	SRR23329748
SRR23329748.15424	1488	49.33	41.69	SRR23329748
SRR23329748.15425	1481	49.36	66.71	SRR23329748
SRR23329748.15426	1384	54.77	24.69	SRR23329748
SRR23329748.15427	1412	56.80	93.00	SRR23329748
SRR23329748.15428	1475	53.90	50.03	SRR23329748
SRR23329748.15429	1475	53.90	43.12	SRR23329748
SRR23329748.15430	1488	49.33	91.71	SRR23329748
SRR23329748.15431	1407	56.65	49.78	SRR23329748
SRR23329748.15432	1484	55.53	92.45	SRR23329748
SRR23329748.15433	1443	56.96	29.17	SRR23329748
SRR23329748.15434	1408	56.11	93.00	SRR23329748
SRR23329748.15435	1441	52.39	39.21	SRR23329748
SRR23329748.15436	1443	57.38	35.26	SRR23329748
SRR23329748.15437	1473	51.26	52.81	SRR23329748
SRR23329748.15438	1408	56.53	34.94	SRR23329748
SRR23329748.15439	1473	51.26	92.99	SRR23329748
SRR23329748.15440	1467	49.22	68.65	SRR23329748
SRR23329748.15441	1487	49.29	43.39	SRR23329748
SRR23329748.15442	1441	52.60	76.01	SRR23329748
SRR23329748.15443	1486	54.17	75.63	SRR23329748
SRR23329748.15444	1466	57.37	32.89	SRR23329748
SRR23329748.15445	1391	58.81	38.95	SRR23329748
SRR23329748.15446	1467	49.35	60.64	SRR23329748
SRR23329748.15447	1409	56.00	27.68	SRR23329748
SRR23329748.15448	1437	58.52	66.46	SRR23329748
SRR23329748.15449	1474	53.87	32.03	SRR23329748
SRR23329748.15450	1389	55.94	91.38	SRR23329748
SRR23329748.15451	1407	55.93	44.47	SRR23329748
SRR23329748.15452	1412	55.52	37.45	SRR23329748
SRR23329748.15453	1444	56.37	70.48	SRR23329748
SRR23329748.15454	1466	49.39	34.43	SRR23329748
SRR23329748.15455	1463	52.77	27.89	SRR23329748
SRR23329748.15456	1475	53.97	93.00	SRR23329748
SRR23329748.15457	1418	56.63	21.23	SRR23329748
SRR23329748.15458	1473	51.26	54.34	SRR23329748
SRR23329748.15459	1446	55.60	92.92	SRR23329748
SRR23329748.15460	1460	53.56	92.95	SRR23329748
SRR23329748.15461	1407	55.72	57.48	SRR23329748
SRR23329748.15462	1487	49.29	38.65	SRR23329748
SRR23329748.15463	1447	55.22	76.36	SRR23329748
SRR23329748.15464	1481	49.43	92.94	SRR23329748
SRR23329748.15465	1470	51.29	26.50	SRR23329748
SRR23329748.15466	1412	56.73	54.44	SRR23329748
SRR23329748.15467	1458	52.47	28.62	SRR23329748
SRR23329748.15468	1475	53.90	21.04	SRR23329748
SRR23329748.15469	1439	50.94	64.47	SRR23329748
SRR23329748.15470	1482	49.46	32.83	SRR23329748
SRR23329748.15471	1407	56.08	48.48	SRR23329748
SRR23329748.15473	1433	57.50	32.30	SRR23329748
SRR23329748.15474	1477	54.03	50.49	SRR23329748
SRR23329748.15475	1407	55.58	48.48	SRR23329748
SRR23329748.15476	1475	51.39	32.59	SRR23329748
SRR23329748.15477	1484	54.99	93.00	SRR23329748
SRR23329748.15478	1405	55.66	22.09	SRR23329748
SRR23329748.15479	1477	54.16	66.14	SRR23329748
SRR23329748.15480	1407	56.50	26.91	SRR23329748
SRR23329748.15481	1407	56.65	72.36	SRR23329748
SRR23329748.15483	1477	54.03	29.26	SRR23329748
SRR23329748.15484	1465	49.35	29.26	SRR23329748
SRR23329748.15485	1414	53.04	93.00	SRR23329748
SRR23329748.15486	1467	49.42	54.73	SRR23329748
SRR23329748.15487	1407	55.65	50.48	SRR23329748
SRR23329748.15488	1458	57.54	31.40	SRR23329748
SRR23329748.15489	1467	49.49	54.14	SRR23329748
SRR23329748.15490	1453	57.05	57.06	SRR23329748
SRR23329748.15491	1714	47.02	73.12	SRR23329748
SRR23329748.15492	1467	49.49	61.29	SRR23329748
SRR23329748.15493	1483	55.29	26.17	SRR23329748
SRR23329748.15494	1409	56.00	58.02	SRR23329748
SRR23329748.15495	1481	49.43	49.90	SRR23329748
SRR23329748.15496	1407	56.65	93.00	SRR23329748
SRR23329748.15497	1477	53.96	32.66	SRR23329748
SRR23329748.15498	1473	51.39	32.21	SRR23329748
SRR23329748.15499	1390	56.62	34.89	SRR23329748
SRR23329748.15500	1407	56.65	57.48	SRR23329748
SRR23329748.15501	1437	56.85	91.70	SRR23329748
SRR23329748.15502	1409	56.71	23.50	SRR23329748
SRR23329748.15503	1412	56.73	79.64	SRR23329748
SRR23329748.15504	1475	54.10	36.43	SRR23329748
SRR23329748.15505	1475	53.97	92.99	SRR23329748
SRR23329748.15506	1474	54.34	92.98	SRR23329748
SRR23329748.15507	1407	55.93	93.00	SRR23329748
SRR23329748.15508	1412	56.80	47.57	SRR23329748
SRR23329748.15509	1474	54.21	67.28	SRR23329748
SRR23329748.15510	1446	57.61	93.00	SRR23329748
SRR23329748.15511	1432	57.54	27.53	SRR23329748
SRR23329748.15512	1405	56.51	29.67	SRR23329748
SRR23329748.15513	1417	56.88	25.50	SRR23329748
SRR23329748.15514	1407	56.65	93.00	SRR23329748
SRR23329748.15517	1408	55.75	30.60	SRR23329748
SRR23329748.15518	1411	55.63	93.00	SRR23329748
SRR23329748.15519	1437	58.52	82.87	SRR23329748
SRR23329748.15520	1407	56.15	79.92	SRR23329748
SRR23329748.15521	1444	56.86	93.00	SRR23329748
SRR23329748.15522	1413	55.56	93.00	SRR23329748
SRR23329748.15523	1447	55.36	31.09	SRR23329748
SRR23329748.15524	1385	55.45	92.91	SRR23329748
SRR23329748.15526	1423	55.94	21.24	SRR23329748
SRR23329748.15527	1471	52.75	30.42	SRR23329748
SRR23329748.15528	1456	54.12	21.75	SRR23329748
SRR23329748.15529	1407	55.93	93.00	SRR23329748
SRR23329748.15530	1410	54.47	34.94	SRR23329748
SRR23329748.15531	1470	49.32	39.91	SRR23329748
SRR23329748.15532	1383	54.88	56.41	SRR23329748
SRR23329748.15533	1452	50.55	93.00	SRR23329748
SRR23329748.15534	1475	54.24	64.68	SRR23329748
SRR23329748.15535	1467	57.40	65.78	SRR23329748
SRR23329748.15537	1487	55.68	29.38	SRR23329748
SRR23329748.15538	1473	56.28	70.11	SRR23329748
SRR23329748.15539	1458	51.10	92.73	SRR23329748
SRR23329748.15540	1383	55.17	93.00	SRR23329748
SRR23329748.15541	1475	53.90	35.20	SRR23329748
SRR23329748.15542	1407	56.57	37.48	SRR23329748
SRR23329748.15543	1474	54.21	53.86	SRR23329748
SRR23329748.15544	1460	54.04	93.00	SRR23329748
SRR23329748.15545	1451	59.34	92.82	SRR23329748
SRR23329748.15546	1407	56.65	31.02	SRR23329748
SRR23329748.15547	1413	56.69	30.06	SRR23329748
SRR23329748.15549	1407	55.08	58.48	SRR23329748
SRR23329748.15550	1473	52.48	38.29	SRR23329748
SRR23329748.15551	1477	53.83	35.68	SRR23329748
SRR23329748.15552	1410	56.10	23.81	SRR23329748
SRR23329748.15553	1407	56.65	92.92	SRR23329748
SRR23329748.15554	1407	55.86	42.53	SRR23329748
SRR23329748.15556	1480	53.92	20.63	SRR23329748
SRR23329748.15557	1473	51.26	71.60	SRR23329748
SRR23329748.15558	1451	59.34	80.37	SRR23329748
SRR23329748.15559	1459	57.37	37.16	SRR23329748
SRR23329748.15561	1488	49.33	47.67	SRR23329748
SRR23329748.15562	1453	55.47	93.00	SRR23329748
SRR23329748.15563	1420	56.41	43.42	SRR23329748
SRR23329748.15564	1436	57.80	91.94	SRR23329748
SRR23329748.15565	1427	45.13	24.87	SRR23329748
SRR23329748.15566	1454	50.48	93.00	SRR23329748
SRR23329748.15567	1406	56.05	44.48	SRR23329748
SRR23329748.15568	1457	57.24	28.00	SRR23329748
SRR23329748.15569	1432	56.70	93.00	SRR23329748
SRR23329748.15570	1409	58.98	92.94	SRR23329748
SRR23329748.15571	1466	53.96	21.15	SRR23329748
SRR23329748.15572	1486	49.26	33.74	SRR23329748
SRR23329748.15573	1444	58.86	93.00	SRR23329748
SRR23329748.15574	1444	57.34	27.84	SRR23329748
SRR23329748.15575	1407	55.65	93.00	SRR23329748
SRR23329748.15576	1441	57.32	33.51	SRR23329748
SRR23329748.15577	1449	55.97	65.46	SRR23329748
SRR23329748.15578	1432	56.70	93.00	SRR23329748
SRR23329748.15579	1447	55.22	47.07	SRR23329748
SRR23329748.15580	1411	54.50	69.43	SRR23329748
SRR23329748.15581	1475	54.03	93.00	SRR23329748
SRR23329748.15582	1713	46.99	55.25	SRR23329748
SRR23329748.15583	1445	57.99	34.32	SRR23329748
SRR23329748.15584	1412	55.81	93.00	SRR23329748
SRR23329748.15585	1404	55.77	27.95	SRR23329748
SRR23329748.15586	1412	56.16	24.88	SRR23329748
SRR23329748.15587	1439	50.94	24.56	SRR23329748
SRR23329748.15588	1411	56.77	38.10	SRR23329748
SRR23329748.15589	1469	54.19	22.42	SRR23329748
SRR23329748.15590	1473	53.97	26.77	SRR23329748
SRR23329748.15591	1457	54.43	30.38	SRR23329748
SRR23329748.15592	1449	56.25	92.99	SRR23329748
SRR23329748.15593	1411	55.63	62.49	SRR23329748
SRR23329748.15594	1488	49.33	93.00	SRR23329748
SRR23329748.15595	1407	56.01	33.37	SRR23329748
SRR23329748.15596	1448	55.59	51.61	SRR23329748
SRR23329748.15597	1409	55.78	55.49	SRR23329748
SRR23329748.15598	1474	54.07	92.72	SRR23329748
SRR23329748.15599	1488	49.33	76.62	SRR23329748
SRR23329748.15600	1475	53.97	92.89	SRR23329748
SRR23329748.15601	1411	56.77	43.81	SRR23329748
SRR23329748.15602	1459	58.19	42.64	SRR23329748
SRR23329748.15603	1467	57.53	49.91	SRR23329748
SRR23329748.15604	1417	50.95	92.27	SRR23329748
SRR23329748.15605	1481	49.43	49.82	SRR23329748
SRR23329748.15606	1485	58.86	32.90	SRR23329748
SRR23329748.15607	1444	58.86	93.00	SRR23329748
SRR23329748.15608	1473	52.55	35.00	SRR23329748
SRR23329748.15609	1484	54.45	25.12	SRR23329748
SRR23329748.15611	1489	54.00	75.13	SRR23329748
SRR23329748.15613	1499	49.30	20.55	SRR23329748
SRR23329748.15614	1474	53.87	37.51	SRR23329748
SRR23329748.15616	1389	56.52	47.43	SRR23329748
SRR23329748.15618	1411	55.92	55.32	SRR23329748
SRR23329748.15619	1390	56.55	24.73	SRR23329748
SRR23329748.15620	1407	56.01	46.26	SRR23329748
SRR23329748.15621	1411	55.92	39.81	SRR23329748
SRR23329748.15622	1409	56.49	23.82	SRR23329748
SRR23329748.15623	1445	57.85	93.00	SRR23329748
SRR23329748.15624	1488	49.33	73.93	SRR23329748
SRR23329748.15625	1388	54.39	35.62	SRR23329748
SRR23329748.15626	1407	55.79	55.35	SRR23329748
SRR23329748.15627	1407	56.65	93.00	SRR23329748
SRR23329748.15628	1406	55.97	25.76	SRR23329748
SRR23329748.15629	1489	53.93	93.00	SRR23329748
SRR23329748.15630	1474	54.41	93.00	SRR23329748
SRR23329748.15631	1387	56.45	25.12	SRR23329748
SRR23329748.15632	1420	50.21	26.96	SRR23329748
SRR23329748.15633	1483	49.63	35.98	SRR23329748
SRR23329748.15634	1488	52.15	92.99	SRR23329748
SRR23329748.15635	1397	52.33	32.02	SRR23329748
SRR23329748.15636	1471	52.48	93.00	SRR23329748
SRR23329748.15637	1413	55.98	63.08	SRR23329748
SRR23329748.15638	1458	53.70	92.49	SRR23329748
SRR23329748.15639	1406	56.54	27.98	SRR23329748
SRR23329748.15641	1427	44.92	20.76	SRR23329748
SRR23329748.15642	1412	55.81	39.51	SRR23329748
SRR23329748.15643	1451	50.38	30.54	SRR23329748
SRR23329748.15644	1424	56.18	91.37	SRR23329748
SRR23329748.15645	1446	58.78	93.00	SRR23329748
SRR23329748.15646	1445	57.85	86.77	SRR23329748
SRR23329748.15647	1473	51.26	40.45	SRR23329748
SRR23329748.15648	1407	55.65	79.43	SRR23329748
SRR23329748.15649	1410	57.38	92.88	SRR23329748
SRR23329748.15650	1475	53.90	46.06	SRR23329748
SRR23329748.15651	1445	58.55	50.29	SRR23329748
SRR23329748.15652	1474	55.56	22.21	SRR23329748
SRR23329748.15653	1405	55.80	22.06	SRR23329748
SRR23329748.15654	1407	55.65	91.36	SRR23329748
SRR23329748.15655	1443	55.37	26.36	SRR23329748
SRR23329748.15656	1446	57.54	24.78	SRR23329748
SRR23329748.15657	1474	54.21	36.93	SRR23329748
SRR23329748.15658	1445	55.57	33.65	SRR23329748
SRR23329748.15659	1488	49.33	84.63	SRR23329748
SRR23329748.15660	1407	56.65	93.00	SRR23329748
SRR23329748.15661	1488	49.33	93.00	SRR23329748
SRR23329748.15662	1389	56.66	65.72	SRR23329748
SRR23329748.15663	1447	50.59	28.36	SRR23329748
SRR23329748.15664	1409	56.21	25.09	SRR23329748
SRR23329748.15665	1385	55.96	26.29	SRR23329748
SRR23329748.15666	1467	57.33	92.99	SRR23329748
SRR23329748.15667	1446	55.60	57.57	SRR23329748
SRR23329748.15668	1450	57.59	36.72	SRR23329748
SRR23329748.15669	1406	55.69	40.04	SRR23329748
SRR23329748.15670	1444	58.80	36.67	SRR23329748
SRR23329748.15671	1387	54.58	92.95	SRR23329748
SRR23329748.15672	1475	54.10	87.56	SRR23329748
SRR23329748.15673	1422	57.03	93.00	SRR23329748
SRR23329748.15674	1407	56.08	31.84	SRR23329748
SRR23329748.15675	1462	54.86	28.70	SRR23329748
SRR23329748.15676	1437	58.52	87.94	SRR23329748
SRR23329748.15677	1386	55.99	84.67	SRR23329748
SRR23329748.15678	1444	56.09	29.53	SRR23329748
SRR23329748.15679	1488	49.33	34.73	SRR23329748
SRR23329748.15680	1488	49.33	92.97	SRR23329748
SRR23329748.15681	1475	53.90	84.08	SRR23329748
SRR23329748.15682	1452	55.44	30.07	SRR23329748
SRR23329748.15683	1489	53.93	92.93	SRR23329748
SRR23329748.15684	1427	58.23	22.83	SRR23329748
SRR23329748.15685	1526	53.34	92.54	SRR23329748
SRR23329748.15686	1447	55.70	93.00	SRR23329748
SRR23329748.15687	1412	55.59	92.29	SRR23329748
SRR23329748.15688	1385	55.45	93.00	SRR23329748
SRR23329748.15689	1452	56.20	24.11	SRR23329748
SRR23329748.15690	1376	54.36	20.81	SRR23329748
SRR23329748.15691	1429	55.77	26.43	SRR23329748
SRR23329748.15692	1408	55.75	93.00	SRR23329748
SRR23329748.15693	1411	56.34	74.96	SRR23329748
SRR23329748.15694	1385	55.45	83.85	SRR23329748
SRR23329748.15695	1476	53.86	34.36	SRR23329748
SRR23329748.15696	1412	55.81	93.00	SRR23329748
SRR23329748.15697	1407	56.08	37.24	SRR23329748
SRR23329748.15699	1407	55.86	49.48	SRR23329748
SRR23329748.15700	1475	53.97	93.00	SRR23329748
SRR23329748.15701	1458	57.75	67.49	SRR23329748
SRR23329748.15702	1460	55.96	78.46	SRR23329748
SRR23329748.15703	1467	57.12	87.29	SRR23329748
SRR23329748.15704	1426	55.96	32.50	SRR23329748
SRR23329748.15705	1407	56.36	89.36	SRR23329748
SRR23329748.15706	1444	60.32	92.96	SRR23329748
SRR23329748.15707	1407	56.65	32.65	SRR23329748
SRR23329748.15709	1454	56.12	21.54	SRR23329748
SRR23329748.15710	1407	55.65	28.46	SRR23329748
SRR23329748.15711	1407	55.65	45.14	SRR23329748
SRR23329748.15712	1408	48.44	92.94	SRR23329748
SRR23329748.15713	1459	54.97	35.46	SRR23329748
SRR23329748.15715	1490	53.89	25.82	SRR23329748
SRR23329748.15716	1406	56.33	36.77	SRR23329748
SRR23329748.15718	1424	57.44	92.98	SRR23329748
SRR23329748.15719	1458	53.50	23.12	SRR23329748
SRR23329748.15720	1487	49.56	26.03	SRR23329748
SRR23329748.15721	1475	54.24	35.49	SRR23329748
SRR23329748.15722	1403	51.03	21.95	SRR23329748
SRR23329748.15724	1467	49.35	79.81	SRR23329748
SRR23329748.15725	1405	55.94	38.17	SRR23329748
SRR23329748.15726	1454	57.77	27.23	SRR23329748
SRR23329748.15727	1407	56.43	56.69	SRR23329748
SRR23329748.15728	1407	56.57	70.34	SRR23329748
SRR23329748.15730	1434	55.51	93.00	SRR23329748
SRR23329748.15731	1443	56.41	21.10	SRR23329748
SRR23329748.15732	1449	56.25	45.45	SRR23329748
SRR23329748.15733	1407	55.86	93.00	SRR23329748
SRR23329748.15735	1456	58.17	73.53	SRR23329748
SRR23329748.15736	1467	57.40	68.63	SRR23329748
SRR23329748.15737	1445	57.85	55.42	SRR23329748
SRR23329748.15738	1412	55.81	28.44	SRR23329748
SRR23329748.15739	1407	56.43	93.00	SRR23329748
SRR23329748.15740	1442	50.55	93.00	SRR23329748
SRR23329748.15741	1450	53.24	23.11	SRR23329748
SRR23329748.15742	1412	54.60	56.27	SRR23329748
SRR23329748.15743	1475	53.97	93.00	SRR23329748
SRR23329748.15744	1421	57.07	20.50	SRR23329748
SRR23329748.15745	1475	52.61	24.46	SRR23329748
SRR23329748.15746	1475	54.03	71.05	SRR23329748
SRR23329748.15747	1476	54.00	37.69	SRR23329748
SRR23329748.15748	1444	58.86	91.68	SRR23329748
SRR23329748.15749	1489	53.86	93.00	SRR23329748
SRR23329748.15750	1454	51.79	93.00	SRR23329748
SRR23329748.15751	1440	51.53	75.23	SRR23329748
SRR23329748.15752	1407	56.65	93.00	SRR23329748
SRR23329748.15753	1454	51.79	60.59	SRR23329748
SRR23329748.15754	1407	56.65	93.00	SRR23329748
SRR23329748.15755	1470	52.65	93.00	SRR23329748
SRR23329748.15756	1450	55.66	27.67	SRR23329748
SRR23329748.15757	1485	55.96	33.20	SRR23329748
SRR23329748.15758	1411	56.56	28.08	SRR23329748
SRR23329748.15759	1442	57.70	92.93	SRR23329748
SRR23329748.15760	1407	56.57	93.00	SRR23329748
SRR23329748.15761	1421	57.78	36.70	SRR23329748
SRR23329748.15762	1408	55.82	41.48	SRR23329748
SRR23329748.15763	1411	55.85	21.53	SRR23329748
SRR23329748.15764	1387	54.51	93.00	SRR23329748
SRR23329748.15765	1475	53.97	92.77	SRR23329748
SRR23329748.15766	1474	51.36	27.16	SRR23329748
SRR23329748.15768	1404	56.55	19.91	SRR23329748
SRR23329748.15769	1453	57.05	83.19	SRR23329748
SRR23329748.15770	1411	54.50	93.00	SRR23329748
SRR23329748.15771	1443	54.19	29.57	SRR23329748
SRR23329748.15772	1467	49.28	87.16	SRR23329748
SRR23329748.15773	1368	36.33	39.36	SRR23329748
SRR23329748.15774	1488	49.33	92.94	SRR23329748
SRR23329748.15775	1407	56.65	40.97	SRR23329748
SRR23329748.15776	1483	51.25	23.72	SRR23329748
SRR23329748.15777	1444	58.80	93.00	SRR23329748
SRR23329748.15778	1447	57.91	42.72	SRR23329748
SRR23329748.15779	1408	56.68	25.13	SRR23329748
SRR23329748.15780	1420	56.41	92.93	SRR23329748
SRR23329748.15781	1459	52.50	61.38	SRR23329748
SRR23329748.15782	1475	54.24	82.30	SRR23329748
SRR23329748.15784	1481	49.43	92.96	SRR23329748
SRR23329748.15785	1488	49.26	46.09	SRR23329748
SRR23329748.15786	1412	56.80	70.95	SRR23329748
SRR23329748.15787	1453	54.09	48.62	SRR23329748
SRR23329748.15788	1407	56.57	89.75	SRR23329748
SRR23329748.15789	1442	52.15	93.00	SRR23329748
SRR23329748.15790	1481	55.91	27.95	SRR23329748
SRR23329748.15791	1467	49.35	55.10	SRR23329748
SRR23329748.15792	1412	56.80	92.94	SRR23329748
SRR23329748.15793	1447	55.22	93.00	SRR23329748
SRR23329748.15794	1447	55.84	50.93	SRR23329748
SRR23329748.15795	1475	54.10	50.55	SRR23329748
SRR23329748.15796	1476	54.00	31.09	SRR23329748
SRR23329748.15797	1407	55.93	93.00	SRR23329748
SRR23329748.15798	1486	57.07	25.27	SRR23329748
SRR23329748.15799	1475	54.24	50.96	SRR23329748
SRR23329748.15800	1460	53.56	33.95	SRR23329748
SRR23329748.15801	1469	49.35	20.45	SRR23329748
SRR23329748.15802	1474	53.93	54.49	SRR23329748
SRR23329748.15803	1467	49.49	86.47	SRR23329748
SRR23329748.15804	1414	55.59	35.26	SRR23329748
SRR23329748.15805	1475	54.24	56.69	SRR23329748
SRR23329748.15806	1412	56.80	92.99	SRR23329748
SRR23329748.15807	1407	56.65	37.07	SRR23329748
SRR23329748.15808	1437	58.52	34.57	SRR23329748
SRR23329748.15809	1407	56.65	43.62	SRR23329748
SRR23329748.15810	1447	55.22	74.23	SRR23329748
SRR23329748.15811	1491	49.36	21.00	SRR23329748
SRR23329748.15812	1467	49.49	93.00	SRR23329748
SRR23329748.15814	1454	50.41	32.12	SRR23329748
SRR23329748.15815	1432	53.56	53.54	SRR23329748
SRR23329748.15816	1454	51.79	93.00	SRR23329748
SRR23329748.15817	1481	49.36	38.09	SRR23329748
SRR23329748.15818	1385	55.38	26.17	SRR23329748
SRR23329748.15819	1461	53.25	92.72	SRR23329748
SRR23329748.15820	1989	43.94	40.85	SRR23329748
SRR23329748.15821	1460	53.56	93.00	SRR23329748
SRR23329748.15822	1447	55.77	62.60	SRR23329748
SRR23329748.15823	1968	55.18	76.96	SRR23329748
SRR23329748.15824	1481	49.56	92.83	SRR23329748
SRR23329748.15826	1407	56.65	92.36	SRR23329748
SRR23329748.15827	1453	56.57	23.56	SRR23329748
SRR23329748.15828	1406	55.83	38.37	SRR23329748
SRR23329748.15829	1475	53.90	40.67	SRR23329748
SRR23329748.15830	1445	50.10	43.23	SRR23329748
SRR23329748.15831	1475	53.90	65.65	SRR23329748
SRR23329748.15832	1409	57.13	23.02	SRR23329748
SRR23329748.15833	1475	54.10	71.48	SRR23329748
SRR23329748.15834	1389	56.44	90.04	SRR23329748
SRR23329748.15836	1419	55.88	24.97	SRR23329748
SRR23329748.15837	1407	56.57	53.35	SRR23329748
SRR23329748.15838	1481	59.76	93.00	SRR23329748
SRR23329748.15839	1412	55.81	48.12	SRR23329748
SRR23329748.15840	1484	55.53	29.92	SRR23329748
SRR23329748.15841	1450	57.72	25.24	SRR23329748
SRR23329748.15842	1432	53.63	52.51	SRR23329748
SRR23329748.15843	1407	55.93	90.67	SRR23329748
SRR23329748.15844	1470	52.65	50.49	SRR23329748
SRR23329748.15845	1407	56.65	93.00	SRR23329748
SRR23329748.15846	1412	56.80	46.44	SRR23329748
SRR23329748.15847	1478	58.80	26.97	SRR23329748
SRR23329748.15848	1471	52.48	42.47	SRR23329748
SRR23329748.15849	1478	54.13	25.05	SRR23329748
SRR23329748.15850	1446	55.19	36.03	SRR23329748
SRR23329748.15851	1459	54.97	47.60	SRR23329748
SRR23329748.15852	1412	56.87	79.71	SRR23329748
SRR23329748.15853	1968	55.18	62.70	SRR23329748
SRR23329748.15854	1407	56.15	93.00	SRR23329748
SRR23329748.15855	1474	54.07	35.47	SRR23329748
SRR23329748.15856	1475	53.90	88.76	SRR23329748
SRR23329748.15857	1407	55.65	25.55	SRR23329748
SRR23329748.15858	1418	56.14	26.03	SRR23329748
SRR23329748.15859	1472	53.94	22.26	SRR23329748
SRR23329748.15860	1447	58.95	29.96	SRR23329748
SRR23329748.15862	1404	57.12	93.00	SRR23329748
SRR23329748.15864	1472	52.31	45.21	SRR23329748
SRR23329748.15865	1452	55.72	26.17	SRR23329748
SRR23329748.15866	1472	53.67	21.84	SRR23329748
SRR23329748.15867	1474	51.42	35.22	SRR23329748
SRR23329748.15868	1406	56.61	29.48	SRR23329748
SRR23329748.15869	1407	55.72	88.17	SRR23329748
SRR23329748.15870	1408	56.68	54.31	SRR23329748
SRR23329748.15871	1476	53.93	28.55	SRR23329748
SRR23329748.15872	1424	57.37	28.92	SRR23329748
SRR23329748.15873	1407	55.72	93.00	SRR23329748
SRR23329748.15874	1446	55.60	35.29	SRR23329748
SRR23329748.15875	1407	56.65	92.63	SRR23329748
SRR23329748.15876	1442	54.16	54.56	SRR23329748
SRR23329748.15877	1484	55.46	93.00	SRR23329748
SRR23329748.15878	1437	49.41	26.49	SRR23329748
SRR23329748.15880	1412	55.74	27.12	SRR23329748
SRR23329748.15882	1407	55.93	87.72	SRR23329748
SRR23329748.15883	1414	55.52	37.08	SRR23329748
SRR23329748.15884	1412	55.81	90.95	SRR23329748
SRR23329748.15885	1437	58.39	54.75	SRR23329748
SRR23329748.15886	1465	55.15	52.56	SRR23329748
SRR23329748.15887	1412	56.87	62.34	SRR23329748
SRR23329748.15888	1481	49.43	93.00	SRR23329748
SRR23329748.15889	1488	49.26	92.78	SRR23329748
SRR23329748.15890	1554	55.92	88.14	SRR23329748
SRR23329748.15891	1407	55.93	85.54	SRR23329748
SRR23329748.15893	1407	56.72	21.91	SRR23329748
SRR23329748.15894	1408	55.68	35.25	SRR23329748
SRR23329748.15895	1467	57.46	92.86	SRR23329748
SRR23329748.15896	1407	55.72	34.79	SRR23329748
SRR23329748.15897	1460	54.04	63.18	SRR23329748
SRR23329748.15898	1477	52.88	26.42	SRR23329748
SRR23329748.15899	1408	55.97	33.40	SRR23329748
SRR23329748.15901	1458	53.70	93.00	SRR23329748
SRR23329748.15902	1454	51.72	93.00	SRR23329748
SRR23329748.15903	1414	56.22	25.63	SRR23329748
SRR23329748.15904	1447	54.80	27.98	SRR23329748
SRR23329748.15905	1481	49.43	44.01	SRR23329748
SRR23329748.15907	1475	53.97	71.64	SRR23329748
SRR23329748.15908	1407	55.65	93.00	SRR23329748
SRR23329748.15909	1407	55.65	40.60	SRR23329748
SRR23329748.15910	1475	53.97	92.07	SRR23329748
SRR23329748.15911	1383	54.88	76.31	SRR23329748
SRR23329748.15913	1447	55.84	57.22	SRR23329748
SRR23329748.15914	1409	39.32	64.84	SRR23329748
SRR23329748.15915	1481	49.36	34.38	SRR23329748
SRR23329748.15916	1443	56.13	44.94	SRR23329748
SRR23329748.15917	1439	53.30	93.00	SRR23329748
SRR23329748.15918	1408	55.82	93.00	SRR23329748
SRR23329748.15919	1408	55.68	29.78	SRR23329748
SRR23329748.15920	1468	57.29	32.34	SRR23329748
SRR23329748.15921	1481	49.56	93.00	SRR23329748
SRR23329748.15922	1412	59.14	26.21	SRR23329748
SRR23329748.15923	1445	50.10	34.82	SRR23329748
SRR23329748.15924	1431	57.65	36.36	SRR23329748
SRR23329748.15925	1467	57.46	93.00	SRR23329748
SRR23329748.15926	1404	57.12	57.39	SRR23329748
SRR23329748.15928	1474	53.93	40.30	SRR23329748
SRR23329748.15929	1459	52.91	71.95	SRR23329748
SRR23329748.15930	1447	56.25	93.00	SRR23329748
SRR23329748.15932	1473	51.26	53.52	SRR23329748
SRR23329748.15933	1468	49.46	37.08	SRR23329748
SRR23329748.15935	1467	57.33	93.00	SRR23329748
SRR23329748.15936	1449	55.14	21.59	SRR23329748
SRR23329748.15937	1445	53.15	31.40	SRR23329748
SRR23329748.15938	1475	54.17	63.48	SRR23329748
SRR23329748.15939	1502	49.60	21.86	SRR23329748
SRR23329748.15940	1459	57.64	47.81	SRR23329748
SRR23329748.15941	1408	55.89	26.14	SRR23329748
SRR23329748.15942	1424	56.04	21.07	SRR23329748
SRR23329748.15943	1406	56.61	32.50	SRR23329748
SRR23329748.15944	1413	55.70	37.00	SRR23329748
SRR23329748.15945	1456	58.24	35.09	SRR23329748
SRR23329748.15946	1460	53.42	28.70	SRR23329748
SRR23329748.15947	1407	55.79	72.82	SRR23329748
SRR23329748.15948	1471	52.48	91.72	SRR23329748
SRR23329748.15949	1407	56.65	73.43	SRR23329748
SRR23329748.15950	1414	55.59	32.97	SRR23329748
SRR23329748.15951	1413	50.46	36.74	SRR23329748
SRR23329748.15952	1475	54.03	93.00	SRR23329748
SRR23329748.15953	1489	53.93	91.47	SRR23329748
SRR23329748.15955	1407	56.65	49.46	SRR23329748
SRR23329748.15956	1467	49.63	34.87	SRR23329748
SRR23329748.15957	1451	58.03	93.00	SRR23329748
SRR23329748.15958	1424	56.74	89.81	SRR23329748
SRR23329748.15959	1408	55.75	93.00	SRR23329748
SRR23329748.15960	1407	55.65	22.85	SRR23329748
SRR23329748.15961	1407	55.65	29.47	SRR23329748
SRR23329748.15962	1475	53.83	38.03	SRR23329748
SRR23329748.15963	1488	49.33	93.00	SRR23329748
SRR23329748.15964	1409	56.14	25.75	SRR23329748
SRR23329748.15965	1451	59.34	93.00	SRR23329748
SRR23329748.15966	1488	49.33	49.45	SRR23329748
SRR23329748.15967	1436	49.30	33.97	SRR23329748
SRR23329748.15968	1530	43.01	93.00	SRR23329748
SRR23329748.15969	1452	50.62	92.98	SRR23329748
SRR23329748.15970	1437	49.41	25.49	SRR23329748
SRR23329748.15972	1407	56.43	36.46	SRR23329748
SRR23329748.15973	1439	57.05	22.47	SRR23329748
SRR23329748.15974	1458	53.77	83.06	SRR23329748
SRR23329748.15975	1473	51.39	65.67	SRR23329748
SRR23329748.15976	1475	54.17	87.74	SRR23329748
SRR23329748.15977	1421	54.26	93.00	SRR23329748
SRR23329748.15978	1480	51.49	23.04	SRR23329748
SRR23329748.15979	1475	54.24	50.68	SRR23329748
SRR23329748.15980	1475	53.97	93.00	SRR23329748
SRR23329748.15981	1488	49.40	93.00	SRR23329748
SRR23329748.15982	1457	54.77	30.52	SRR23329748
SRR23329748.15983	1432	56.63	93.00	SRR23329748
SRR23329748.15984	1475	54.24	41.61	SRR23329748
SRR23329748.15985	1674	46.54	31.79	SRR23329748
SRR23329748.15986	1473	51.19	33.51	SRR23329748
SRR23329748.15987	1457	56.90	28.55	SRR23329748
SRR23329748.15988	1407	56.01	43.17	SRR23329748
SRR23329748.15989	1481	49.43	46.08	SRR23329748
SRR23329748.15991	1488	49.26	93.00	SRR23329748
SRR23329748.15992	1444	58.93	41.59	SRR23329748
SRR23329748.15993	1407	55.65	93.00	SRR23329748
SRR23329748.15994	1409	54.72	70.01	SRR23329748
SRR23329748.15995	1423	50.04	93.00	SRR23329748
SRR23329748.15996	1467	49.49	93.00	SRR23329748
SRR23329748.15997	1447	55.56	23.27	SRR23329748
SRR23329748.15998	1490	49.33	35.60	SRR23329748
SRR23329748.15999	1412	56.73	65.49	SRR23329748
SRR23329748.16000	1476	54.20	28.06	SRR23329748
SRR23329748.16001	1436	54.53	23.68	SRR23329748
SRR23329748.16002	1471	51.39	56.68	SRR23329748
SRR23329748.16003	1469	49.35	84.48	SRR23329748
SRR23329748.16004	1475	53.97	48.49	SRR23329748
SRR23329748.16005	1460	55.00	63.65	SRR23329748
SRR23329748.16006	1421	56.79	45.53	SRR23329748
SRR23329748.16007	1406	56.61	35.41	SRR23329748
SRR23329748.16008	1475	54.10	30.46	SRR23329748
SRR23329748.16009	1489	51.31	32.80	SRR23329748
SRR23329748.16010	1411	55.92	45.22	SRR23329748
SRR23329748.16011	1474	51.29	36.09	SRR23329748
SRR23329748.16013	1446	57.61	28.63	SRR23329748
SRR23329748.16014	1406	55.62	36.71	SRR23329748
SRR23329748.16015	1411	55.92	59.94	SRR23329748
SRR23329748.16016	1448	56.35	30.42	SRR23329748
SRR23329748.16018	1460	53.97	41.64	SRR23329748
SRR23329748.16019	1408	48.44	92.98	SRR23329748
SRR23329748.16020	1431	57.51	93.00	SRR23329748
SRR23329748.16021	1477	54.37	23.73	SRR23329748
SRR23329748.16022	1424	54.00	93.00	SRR23329748
SRR23329748.16023	1406	56.61	27.54	SRR23329748
SRR23329748.16024	1407	55.93	93.00	SRR23329748
SRR23329748.16025	1467	57.33	55.60	SRR23329748
SRR23329748.16026	1455	51.82	30.07	SRR23329748
SRR23329748.16027	1447	55.84	60.32	SRR23329748
SRR23329748.16028	1494	53.95	20.60	SRR23329748
SRR23329748.16029	1468	49.32	32.43	SRR23329748
SRR23329748.16031	1407	55.72	70.05	SRR23329748
SRR23329748.16032	1488	49.33	31.87	SRR23329748
SRR23329748.16033	1467	49.35	93.00	SRR23329748
SRR23329748.16034	1407	56.36	87.22	SRR23329748
SRR23329748.16035	1406	55.55	22.52	SRR23329748
SRR23329748.16036	1401	55.89	30.30	SRR23329748
SRR23329748.16037	1467	49.35	38.51	SRR23329748
SRR23329748.16038	1445	56.40	70.36	SRR23329748
SRR23329748.16039	1425	54.04	59.53	SRR23329748
SRR23329748.16040	1400	55.64	21.62	SRR23329748
SRR23329748.16041	1475	53.97	63.14	SRR23329748
SRR23329748.16042	1442	50.55	93.00	SRR23329748
SRR23329748.16043	1407	55.86	93.00	SRR23329748
SRR23329748.16044	1471	51.19	30.45	SRR23329748
SRR23329748.16045	1486	54.17	93.00	SRR23329748
SRR23329748.16046	1484	55.80	37.44	SRR23329748
SRR23329748.16047	1454	55.43	93.00	SRR23329748
SRR23329748.16048	1413	55.56	93.00	SRR23329748
SRR23329748.16049	1421	55.67	23.39	SRR23329748
SRR23329748.16050	1458	57.54	92.26	SRR23329748
SRR23329748.16051	1412	57.15	93.00	SRR23329748
SRR23329748.16052	1446	53.94	26.58	SRR23329748
SRR23329748.16053	1424	55.62	92.98	SRR23329748
SRR23329748.16054	1488	49.33	93.00	SRR23329748
SRR23329748.16055	1467	49.49	93.00	SRR23329748
SRR23329748.16056	1482	49.39	31.03	SRR23329748
SRR23329748.16057	1449	56.59	65.56	SRR23329748
SRR23329748.16058	1460	53.63	91.42	SRR23329748
SRR23329748.16059	1414	52.90	41.67	SRR23329748
SRR23329748.16060	1482	55.26	35.92	SRR23329748
SRR23329748.16061	1487	49.36	31.96	SRR23329748
SRR23329748.16062	1449	56.31	85.57	SRR23329748
SRR23329748.16063	1407	55.65	93.00	SRR23329748
SRR23329748.16064	1463	54.41	28.23	SRR23329748
SRR23329748.16065	1407	56.72	29.84	SRR23329748
SRR23329748.16066	1425	54.11	68.52	SRR23329748
SRR23329748.16067	1411	54.64	93.00	SRR23329748
SRR23329748.16068	1451	56.24	25.58	SRR23329748
SRR23329748.16069	1404	55.48	30.11	SRR23329748
SRR23329748.16070	1412	55.81	92.12	SRR23329748
SRR23329748.16071	1475	54.17	92.99	SRR23329748
SRR23329748.16072	1455	58.08	30.58	SRR23329748
SRR23329748.16073	1407	56.65	92.20	SRR23329748
SRR23329748.16074	1675	46.51	84.31	SRR23329748
SRR23329748.16075	1513	42.96	82.18	SRR23329748
SRR23329748.16076	1422	56.96	92.98	SRR23329748
SRR23329748.16077	1411	54.50	93.00	SRR23329748
SRR23329748.16078	1422	59.07	93.00	SRR23329748
SRR23329748.16079	1421	56.79	93.00	SRR23329748
SRR23329748.16080	1447	57.98	41.70	SRR23329748
SRR23329748.16081	1450	56.83	25.60	SRR23329748
SRR23329748.16082	1405	55.59	34.48	SRR23329748
SRR23329748.16083	1411	55.85	42.06	SRR23329748
SRR23329748.16084	1445	58.55	32.08	SRR23329748
SRR23329748.16085	1412	56.30	28.92	SRR23329748
SRR23329748.16086	1437	58.52	93.00	SRR23329748
SRR23329748.16087	1385	55.45	36.00	SRR23329748
SRR23329748.16088	1403	55.95	93.00	SRR23329748
SRR23329748.16089	1968	55.23	38.21	SRR23329748
SRR23329748.16090	1477	51.18	25.10	SRR23329748
SRR23329748.16091	1407	55.86	93.00	SRR23329748
SRR23329748.16092	1437	56.92	92.90	SRR23329748
SRR23329748.16093	1464	53.07	88.28	SRR23329748
SRR23329748.16094	1460	52.53	93.00	SRR23329748
SRR23329748.16095	1407	55.93	89.84	SRR23329748
SRR23329748.16096	1415	55.55	25.10	SRR23329748
SRR23329748.16097	1407	55.65	85.71	SRR23329748
SRR23329748.16098	1407	55.86	92.70	SRR23329748
SRR23329748.16099	1431	57.65	58.60	SRR23329748
SRR23329748.16100	1554	55.98	93.00	SRR23329748
SRR23329748.16101	1407	56.65	30.30	SRR23329748
SRR23329748.16102	1447	58.74	92.82	SRR23329748
SRR23329748.16103	1454	51.79	64.32	SRR23329748
SRR23329748.16105	1446	55.46	83.81	SRR23329748
SRR23329748.16106	1481	59.62	93.00	SRR23329748
SRR23329748.16107	1473	51.26	93.00	SRR23329748
SRR23329748.16109	1487	49.29	49.00	SRR23329748
SRR23329748.16110	1436	56.82	93.00	SRR23329748
SRR23329748.16111	1409	55.86	27.00	SRR23329748
SRR23329748.16113	1444	56.37	32.91	SRR23329748
SRR23329748.16114	1477	52.88	93.00	SRR23329748
SRR23329748.16115	1442	62.14	29.54	SRR23329748
SRR23329748.16118	1407	55.79	83.10	SRR23329748
SRR23329748.16119	1474	51.42	69.47	SRR23329748
SRR23329748.16120	1447	56.32	35.04	SRR23329748
SRR23329748.16121	1484	55.32	92.98	SRR23329748
SRR23329748.16123	1476	59.21	23.21	SRR23329748
SRR23329748.16124	1524	53.35	26.56	SRR23329748
SRR23329748.16125	1415	55.90	20.72	SRR23329748
SRR23329748.16126	1389	55.15	68.62	SRR23329748
SRR23329748.16127	1450	55.10	28.91	SRR23329748
SRR23329748.16128	1407	55.65	31.90	SRR23329748
SRR23329748.16129	1467	49.35	46.69	SRR23329748
SRR23329748.16130	1466	57.44	57.58	SRR23329748
SRR23329748.16131	1412	56.80	93.00	SRR23329748
SRR23329748.16132	1407	56.01	93.00	SRR23329748
SRR23329748.16133	1445	56.40	41.00	SRR23329748
SRR23329748.16134	1407	56.65	45.70	SRR23329748
SRR23329748.16135	1471	52.41	48.61	SRR23329748
SRR23329748.16136	1454	51.79	93.00	SRR23329748
SRR23329748.16137	1444	53.12	72.48	SRR23329748
SRR23329748.16138	1389	56.59	66.24	SRR23329748
SRR23329748.16139	1478	51.96	80.35	SRR23329748
SRR23329748.16140	1441	57.32	31.73	SRR23329748
SRR23329748.16141	1420	58.24	89.75	SRR23329748
SRR23329748.16142	1445	55.85	21.19	SRR23329748
SRR23329748.16143	1448	57.73	27.02	SRR23329748
SRR23329748.16144	1475	54.24	93.00	SRR23329748
SRR23329748.16145	1407	55.65	83.63	SRR23329748
SRR23329748.16146	1481	49.36	57.69	SRR23329748
SRR23329748.16147	1473	51.32	85.08	SRR23329748
SRR23329748.16148	1385	55.67	48.49	SRR23329748
SRR23329748.16149	1447	54.94	92.70	SRR23329748
SRR23329748.16150	1441	52.39	72.53	SRR23329748
SRR23329748.16151	1410	56.17	34.77	SRR23329748
SRR23329748.16152	1407	55.93	61.58	SRR23329748
SRR23329748.16153	1475	54.17	60.42	SRR23329748
SRR23329748.16154	1467	57.33	36.66	SRR23329748
SRR23329748.16155	1471	52.69	39.37	SRR23329748
SRR23329748.16156	1408	55.75	58.84	SRR23329748
SRR23329748.16158	1449	57.69	51.61	SRR23329748
SRR23329748.16159	1396	45.63	92.92	SRR23329748
SRR23329748.16160	1407	55.72	36.54	SRR23329748
SRR23329748.16161	1445	57.92	60.33	SRR23329748
SRR23329748.16162	1489	49.36	36.10	SRR23329748
SRR23329748.16163	1407	56.15	93.00	SRR23329748
SRR23329748.16164	1475	54.03	92.56	SRR23329748
SRR23329748.16165	1411	54.50	93.00	SRR23329748
SRR23329748.16166	1474	54.21	37.12	SRR23329748
SRR23329748.16167	1386	55.99	46.52	SRR23329748
SRR23329748.16168	1475	54.17	61.56	SRR23329748
SRR23329748.16169	1413	55.91	45.50	SRR23329748
SRR23329748.16170	1475	54.44	26.93	SRR23329748
SRR23329748.16171	1406	55.90	31.37	SRR23329748
SRR23329748.16172	1405	56.09	37.38	SRR23329748
SRR23329748.16173	1478	54.06	21.69	SRR23329748
SRR23329748.16174	1475	54.24	31.03	SRR23329748
SRR23329748.16175	1382	55.93	25.28	SRR23329748
SRR23329748.16176	1441	52.12	33.15	SRR23329748
SRR23329748.16177	1446	56.85	93.00	SRR23329748
SRR23329748.16178	1462	57.66	21.17	SRR23329748
SRR23329748.16179	1454	51.79	92.99	SRR23329748
SRR23329748.16180	1447	55.22	93.00	SRR23329748
SRR23329748.16181	1486	53.30	92.77	SRR23329748
SRR23329748.16182	1412	55.59	58.08	SRR23329748
SRR23329748.16183	1412	55.88	87.18	SRR23329748
SRR23329748.16185	1419	56.38	32.08	SRR23329748
SRR23329748.16186	1488	49.33	59.33	SRR23329748
SRR23329748.16189	1406	55.90	35.71	SRR23329748
SRR23329748.16190	1476	54.47	30.45	SRR23329748
SRR23329748.16191	1445	58.27	92.97	SRR23329748
SRR23329748.16192	1408	55.68	26.08	SRR23329748
SRR23329748.16193	1484	55.53	93.00	SRR23329748
SRR23329748.16194	1488	54.37	63.68	SRR23329748
SRR23329748.16195	1414	56.79	25.95	SRR23329748
SRR23329748.16196	1412	56.80	44.71	SRR23329748
SRR23329748.16197	1474	53.87	35.40	SRR23329748
SRR23329748.16198	1438	49.30	24.58	SRR23329748
SRR23329748.16199	1442	58.53	33.01	SRR23329748
SRR23329748.16200	1444	58.93	93.00	SRR23329748
SRR23329748.16201	1446	55.60	76.34	SRR23329748
SRR23329748.16202	1452	53.24	25.87	SRR23329748
SRR23329748.16203	1407	56.65	86.21	SRR23329748
SRR23329748.16204	1474	51.22	33.46	SRR23329748
SRR23329748.16205	1439	53.44	30.79	SRR23329748
SRR23329748.16206	1489	53.93	54.73	SRR23329748
SRR23329748.16208	1485	53.74	27.51	SRR23329748
SRR23329748.16209	1488	49.33	93.00	SRR23329748
SRR23329748.16210	1422	56.82	23.62	SRR23329748
SRR23329748.16211	1500	50.33	22.33	SRR23329748
SRR23329748.16212	1445	57.16	92.97	SRR23329748
SRR23329748.16213	1493	51.11	23.04	SRR23329748
SRR23329748.16214	1481	49.43	93.00	SRR23329748
SRR23329748.16215	1383	55.82	92.62	SRR23329748
SRR23329748.16216	1437	56.92	50.10	SRR23329748
SRR23329748.16217	1467	56.17	24.59	SRR23329748
SRR23329748.16218	1389	56.37	93.00	SRR23329748
SRR23329748.16219	1460	55.96	93.00	SRR23329748
SRR23329748.16220	1500	49.40	21.51	SRR23329748
SRR23329748.16221	1470	52.72	93.00	SRR23329748
SRR23329748.16222	1463	56.12	74.04	SRR23329748
SRR23329748.16223	1401	44.04	43.12	SRR23329748
SRR23329748.16224	1489	54.40	48.98	SRR23329748
SRR23329748.16225	1488	49.33	92.98	SRR23329748
SRR23329748.16226	1471	55.61	41.69	SRR23329748
SRR23329748.16227	1447	55.63	34.81	SRR23329748
SRR23329748.16228	1453	50.38	26.54	SRR23329748
SRR23329748.16229	1411	51.81	52.32	SRR23329748
SRR23329748.16231	1411	54.43	51.36	SRR23329748
SRR23329748.16232	1388	55.62	38.36	SRR23329748
SRR23329748.16233	1408	55.82	45.92	SRR23329748
SRR23329748.16234	1407	55.86	61.44	SRR23329748
SRR23329748.16235	1456	58.93	50.63	SRR23329748
SRR23329748.16236	1429	56.68	20.87	SRR23329748
SRR23329748.16237	1407	56.43	51.48	SRR23329748
SRR23329748.16238	1393	54.56	23.17	SRR23329748
SRR23329748.16239	1409	59.19	92.74	SRR23329748
SRR23329748.16240	1467	49.28	29.41	SRR23329748
SRR23329748.16241	1383	54.88	46.20	SRR23329748
SRR23329748.16242	1451	56.93	21.20	SRR23329748
SRR23329748.16243	1407	56.65	93.00	SRR23329748
SRR23329748.16244	1474	53.87	29.96	SRR23329748
SRR23329748.16245	1451	55.34	21.65	SRR23329748
SRR23329748.16246	1399	56.18	21.92	SRR23329748
SRR23329748.16247	1398	55.51	24.29	SRR23329748
SRR23329748.16248	1405	56.37	31.94	SRR23329748
SRR23329748.16249	1447	55.56	35.48	SRR23329748
SRR23329748.16250	1466	52.32	28.78	SRR23329748
SRR23329748.16251	1426	56.03	29.40	SRR23329748
SRR23329748.16252	1488	49.33	34.04	SRR23329748
SRR23329748.16253	1433	59.25	38.14	SRR23329748
SRR23329748.16254	1489	49.29	34.62	SRR23329748
SRR23329748.16255	1489	53.93	91.74	SRR23329748
SRR23329748.16256	1446	55.60	38.55	SRR23329748
SRR23329748.16257	1473	51.19	63.14	SRR23329748
SRR23329748.16258	1454	51.65	93.00	SRR23329748
SRR23329748.16259	1383	55.17	46.99	SRR23329748
SRR23329748.16260	1449	56.52	93.00	SRR23329748
SRR23329748.16261	1412	56.80	84.73	SRR23329748
SRR23329748.16262	1479	48.34	31.31	SRR23329748
SRR23329748.16263	1383	54.88	92.95	SRR23329748
SRR23329748.16264	1427	56.13	92.71	SRR23329748
SRR23329748.16266	1446	50.07	29.96	SRR23329748
SRR23329748.16267	1399	54.97	46.44	SRR23329748
SRR23329748.16268	1423	50.25	52.47	SRR23329748
SRR23329748.16269	1407	56.65	87.07	SRR23329748
SRR23329748.16270	1477	54.30	29.99	SRR23329748
SRR23329748.16271	1436	56.75	63.29	SRR23329748
SRR23329748.16272	1446	58.51	47.49	SRR23329748
SRR23329748.16273	1470	52.65	88.24	SRR23329748
SRR23329748.16274	1454	51.79	53.72	SRR23329748
SRR23329748.16275	1448	55.73	28.17	SRR23329748
SRR23329748.16276	1407	55.44	93.00	SRR23329748
SRR23329748.16277	1475	51.32	31.88	SRR23329748
SRR23329748.16278	1475	54.17	91.73	SRR23329748
SRR23329748.16279	1407	56.01	93.00	SRR23329748
SRR23329748.16280	1475	53.97	89.63	SRR23329748
SRR23329748.16281	1488	49.46	24.55	SRR23329748
SRR23329748.16282	1407	55.72	26.45	SRR23329748
SRR23329748.16283	1488	49.33	93.00	SRR23329748
SRR23329748.16284	1407	56.65	83.33	SRR23329748
SRR23329748.16285	1407	55.65	88.84	SRR23329748
SRR23329748.16286	1383	54.88	70.36	SRR23329748
SRR23329748.16287	1445	57.85	93.00	SRR23329748
SRR23329748.16288	1407	56.65	88.55	SRR23329748
SRR23329748.16289	1415	54.06	76.30	SRR23329748
SRR23329748.16291	1473	51.39	85.71	SRR23329748
SRR23329748.16292	1407	56.65	37.92	SRR23329748
SRR23329748.16293	1466	57.37	34.76	SRR23329748
SRR23329748.16294	1411	51.81	93.00	SRR23329748
SRR23329748.16295	1443	56.96	22.73	SRR23329748
SRR23329748.16296	1459	52.84	87.41	SRR23329748
SRR23329748.16297	1391	54.42	30.36	SRR23329748
SRR23329748.16298	1488	49.33	66.24	SRR23329748
SRR23329748.16299	1437	58.52	73.68	SRR23329748
SRR23329748.16300	1470	49.52	38.94	SRR23329748
SRR23329748.16301	1475	54.03	78.78	SRR23329748
SRR23329748.16302	1467	49.49	40.83	SRR23329748
SRR23329748.16303	1488	49.33	66.26	SRR23329748
SRR23329748.16304	1414	52.90	44.51	SRR23329748
SRR23329748.16305	1473	53.90	32.05	SRR23329748
SRR23329748.16307	1475	53.97	50.23	SRR23329748
SRR23329748.16310	1403	56.02	41.39	SRR23329748
SRR23329748.16312	1423	50.18	79.34	SRR23329748
SRR23329748.16314	1444	56.09	32.24	SRR23329748
SRR23329748.16315	1478	48.31	51.47	SRR23329748
SRR23329748.16316	1392	58.84	31.14	SRR23329748
SRR23329748.16318	1403	56.02	88.20	SRR23329748
SRR23329748.16319	1412	55.74	89.92	SRR23329748
SRR23329748.16320	1477	49.29	26.02	SRR23329748
SRR23329748.16321	1444	58.03	53.93	SRR23329748
SRR23329748.16322	1407	56.08	55.31	SRR23329748
SRR23329748.16323	1467	57.40	83.42	SRR23329748
SRR23329748.16324	1475	53.97	29.55	SRR23329748
SRR23329748.16325	1841	47.09	35.18	SRR23329748
SRR23329748.16326	1404	55.70	28.53	SRR23329748
SRR23329748.16327	1473	54.18	26.04	SRR23329748
SRR23329748.16328	1444	56.79	93.00	SRR23329748
SRR23329748.16329	1470	52.65	43.20	SRR23329748
SRR23329748.16330	1475	53.97	69.67	SRR23329748
SRR23329748.16331	1412	55.59	93.00	SRR23329748
SRR23329748.16332	1428	56.37	78.73	SRR23329748
SRR23329748.16333	1446	55.60	92.99	SRR23329748
SRR23329748.16334	1527	53.44	26.90	SRR23329748
SRR23329748.16335	1465	54.88	21.35	SRR23329748
SRR23329748.16336	1461	54.89	23.33	SRR23329748
SRR23329748.16337	1486	49.26	37.14	SRR23329748
SRR23329748.16338	1467	49.35	93.00	SRR23329748
SRR23329748.16339	1473	51.26	93.00	SRR23329748
SRR23329748.16341	1425	55.72	65.52	SRR23329748
SRR23329748.16342	1473	51.26	93.00	SRR23329748
SRR23329748.16343	1459	54.97	23.46	SRR23329748
SRR23329748.16344	1526	53.34	47.81	SRR23329748
SRR23329748.16345	1475	51.19	33.62	SRR23329748
SRR23329748.16346	1444	50.76	30.29	SRR23329748
SRR23329748.16347	1443	57.80	33.87	SRR23329748
SRR23329748.16349	1408	55.61	38.08	SRR23329748
SRR23329748.16350	1453	55.47	92.82	SRR23329748
SRR23329748.16351	1413	56.83	33.44	SRR23329748
SRR23329748.16352	1467	49.56	92.82	SRR23329748
SRR23329748.16353	1423	50.25	77.39	SRR23329748
SRR23329748.16354	1478	48.31	93.00	SRR23329748
SRR23329748.16355	1476	54.34	29.68	SRR23329748
SRR23329748.16356	1475	53.90	93.00	SRR23329748
SRR23329748.16357	1413	50.53	70.81	SRR23329748
SRR23329748.16358	1473	51.26	33.40	SRR23329748
SRR23329748.16360	1488	49.33	73.98	SRR23329748
SRR23329748.16361	1437	58.52	93.00	SRR23329748
SRR23329748.16362	1516	50.86	51.79	SRR23329748
SRR23329748.16363	1412	56.73	93.00	SRR23329748
SRR23329748.16364	1458	54.53	43.64	SRR23329748
SRR23329748.16365	1446	55.60	74.71	SRR23329748
SRR23329748.16366	1407	56.43	40.72	SRR23329748
SRR23329748.16367	1473	51.12	70.61	SRR23329748
SRR23329748.16368	1441	58.50	29.56	SRR23329748
SRR23329748.16369	1444	58.93	61.32	SRR23329748
SRR23329748.16370	1445	56.89	93.00	SRR23329748
SRR23329748.16371	1475	53.97	52.68	SRR23329748
SRR23329748.16372	1407	56.01	60.26	SRR23329748
SRR23329748.16373	1387	54.58	93.00	SRR23329748
SRR23329748.16374	1484	57.14	69.39	SRR23329748
SRR23329748.16375	1445	57.85	91.45	SRR23329748
SRR23329748.16376	1447	58.88	27.40	SRR23329748
SRR23329748.16377	1481	49.43	73.36	SRR23329748
SRR23329748.16378	1439	50.94	37.53	SRR23329748
SRR23329748.16379	1407	56.57	38.45	SRR23329748
SRR23329748.16380	1403	56.02	88.05	SRR23329748
SRR23329748.16381	1407	55.93	93.00	SRR23329748
SRR23329748.16382	1407	55.93	86.53	SRR23329748
SRR23329748.16383	1475	54.24	41.69	SRR23329748
SRR23329748.16385	1454	51.72	47.89	SRR23329748
SRR23329748.16387	1403	56.09	93.00	SRR23329748
SRR23329748.16388	1412	56.80	88.56	SRR23329748
SRR23329748.16389	1444	58.52	37.56	SRR23329748
SRR23329748.16390	1424	53.16	59.49	SRR23329748
SRR23329748.16391	1377	54.25	93.00	SRR23329748
SRR23329748.16392	1486	54.31	49.72	SRR23329748
SRR23329748.16393	1488	49.33	33.75	SRR23329748
SRR23329748.16394	1407	56.08	35.41	SRR23329748
SRR23329748.16395	2008	53.88	64.70	SRR23329748
SRR23329748.16396	1467	49.49	52.47	SRR23329748
SRR23329748.16397	1467	49.63	93.00	SRR23329748
SRR23329748.16398	1411	54.64	84.40	SRR23329748
SRR23329748.16400	1466	49.32	36.48	SRR23329748
SRR23329748.16401	1486	54.44	93.00	SRR23329748
SRR23329748.16402	1489	49.36	35.73	SRR23329748
SRR23329748.16403	1386	55.99	93.00	SRR23329748
SRR23329748.16404	1412	56.80	91.68	SRR23329748
SRR23329748.16405	1407	56.08	93.00	SRR23329748
SRR23329748.16406	1482	49.46	84.11	SRR23329748
SRR23329748.16407	1496	61.70	21.80	SRR23329748
SRR23329748.16408	1488	49.33	93.00	SRR23329748
SRR23329748.16409	1459	52.84	82.66	SRR23329748
SRR23329748.16410	1472	54.08	24.91	SRR23329748
SRR23329748.16411	1425	54.60	20.66	SRR23329748
SRR23329748.16413	1467	49.35	93.00	SRR23329748
SRR23329748.16414	1383	54.88	68.39	SRR23329748
SRR23329748.16415	1477	53.96	29.27	SRR23329748
SRR23329748.16417	1405	55.59	23.69	SRR23329748
SRR23329748.16418	1407	55.93	47.48	SRR23329748
SRR23329748.16419	1473	51.26	37.56	SRR23329748
SRR23329748.16420	1387	54.58	43.13	SRR23329748
SRR23329748.16421	1409	55.64	21.49	SRR23329748
SRR23329748.16422	1444	56.37	70.57	SRR23329748
SRR23329748.16423	1446	56.43	40.64	SRR23329748
SRR23329748.16424	1407	55.72	87.94	SRR23329748
SRR23329748.16425	1399	56.47	23.37	SRR23329748
SRR23329748.16426	1402	55.92	27.05	SRR23329748
SRR23329748.16427	1407	56.57	43.15	SRR23329748
SRR23329748.16428	1418	56.56	21.77	SRR23329748
SRR23329748.16430	1385	55.60	35.41	SRR23329748
SRR23329748.16431	1475	53.83	93.00	SRR23329748
SRR23329748.16432	1478	49.53	21.49	SRR23329748
SRR23329748.16433	1385	55.45	24.18	SRR23329748
SRR23329748.16434	1483	59.61	22.83	SRR23329748
SRR23329748.16436	1454	58.32	23.25	SRR23329748
SRR23329748.16437	1410	55.74	21.61	SRR23329748
SRR23329748.16438	1406	56.61	31.81	SRR23329748
SRR23329748.16439	1403	56.02	86.40	SRR23329748
SRR23329748.16440	1475	54.17	52.69	SRR23329748
SRR23329748.16441	1473	51.26	53.13	SRR23329748
SRR23329748.16442	1454	51.79	39.73	SRR23329748
SRR23329748.16443	1451	58.03	29.45	SRR23329748
SRR23329748.16444	1412	56.80	93.00	SRR23329748
SRR23329748.16445	1403	52.53	30.98	SRR23329748
SRR23329748.16446	1383	54.81	32.91	SRR23329748
SRR23329748.16447	1412	55.95	69.74	SRR23329748
SRR23329748.16448	1387	54.58	62.97	SRR23329748
SRR23329748.16449	1439	56.50	27.26	SRR23329748
SRR23329748.16450	1407	55.93	65.34	SRR23329748
SRR23329748.16452	1473	55.53	33.29	SRR23329748
SRR23329748.16453	1444	56.37	93.00	SRR23329748
SRR23329748.16454	1407	56.43	87.54	SRR23329748
SRR23329748.16455	1481	54.15	22.19	SRR23329748
SRR23329748.16456	1475	53.97	92.71	SRR23329748
SRR23329748.16457	1402	50.36	37.46	SRR23329748
SRR23329748.16458	1459	52.78	93.00	SRR23329748
SRR23329748.16459	1435	58.47	30.83	SRR23329748
SRR23329748.16460	1488	49.33	92.27	SRR23329748
SRR23329748.16461	1411	56.34	33.35	SRR23329748
SRR23329748.16462	1408	56.68	40.50	SRR23329748
SRR23329748.16463	1411	55.56	93.00	SRR23329748
SRR23329748.16464	1410	55.46	30.59	SRR23329748
SRR23329748.16465	1411	55.63	93.00	SRR23329748
SRR23329748.16466	1412	56.73	92.98	SRR23329748
SRR23329748.16467	1488	49.33	85.81	SRR23329748
SRR23329748.16468	1460	56.16	57.63	SRR23329748
SRR23329748.16469	1467	49.49	93.00	SRR23329748
SRR23329748.16470	1412	55.67	24.75	SRR23329748
SRR23329748.16471	1442	58.60	93.00	SRR23329748
SRR23329748.16472	1467	49.49	42.14	SRR23329748
SRR23329748.16473	1453	54.09	92.51	SRR23329748
SRR23329748.16474	1488	49.33	92.99	SRR23329748
SRR23329748.16475	1475	53.90	44.64	SRR23329748
SRR23329748.16477	1492	49.33	24.52	SRR23329748
SRR23329748.16478	1407	55.15	39.36	SRR23329748
SRR23329748.16479	1421	56.72	92.85	SRR23329748
SRR23329748.16480	1407	56.08	62.47	SRR23329748
SRR23329748.16481	1488	49.33	36.66	SRR23329748
SRR23329748.16482	1407	56.01	92.62	SRR23329748
SRR23329748.16484	1467	49.35	70.89	SRR23329748
SRR23329748.16485	1458	53.70	93.00	SRR23329748
SRR23329748.16486	1481	49.43	40.67	SRR23329748
SRR23329748.16487	1411	55.85	21.63	SRR23329748
SRR23329748.16488	1459	53.80	35.87	SRR23329748
SRR23329748.16489	1412	56.80	39.90	SRR23329748
SRR23329748.16490	1403	56.59	20.30	SRR23329748
SRR23329748.16491	1407	56.72	80.25	SRR23329748
SRR23329748.16492	1471	59.28	37.57	SRR23329748
SRR23329748.16493	1408	56.11	93.00	SRR23329748
SRR23329748.16494	1470	52.65	90.29	SRR23329748
SRR23329748.16495	1439	50.94	42.70	SRR23329748
SRR23329748.16496	1415	56.11	25.00	SRR23329748
SRR23329748.16497	1454	56.46	62.27	SRR23329748
SRR23329748.16499	1407	56.65	34.26	SRR23329748
SRR23329748.16500	1474	53.87	37.94	SRR23329748
SRR23329748.16501	1407	55.72	74.98	SRR23329748
SRR23329748.16502	1407	55.93	66.60	SRR23329748
SRR23329748.16503	1440	57.22	31.59	SRR23329748
SRR23329748.16504	1410	53.40	36.86	SRR23329748
SRR23329748.16505	1396	52.29	75.45	SRR23329748
SRR23329748.16506	1453	57.05	43.62	SRR23329748
SRR23329748.16507	1473	51.12	92.43	SRR23329748
SRR23329748.16508	1443	58.21	32.20	SRR23329748
SRR23329748.16509	1454	51.86	89.06	SRR23329748
SRR23329748.16510	1407	56.65	61.11	SRR23329748
SRR23329748.16511	1424	57.51	93.00	SRR23329748
SRR23329748.16512	1489	49.36	27.93	SRR23329748
SRR23329748.16513	1431	53.18	30.39	SRR23329748
SRR23329748.16514	1467	57.33	93.00	SRR23329748
SRR23329748.16515	1407	55.65	55.48	SRR23329748
SRR23329748.16516	1407	56.08	40.42	SRR23329748
SRR23329748.16517	1410	54.40	31.18	SRR23329748
SRR23329748.16518	1411	54.50	93.00	SRR23329748
SRR23329748.16519	1479	57.54	93.00	SRR23329748
SRR23329748.16520	1407	56.01	93.00	SRR23329748
SRR23329748.16521	1411	55.92	75.39	SRR23329748
SRR23329748.16522	1437	56.99	93.00	SRR23329748
SRR23329748.16523	1407	56.43	93.00	SRR23329748
SRR23329748.16524	1475	51.32	32.02	SRR23329748
SRR23329748.16525	1407	56.01	59.47	SRR23329748
SRR23329748.16526	1449	57.76	70.49	SRR23329748
SRR23329748.16527	1475	53.97	65.69	SRR23329748
SRR23329748.16529	1467	49.49	93.00	SRR23329748
SRR23329748.16530	1472	52.51	35.97	SRR23329748
SRR23329748.16531	1456	51.79	30.77	SRR23329748
SRR23329748.16532	1389	56.59	91.91	SRR23329748
SRR23329748.16533	1411	56.34	40.38	SRR23329748
SRR23329748.16534	1480	55.41	23.94	SRR23329748
SRR23329748.16535	1441	52.39	93.00	SRR23329748
SRR23329748.16536	1412	56.80	93.00	SRR23329748
SRR23329748.16537	1410	55.96	35.19	SRR23329748
SRR23329748.16538	1408	55.89	26.97	SRR23329748
SRR23329748.16539	1414	47.81	41.21	SRR23329748
SRR23329748.16540	1455	55.33	20.31	SRR23329748
SRR23329748.16541	1484	55.59	93.00	SRR23329748
SRR23329748.16542	1407	56.50	93.00	SRR23329748
SRR23329748.16543	1411	55.56	35.63	SRR23329748
SRR23329748.16544	1415	56.75	23.63	SRR23329748
SRR23329748.16546	1397	52.25	90.65	SRR23329748
SRR23329748.16548	1446	55.60	61.54	SRR23329748
SRR23329748.16549	1445	57.58	28.63	SRR23329748
SRR23329748.16550	1411	54.64	93.00	SRR23329748
SRR23329748.16551	1475	53.90	92.97	SRR23329748
SRR23329748.16553	1436	58.50	29.06	SRR23329748
SRR23329748.16554	1475	53.97	36.42	SRR23329748
SRR23329748.16555	1459	52.84	92.91	SRR23329748
SRR23329748.16556	1413	55.48	48.22	SRR23329748
SRR23329748.16557	1407	55.86	93.00	SRR23329748
SRR23329748.16558	1488	49.33	93.00	SRR23329748
SRR23329748.16559	1437	58.46	81.25	SRR23329748
SRR23329748.16560	1414	56.79	37.60	SRR23329748
SRR23329748.16561	1453	55.68	84.89	SRR23329748
SRR23329748.16562	1389	56.59	37.02	SRR23329748
SRR23329748.16563	1438	57.37	32.68	SRR23329748
SRR23329748.16564	1389	56.52	66.77	SRR23329748
SRR23329748.16565	1485	55.69	93.00	SRR23329748
SRR23329748.16566	1454	55.98	24.78	SRR23329748
SRR23329748.16567	1419	55.67	34.04	SRR23329748
SRR23329748.16568	1446	55.60	92.27	SRR23329748
SRR23329748.16569	1405	56.44	31.26	SRR23329748
SRR23329748.16570	1478	54.33	25.23	SRR23329748
SRR23329748.16571	1432	53.63	57.56	SRR23329748
SRR23329748.16572	1475	55.53	56.69	SRR23329748
SRR23329748.16573	1412	55.74	93.00	SRR23329748
SRR23329748.16574	1471	49.63	28.69	SRR23329748
SRR23329748.16575	1489	49.29	41.68	SRR23329748
SRR23329748.16576	1408	55.75	90.86	SRR23329748
SRR23329748.16577	1477	52.00	35.69	SRR23329748
SRR23329748.16578	1488	49.33	63.90	SRR23329748
SRR23329748.16579	1420	55.70	22.91	SRR23329748
SRR23329748.16580	1383	54.88	93.00	SRR23329748
SRR23329748.16581	1436	57.66	93.00	SRR23329748
SRR23329748.16582	1408	50.99	93.00	SRR23329748
SRR23329748.16583	1453	56.64	25.83	SRR23329748
SRR23329748.16584	1383	54.88	93.00	SRR23329748
SRR23329748.16585	1446	56.36	92.93	SRR23329748
SRR23329748.16587	1482	56.95	22.05	SRR23329748
SRR23329748.16588	1436	57.80	81.17	SRR23329748
SRR23329748.16589	1445	57.85	93.00	SRR23329748
SRR23329748.16590	1408	55.82	93.00	SRR23329748
SRR23329748.16591	1453	57.05	48.30	SRR23329748
SRR23329748.16592	1489	49.29	30.78	SRR23329748
SRR23329748.16593	1447	56.67	58.60	SRR23329748
SRR23329748.16594	1411	55.99	36.36	SRR23329748
SRR23329748.16595	1458	58.23	60.63	SRR23329748
SRR23329748.16596	1467	49.42	44.77	SRR23329748
SRR23329748.16597	1411	55.63	27.34	SRR23329748
SRR23329748.16599	1407	56.08	81.18	SRR23329748
SRR23329748.16600	1387	56.02	35.02	SRR23329748
SRR23329748.16601	1450	57.79	21.59	SRR23329748
SRR23329748.16602	1407	56.57	45.71	SRR23329748
SRR23329748.16603	1454	50.48	93.00	SRR23329748
SRR23329748.16604	1385	55.45	73.84	SRR23329748
SRR23329748.16606	1424	55.97	28.95	SRR23329748
SRR23329748.16607	1410	55.60	28.39	SRR23329748
SRR23329748.16608	1475	54.10	82.70	SRR23329748
SRR23329748.16610	1442	57.35	93.00	SRR23329748
SRR23329748.16611	1407	56.65	93.00	SRR23329748
SRR23329748.16612	1388	55.62	59.05	SRR23329748
SRR23329748.16613	1446	56.02	61.45	SRR23329748
SRR23329748.16615	1475	53.97	93.00	SRR23329748
SRR23329748.16616	1422	55.41	24.11	SRR23329748
SRR23329748.16617	1475	53.90	70.32	SRR23329748
SRR23329748.16618	1407	55.58	84.67	SRR23329748
SRR23329748.16619	1447	55.91	42.61	SRR23329748
SRR23329748.16620	1411	55.92	53.73	SRR23329748
SRR23329748.16621	1473	51.19	91.59	SRR23329748
SRR23329748.16622	1467	49.28	38.31	SRR23329748
SRR23329748.16623	1420	57.39	29.89	SRR23329748
SRR23329748.16624	1448	57.60	29.61	SRR23329748
SRR23329748.16625	1446	55.60	76.88	SRR23329748
SRR23329748.16626	1412	56.73	37.60	SRR23329748
SRR23329748.16627	1488	49.26	81.04	SRR23329748
SRR23329748.16628	1407	55.93	89.69	SRR23329748
SRR23329748.16629	1480	52.50	23.33	SRR23329748
SRR23329748.16630	1470	53.88	28.42	SRR23329748
SRR23329748.16632	1446	50.83	93.00	SRR23329748
SRR23329748.16633	1432	53.63	40.41	SRR23329748
SRR23329748.16635	1410	59.15	30.47	SRR23329748
SRR23329748.16637	1454	51.79	35.79	SRR23329748
SRR23329748.16638	1484	55.46	76.56	SRR23329748
SRR23329748.16639	1421	53.06	61.52	SRR23329748
SRR23329748.16640	1475	54.17	92.89	SRR23329748
SRR23329748.16641	1488	49.40	29.31	SRR23329748
SRR23329748.16642	1408	55.75	27.45	SRR23329748
SRR23329748.16643	1460	53.56	92.15	SRR23329748
SRR23329748.16644	1467	49.35	92.99	SRR23329748
SRR23329748.16645	1475	54.10	68.47	SRR23329748
SRR23329748.16646	1473	51.32	61.54	SRR23329748
SRR23329748.16647	1409	56.64	21.30	SRR23329748
SRR23329748.16648	1471	51.26	29.35	SRR23329748
SRR23329748.16649	1437	58.52	58.02	SRR23329748
SRR23329748.16650	1407	56.65	93.00	SRR23329748
SRR23329748.16651	1403	55.60	27.63	SRR23329748
SRR23329748.16652	1428	54.06	28.21	SRR23329748
SRR23329748.16653	1459	52.57	61.13	SRR23329748
SRR23329748.16654	1434	55.51	50.26	SRR23329748
SRR23329748.16655	1408	55.82	46.97	SRR23329748
SRR23329748.16657	1407	55.93	93.00	SRR23329748
SRR23329748.16658	1458	58.09	92.97	SRR23329748
SRR23329748.16659	1467	49.35	93.00	SRR23329748
SRR23329748.16660	1475	53.97	42.66	SRR23329748
SRR23329748.16661	1481	49.36	93.00	SRR23329748
SRR23329748.16662	2039	57.53	21.87	SRR23329748
SRR23329748.16663	1554	52.45	24.80	SRR23329748
SRR23329748.16664	1469	49.42	32.59	SRR23329748
SRR23329748.16665	1451	50.38	54.72	SRR23329748
SRR23329748.16666	1412	55.59	48.79	SRR23329748
SRR23329748.16667	1446	55.60	93.00	SRR23329748
SRR23329748.16668	1452	56.96	31.36	SRR23329748
SRR23329748.16669	1439	59.56	33.57	SRR23329748
SRR23329748.16670	1488	49.33	36.24	SRR23329748
SRR23329748.16672	1447	55.77	45.62	SRR23329748
SRR23329748.16673	1407	55.93	22.18	SRR23329748
SRR23329748.16674	1483	54.69	34.63	SRR23329748
SRR23329748.16675	1447	56.67	62.60	SRR23329748
SRR23329748.16676	1474	51.36	40.89	SRR23329748
SRR23329748.16677	1407	56.65	92.43	SRR23329748
SRR23329748.16678	1404	57.12	93.00	SRR23329748
SRR23329748.16679	1406	55.19	87.89	SRR23329748
SRR23329748.16680	1472	55.10	86.55	SRR23329748
SRR23329748.16681	1488	54.03	25.73	SRR23329748
SRR23329748.16683	1407	56.01	83.02	SRR23329748
SRR23329748.16684	1462	53.08	24.76	SRR23329748
SRR23329748.16685	1403	56.02	93.00	SRR23329748
SRR23329748.16686	1488	49.33	93.00	SRR23329748
SRR23329748.16687	1424	56.81	38.20	SRR23329748
SRR23329748.16688	1411	54.43	92.82	SRR23329748
SRR23329748.16689	1475	53.97	52.65	SRR23329748
SRR23329748.16690	1465	56.18	30.45	SRR23329748
SRR23329748.16691	1445	56.33	86.33	SRR23329748
SRR23329748.16692	1408	55.75	92.81	SRR23329748
SRR23329748.16693	1449	56.52	93.00	SRR23329748
SRR23329748.16694	1407	56.65	54.46	SRR23329748
SRR23329748.16695	1438	59.74	92.44	SRR23329748
SRR23329748.16696	1446	56.36	34.54	SRR23329748
SRR23329748.16697	1474	54.07	57.55	SRR23329748
SRR23329748.16698	1406	56.12	44.00	SRR23329748
SRR23329748.16699	1487	49.29	35.15	SRR23329748
SRR23329748.16700	1445	57.85	84.67	SRR23329748
SRR23329748.16701	1484	55.93	53.71	SRR23329748
SRR23329748.16702	1435	58.47	28.19	SRR23329748
SRR23329748.16703	1407	56.65	92.60	SRR23329748
SRR23329748.16704	1458	51.03	92.93	SRR23329748
SRR23329748.16705	1407	56.08	93.00	SRR23329748
SRR23329748.16706	1460	56.10	40.47	SRR23329748
SRR23329748.16707	1413	53.57	21.31	SRR23329748
SRR23329748.16708	1447	56.46	36.52	SRR23329748
SRR23329748.16709	1412	56.80	93.00	SRR23329748
SRR23329748.16711	1470	52.65	42.05	SRR23329748
SRR23329748.16712	1436	49.37	37.22	SRR23329748
SRR23329748.16713	1444	58.86	93.00	SRR23329748
SRR23329748.16714	1407	56.08	93.00	SRR23329748
SRR23329748.16715	1412	57.15	93.00	SRR23329748
SRR23329748.16716	1470	58.30	28.37	SRR23329748
SRR23329748.16717	1481	49.49	93.00	SRR23329748
SRR23329748.16718	1475	53.90	51.24	SRR23329748
SRR23329748.16719	1407	55.72	42.42	SRR23329748
SRR23329748.16720	1441	57.32	93.00	SRR23329748
SRR23329748.16721	1466	57.50	24.65	SRR23329748
SRR23329748.16722	1407	55.86	72.43	SRR23329748
SRR23329748.16725	1475	54.10	31.37	SRR23329748
SRR23329748.16727	1459	54.01	90.78	SRR23329748
SRR23329748.16728	1433	55.48	30.01	SRR23329748
SRR23329748.16729	1414	59.26	27.42	SRR23329748
SRR23329748.16730	1408	48.44	93.00	SRR23329748
SRR23329748.16731	1475	53.97	87.28	SRR23329748
SRR23329748.16732	1401	44.04	93.00	SRR23329748
SRR23329748.16733	1487	55.35	31.57	SRR23329748
SRR23329748.16734	1473	51.26	68.38	SRR23329748
SRR23329748.16735	1475	54.17	92.29	SRR23329748
SRR23329748.16736	1473	51.46	53.14	SRR23329748
SRR23329748.16737	1458	53.70	93.00	SRR23329748
SRR23329748.16738	1445	57.92	93.00	SRR23329748
SRR23329748.16739	1475	54.24	62.84	SRR23329748
SRR23329748.16740	1403	55.52	21.51	SRR23329748
SRR23329748.16742	1412	55.81	93.00	SRR23329748
SRR23329748.16743	1448	55.66	26.42	SRR23329748
SRR23329748.16744	1410	57.30	93.00	SRR23329748
SRR23329748.16745	1472	51.29	22.31	SRR23329748
SRR23329748.16746	1408	50.99	80.96	SRR23329748
SRR23329748.16747	1449	59.08	26.11	SRR23329748
SRR23329748.16749	1459	56.89	21.34	SRR23329748
SRR23329748.16750	1453	57.05	49.94	SRR23329748
SRR23329748.16752	1465	49.42	24.09	SRR23329748
SRR23329748.16753	1486	54.17	93.00	SRR23329748
SRR23329748.16754	1389	56.59	47.43	SRR23329748
SRR23329748.16756	1407	55.65	59.62	SRR23329748
SRR23329748.16757	1440	52.36	35.77	SRR23329748
SRR23329748.16758	1475	53.97	69.67	SRR23329748
SRR23329748.16759	1470	52.65	93.00	SRR23329748
SRR23329748.16760	1470	52.72	57.67	SRR23329748
SRR23329748.16761	1493	49.43	21.32	SRR23329748
SRR23329748.16762	1414	53.04	93.00	SRR23329748
SRR23329748.16763	1467	49.35	92.45	SRR23329748
SRR23329748.16764	1484	55.46	93.00	SRR23329748
SRR23329748.16765	1482	44.06	66.72	SRR23329748
SRR23329748.16766	1407	55.65	66.46	SRR23329748
SRR23329748.16767	1474	53.87	54.69	SRR23329748
SRR23329748.16768	1407	56.65	39.46	SRR23329748
SRR23329748.16769	1445	53.15	37.94	SRR23329748
SRR23329748.16770	1475	54.24	90.15	SRR23329748
SRR23329748.16771	1460	52.60	38.51	SRR23329748
SRR23329748.16772	1409	55.78	32.09	SRR23329748
SRR23329748.16773	1403	56.02	61.62	SRR23329748
SRR23329748.16774	1407	55.65	93.00	SRR23329748
SRR23329748.16775	1458	56.04	33.29	SRR23329748
SRR23329748.16776	1475	53.90	79.49	SRR23329748
SRR23329748.16777	1458	56.93	81.10	SRR23329748
SRR23329748.16778	1449	51.76	21.51	SRR23329748
SRR23329748.16779	1467	49.42	57.75	SRR23329748
SRR23329748.16780	1436	49.44	35.57	SRR23329748
SRR23329748.16782	1474	53.87	32.16	SRR23329748
SRR23329748.16784	1411	55.92	93.00	SRR23329748
SRR23329748.16785	1481	49.43	46.70	SRR23329748
SRR23329748.16786	1451	57.55	30.50	SRR23329748
SRR23329748.16787	1488	49.33	93.00	SRR23329748
SRR23329748.16788	1410	56.17	33.13	SRR23329748
SRR23329748.16789	1477	53.96	33.52	SRR23329748
SRR23329748.16790	1460	53.97	33.06	SRR23329748
SRR23329748.16791	1400	50.50	23.24	SRR23329748
SRR23329748.16792	1453	55.47	93.00	SRR23329748
SRR23329748.16793	1404	55.84	34.05	SRR23329748
SRR23329748.16795	1475	51.39	92.91	SRR23329748
SRR23329748.16796	1412	55.81	73.44	SRR23329748
SRR23329748.16797	1443	50.52	40.05	SRR23329748
SRR23329748.16798	1411	54.50	45.18	SRR23329748
SRR23329748.16799	1427	45.20	35.97	SRR23329748
SRR23329748.16800	1475	53.97	92.54	SRR23329748
SRR23329748.16802	1475	54.24	93.00	SRR23329748
SRR23329748.16803	1409	39.32	69.84	SRR23329748
SRR23329748.16804	1407	56.01	93.00	SRR23329748
SRR23329748.16805	1447	55.63	47.31	SRR23329748
SRR23329748.16806	1449	56.52	56.57	SRR23329748
SRR23329748.16807	1415	53.07	31.00	SRR23329748
SRR23329748.16808	1467	49.35	93.00	SRR23329748
SRR23329748.16809	1454	51.72	93.00	SRR23329748
SRR23329748.16810	1407	56.08	41.60	SRR23329748
SRR23329748.16811	1408	55.75	87.38	SRR23329748
SRR23329748.16812	1475	53.90	72.56	SRR23329748
SRR23329748.16813	1419	55.67	43.57	SRR23329748
SRR23329748.16814	1475	53.97	51.76	SRR23329748
SRR23329748.16815	1421	56.79	92.99	SRR23329748
SRR23329748.16816	1484	55.05	80.54	SRR23329748
SRR23329748.16817	1407	56.57	52.04	SRR23329748
SRR23329748.16818	1488	49.33	93.00	SRR23329748
SRR23329748.16819	1447	55.29	75.13	SRR23329748
SRR23329748.16820	1483	49.43	21.58	SRR23329748
SRR23329748.16821	1411	55.63	79.30	SRR23329748
SRR23329748.16822	1487	49.29	35.04	SRR23329748
SRR23329748.16823	1455	51.68	21.86	SRR23329748
SRR23329748.16824	1486	54.31	93.00	SRR23329748
SRR23329748.16825	1447	55.22	35.22	SRR23329748
SRR23329748.16826	1453	55.47	59.94	SRR23329748
SRR23329748.16828	1477	52.81	21.77	SRR23329748
SRR23329748.16829	1489	49.29	89.70	SRR23329748
SRR23329748.16830	1470	51.09	25.89	SRR23329748
SRR23329748.16831	1456	58.17	92.63	SRR23329748
SRR23329748.16832	1423	53.13	67.51	SRR23329748
SRR23329748.16833	1411	55.99	22.45	SRR23329748
SRR23329748.16834	1481	49.43	92.97	SRR23329748
SRR23329748.16835	1447	55.43	93.00	SRR23329748
SRR23329748.16836	1446	57.88	34.99	SRR23329748
SRR23329748.16837	1383	55.82	93.00	SRR23329748
SRR23329748.16838	1437	58.52	34.02	SRR23329748
SRR23329748.16840	1433	59.18	45.72	SRR23329748
SRR23329748.16841	1457	53.40	28.36	SRR23329748
SRR23329748.16842	1525	53.38	36.57	SRR23329748
SRR23329748.16843	1467	49.35	91.86	SRR23329748
SRR23329748.16844	1426	55.54	31.02	SRR23329748
SRR23329748.16845	1407	55.65	28.21	SRR23329748
SRR23329748.16846	1475	53.97	93.00	SRR23329748
SRR23329748.16847	1403	55.81	24.26	SRR23329748
SRR23329748.16848	1469	57.45	24.78	SRR23329748
SRR23329748.16849	1476	54.13	21.89	SRR23329748
SRR23329748.16850	1415	56.04	24.28	SRR23329748
SRR23329748.16851	1453	55.82	92.98	SRR23329748
SRR23329748.16852	1407	55.65	64.87	SRR23329748
SRR23329748.16853	1431	57.51	93.00	SRR23329748
SRR23329748.16854	1488	49.33	79.97	SRR23329748
SRR23329748.16855	1475	53.90	54.61	SRR23329748
SRR23329748.16856	1445	57.51	93.00	SRR23329748
SRR23329748.16857	1527	53.37	28.87	SRR23329748
SRR23329748.16858	1407	56.08	36.06	SRR23329748
SRR23329748.16859	1411	55.85	93.00	SRR23329748
SRR23329748.16860	1441	57.32	73.53	SRR23329748
SRR23329748.16861	1409	56.56	34.96	SRR23329748
SRR23329748.16862	1476	54.27	34.69	SRR23329748
SRR23329748.16863	1458	53.70	53.91	SRR23329748
SRR23329748.16864	1387	54.58	80.15	SRR23329748
SRR23329748.16865	1400	56.50	21.99	SRR23329748
SRR23329748.16866	1474	53.87	35.66	SRR23329748
SRR23329748.16867	1459	53.53	26.09	SRR23329748
SRR23329748.16868	1400	56.50	28.18	SRR23329748
SRR23329748.16869	1445	57.72	30.38	SRR23329748
SRR23329748.16870	1408	56.46	37.88	SRR23329748
SRR23329748.16871	1467	49.49	92.86	SRR23329748
SRR23329748.16872	1445	57.85	29.99	SRR23329748
SRR23329748.16873	1481	59.76	92.39	SRR23329748
SRR23329748.16875	1445	53.15	93.00	SRR23329748
SRR23329748.16877	1409	55.64	29.72	SRR23329748
SRR23329748.16878	1437	58.52	93.00	SRR23329748
SRR23329748.16879	1479	52.81	29.96	SRR23329748
SRR23329748.16880	1484	55.53	93.00	SRR23329748
SRR23329748.16881	1475	53.90	53.27	SRR23329748
SRR23329748.16882	1444	56.23	61.59	SRR23329748
SRR23329748.16883	1412	56.80	46.47	SRR23329748
SRR23329748.16884	1449	56.25	64.63	SRR23329748
SRR23329748.16885	1488	49.33	33.98	SRR23329748
SRR23329748.16886	1406	56.26	93.00	SRR23329748
SRR23329748.16887	1488	49.33	35.67	SRR23329748
SRR23329748.16888	1412	55.59	45.39	SRR23329748
SRR23329748.16889	1445	57.85	92.84	SRR23329748
SRR23329748.16890	1419	55.67	50.52	SRR23329748
SRR23329748.16891	1490	49.40	33.00	SRR23329748
SRR23329748.16893	1451	50.45	26.68	SRR23329748
SRR23329748.16894	1408	55.75	81.19	SRR23329748
SRR23329748.16895	1442	50.62	93.00	SRR23329748
SRR23329748.16896	1407	55.93	79.98	SRR23329748
SRR23329748.16897	1447	56.95	29.07	SRR23329748
SRR23329748.16898	1488	49.33	41.39	SRR23329748
SRR23329748.16899	1489	53.86	93.00	SRR23329748
SRR23329748.16901	1421	54.12	33.44	SRR23329748
SRR23329748.16902	1459	57.64	62.64	SRR23329748
SRR23329748.16903	1404	56.62	93.00	SRR23329748
SRR23329748.16904	1406	55.19	91.56	SRR23329748
SRR23329748.16906	1440	53.12	36.95	SRR23329748
SRR23329748.16907	1405	48.40	82.11	SRR23329748
SRR23329748.16908	1438	56.47	92.98	SRR23329748
SRR23329748.16909	1423	49.33	93.00	SRR23329748
SRR23329748.16910	1407	56.57	42.46	SRR23329748
SRR23329748.16911	1475	53.90	60.39	SRR23329748
SRR23329748.16912	1458	57.27	42.29	SRR23329748
SRR23329748.16913	1389	56.52	93.00	SRR23329748
SRR23329748.16914	1416	56.78	24.26	SRR23329748
SRR23329748.16915	1383	55.82	67.40	SRR23329748
SRR23329748.16917	1387	54.58	93.00	SRR23329748
SRR23329748.16919	1414	53.04	44.48	SRR23329748
SRR23329748.16921	1505	49.63	22.83	SRR23329748
SRR23329748.16922	1458	53.70	65.31	SRR23329748
SRR23329748.16923	1452	50.34	30.58	SRR23329748
SRR23329748.16926	1413	55.48	93.00	SRR23329748
SRR23329748.16928	1407	56.57	37.24	SRR23329748
SRR23329748.16929	1478	48.31	92.72	SRR23329748
SRR23329748.16931	1475	53.90	93.00	SRR23329748
SRR23329748.16932	1421	56.93	28.42	SRR23329748
SRR23329748.16933	1416	56.92	27.16	SRR23329748
SRR23329748.16934	1450	50.48	28.05	SRR23329748
SRR23329748.16935	1419	55.67	74.03	SRR23329748
SRR23329748.16936	1411	55.92	53.37	SRR23329748
SRR23329748.16937	1437	58.52	93.00	SRR23329748
SRR23329748.16938	1407	55.86	93.00	SRR23329748
SRR23329748.16939	1406	56.61	43.69	SRR23329748
SRR23329748.16940	1475	53.76	26.27	SRR23329748
SRR23329748.16942	1411	54.50	93.00	SRR23329748
SRR23329748.16943	1407	52.67	55.40	SRR23329748
SRR23329748.16944	1406	56.33	28.82	SRR23329748
SRR23329748.16945	1401	44.04	93.00	SRR23329748
SRR23329748.16946	1411	55.00	89.70	SRR23329748
SRR23329748.16948	1460	54.38	30.40	SRR23329748
SRR23329748.16949	1409	58.98	50.45	SRR23329748
SRR23329748.16950	1411	55.63	55.49	SRR23329748
SRR23329748.16951	1485	55.42	25.88	SRR23329748
SRR23329748.16952	1447	55.63	93.00	SRR23329748
SRR23329748.16953	1474	53.93	41.57	SRR23329748
SRR23329748.16954	1421	56.72	93.00	SRR23329748
SRR23329748.16955	1407	55.65	93.00	SRR23329748
SRR23329748.16956	1408	55.75	67.18	SRR23329748
SRR23329748.16957	1432	53.63	42.61	SRR23329748
SRR23329748.16958	1411	56.77	33.21	SRR23329748
SRR23329748.16959	1421	53.06	35.49	SRR23329748
SRR23329748.16960	1406	55.90	36.28	SRR23329748
SRR23329748.16962	1407	55.65	92.99	SRR23329748
SRR23329748.16963	1450	54.76	25.76	SRR23329748
SRR23329748.16964	1446	58.85	63.43	SRR23329748
SRR23329748.16965	1441	57.25	93.00	SRR23329748
SRR23329748.16966	1407	56.65	86.38	SRR23329748
SRR23329748.16967	1384	56.07	26.08	SRR23329748
SRR23329748.16968	1475	53.97	37.68	SRR23329748
SRR23329748.16969	1413	55.48	42.71	SRR23329748
SRR23329748.16970	1411	56.84	41.47	SRR23329748
SRR23329748.16971	1488	49.33	90.35	SRR23329748
SRR23329748.16972	1410	55.67	33.94	SRR23329748
SRR23329748.16974	1452	55.99	38.05	SRR23329748
SRR23329748.16975	1407	55.72	34.47	SRR23329748
SRR23329748.16976	1423	45.12	23.91	SRR23329748
SRR23329748.16978	1447	55.01	92.95	SRR23329748
SRR23329748.16979	1472	51.36	34.24	SRR23329748
SRR23329748.16980	1437	58.52	92.10	SRR23329748
SRR23329748.16981	1200	54.75	38.91	SRR23329748
SRR23329748.16982	1477	49.36	24.88	SRR23329748
SRR23329748.16983	1411	51.81	93.00	SRR23329748
SRR23329748.16984	1477	53.83	32.99	SRR23329748
SRR23329748.16985	1467	49.28	38.66	SRR23329748
SRR23329748.16986	1407	55.65	93.00	SRR23329748
SRR23329748.16987	1449	57.69	35.21	SRR23329748
SRR23329748.16988	1411	54.50	93.00	SRR23329748
SRR23329748.16989	1475	54.17	50.71	SRR23329748
SRR23329748.16991	1410	55.96	49.07	SRR23329748
SRR23329748.16992	1473	53.97	27.57	SRR23329748
SRR23329748.16993	1409	53.44	30.88	SRR23329748
SRR23329748.16994	1407	56.01	93.00	SRR23329748
SRR23329748.16995	1437	57.97	23.48	SRR23329748
SRR23329748.16996	1453	55.47	43.98	SRR23329748
SRR23329748.16997	1437	58.52	50.84	SRR23329748
SRR23329748.16998	1473	53.97	25.60	SRR23329748
SRR23329748.16999	1454	53.78	69.58	SRR23329748
SRR23329748.17000	1413	55.48	70.78	SRR23329748
SRR23329748.17001	1407	56.57	61.47	SRR23329748
SRR23329748.17002	1488	49.40	93.00	SRR23329748
SRR23329748.17003	1484	55.39	33.49	SRR23329748
SRR23329748.17004	1407	55.65	92.98	SRR23329748
SRR23329748.17005	1467	49.35	65.35	SRR23329748
SRR23329748.17006	1488	49.33	78.99	SRR23329748
SRR23329748.17007	1472	53.94	26.20	SRR23329748
SRR23329748.17008	1453	51.75	31.37	SRR23329748
SRR23329748.17009	1475	54.24	45.75	SRR23329748
SRR23329748.17011	1467	49.49	93.00	SRR23329748
SRR23329748.17012	1458	57.54	32.01	SRR23329748
SRR23329748.17013	1408	55.61	37.46	SRR23329748
SRR23329748.17014	1451	59.41	48.22	SRR23329748
SRR23329748.17015	1478	53.79	93.00	SRR23329748
SRR23329748.17016	1412	55.81	93.00	SRR23329748
SRR23329748.17017	1407	56.08	36.89	SRR23329748
SRR23329748.17018	1451	57.75	20.89	SRR23329748
SRR23329748.17019	1444	56.79	93.00	SRR23329748
SRR23329748.17020	1466	57.44	31.81	SRR23329748
SRR23329748.17022	1478	54.26	32.18	SRR23329748
SRR23329748.17023	1383	55.75	66.80	SRR23329748
SRR23329748.17024	1405	55.87	35.38	SRR23329748
SRR23329748.17025	1445	57.85	93.00	SRR23329748
SRR23329748.17026	1407	56.01	28.66	SRR23329748
SRR23329748.17027	1454	51.79	93.00	SRR23329748
SRR23329748.17028	1422	56.61	27.17	SRR23329748
SRR23329748.17029	1435	58.61	26.24	SRR23329748
SRR23329748.17030	1475	53.90	69.67	SRR23329748
SRR23329748.17031	1423	49.96	43.53	SRR23329748
SRR23329748.17032	1417	39.24	20.22	SRR23329748
SRR23329748.17033	3006	42.38	43.17	SRR23329748
SRR23329748.17034	1488	53.90	25.93	SRR23329748
SRR23329748.17035	1447	59.50	21.07	SRR23329748
SRR23329748.17036	1387	54.58	93.00	SRR23329748
SRR23329748.17037	1488	49.33	93.00	SRR23329748
SRR23329748.17038	1407	55.65	81.66	SRR23329748
SRR23329748.17039	1486	49.33	66.10	SRR23329748
SRR23329748.17040	1480	51.96	27.88	SRR23329748
SRR23329748.17041	1422	56.96	93.00	SRR23329748
SRR23329748.17042	1412	56.73	23.84	SRR23329748
SRR23329748.17043	1554	55.92	71.27	SRR23329748
SRR23329748.17044	1452	55.37	32.06	SRR23329748
SRR23329748.17045	1406	55.83	21.84	SRR23329748
SRR23329748.17046	1468	54.22	23.57	SRR23329748
SRR23329748.17047	1405	56.58	30.10	SRR23329748
SRR23329748.17048	1387	56.02	91.03	SRR23329748
SRR23329748.17049	1484	56.94	49.78	SRR23329748
SRR23329748.17051	1408	48.65	36.22	SRR23329748
SRR23329748.17052	1477	48.34	57.34	SRR23329748
SRR23329748.17053	1411	56.70	24.41	SRR23329748
SRR23329748.17054	1409	59.12	93.00	SRR23329748
SRR23329748.17055	1411	56.63	26.36	SRR23329748
SRR23329748.17056	1411	54.50	78.34	SRR23329748
SRR23329748.17057	1483	49.29	25.60	SRR23329748
SRR23329748.17058	1440	59.31	28.67	SRR23329748
SRR23329748.17059	1473	51.32	93.00	SRR23329748
SRR23329748.17060	1447	56.05	90.81	SRR23329748
SRR23329748.17061	1407	55.58	93.00	SRR23329748
SRR23329748.17062	1425	56.14	61.71	SRR23329748
SRR23329748.17063	1475	53.97	93.00	SRR23329748
SRR23329748.17064	1467	49.35	92.55	SRR23329748
SRR23329748.17065	1435	56.31	23.88	SRR23329748
SRR23329748.17066	1461	52.70	93.00	SRR23329748
SRR23329748.17067	1475	54.31	92.82	SRR23329748
SRR23329748.17068	1470	52.65	93.00	SRR23329748
SRR23329748.17069	1379	54.75	28.54	SRR23329748
SRR23329748.17070	1475	53.90	92.91	SRR23329748
SRR23329748.17071	1407	55.93	34.24	SRR23329748
SRR23329748.17072	1475	53.97	40.04	SRR23329748
SRR23329748.17073	1413	56.69	21.82	SRR23329748
SRR23329748.17074	1444	58.80	34.93	SRR23329748
SRR23329748.17075	1475	53.83	93.00	SRR23329748
SRR23329748.17076	1408	55.82	93.00	SRR23329748
SRR23329748.17077	1714	46.97	93.00	SRR23329748
SRR23329748.17078	1407	55.93	83.86	SRR23329748
SRR23329748.17079	1460	53.49	34.24	SRR23329748
SRR23329748.17080	1412	56.80	54.04	SRR23329748
SRR23329748.17081	1474	54.07	33.83	SRR23329748
SRR23329748.17082	1475	53.90	37.74	SRR23329748
SRR23329748.17083	1414	52.90	91.92	SRR23329748
SRR23329748.17084	1475	54.03	59.47	SRR23329748
SRR23329748.17085	1407	55.86	60.05	SRR23329748
SRR23329748.17086	1388	55.55	91.65	SRR23329748
SRR23329748.17087	1475	54.31	49.44	SRR23329748
SRR23329748.17088	1411	54.50	93.00	SRR23329748
SRR23329748.17089	1444	56.37	92.96	SRR23329748
SRR23329748.17090	1453	61.67	23.44	SRR23329748
SRR23329748.17091	1475	53.90	63.68	SRR23329748
SRR23329748.17092	1439	53.44	92.93	SRR23329748
SRR23329748.17093	1487	53.93	42.18	SRR23329748
SRR23329748.17094	1459	52.84	93.00	SRR23329748
SRR23329748.17095	1435	49.34	28.42	SRR23329748
SRR23329748.17096	1488	49.33	92.30	SRR23329748
SRR23329748.17097	1408	56.68	33.86	SRR23329748
SRR23329748.17098	1411	55.63	50.48	SRR23329748
SRR23329748.17099	1407	55.65	93.00	SRR23329748
SRR23329748.17101	1467	49.35	92.93	SRR23329748
SRR23329748.17102	1473	51.26	88.51	SRR23329748
SRR23329748.17103	1478	52.91	48.91	SRR23329748
SRR23329748.17104	1448	57.94	53.58	SRR23329748
SRR23329748.17105	1407	56.29	53.36	SRR23329748
SRR23329748.17106	1406	55.90	41.31	SRR23329748
SRR23329748.17107	1407	55.79	28.99	SRR23329748
SRR23329748.17108	1470	54.01	26.94	SRR23329748
SRR23329748.17109	1385	56.46	93.00	SRR23329748
SRR23329748.17110	1412	55.74	93.00	SRR23329748
SRR23329748.17111	1413	55.56	52.17	SRR23329748
SRR23329748.17112	1437	56.92	90.24	SRR23329748
SRR23329748.17113	1406	56.19	29.35	SRR23329748
SRR23329748.17114	1474	53.87	40.39	SRR23329748
SRR23329748.17115	1473	51.32	22.70	SRR23329748
SRR23329748.17116	1408	56.61	25.35	SRR23329748
SRR23329748.17117	1475	54.17	33.49	SRR23329748
SRR23329748.17118	1437	56.85	93.00	SRR23329748
SRR23329748.17120	1446	58.78	41.53	SRR23329748
SRR23329748.17121	1388	54.39	34.40	SRR23329748
SRR23329748.17122	1408	55.97	28.46	SRR23329748
SRR23329748.17123	1446	57.88	42.26	SRR23329748
SRR23329748.17124	1470	56.26	32.02	SRR23329748
SRR23329748.17125	1442	50.55	71.65	SRR23329748
SRR23329748.17126	1407	56.65	93.00	SRR23329748
SRR23329748.17127	1445	58.96	93.00	SRR23329748
SRR23329748.17128	1461	57.56	30.81	SRR23329748
SRR23329748.17129	1407	55.86	93.00	SRR23329748
SRR23329748.17130	1407	55.58	92.99	SRR23329748
SRR23329748.17131	1407	55.08	85.38	SRR23329748
SRR23329748.17132	1481	49.43	93.00	SRR23329748
SRR23329748.17133	1445	57.85	37.16	SRR23329748
SRR23329748.17134	1443	57.80	28.29	SRR23329748
SRR23329748.17135	1414	56.36	21.10	SRR23329748
SRR23329748.17136	1453	54.92	48.62	SRR23329748
SRR23329748.17137	1484	55.46	80.69	SRR23329748
SRR23329748.17138	1451	59.41	93.00	SRR23329748
SRR23329748.17139	1475	53.90	77.56	SRR23329748
SRR23329748.17140	1407	56.15	93.00	SRR23329748
SRR23329748.17141	1407	56.01	93.00	SRR23329748
SRR23329748.17142	1449	55.14	43.81	SRR23329748
SRR23329748.17143	1488	49.33	85.67	SRR23329748
SRR23329748.17144	1407	55.65	53.80	SRR23329748
SRR23329748.17145	1475	54.17	93.00	SRR23329748
SRR23329748.17146	1481	49.16	25.17	SRR23329748
SRR23329748.17147	1412	55.74	93.00	SRR23329748
SRR23329748.17148	1477	54.16	33.11	SRR23329748
SRR23329748.17149	1407	55.15	53.09	SRR23329748
SRR23329748.17150	1385	54.58	40.39	SRR23329748
SRR23329748.17151	1407	55.22	20.47	SRR23329748
SRR23329748.17152	1486	49.26	32.16	SRR23329748
SRR23329748.17153	1437	58.52	93.00	SRR23329748
SRR23329748.17154	1424	57.51	93.00	SRR23329748
SRR23329748.17155	1411	56.77	33.03	SRR23329748
SRR23329748.17156	1389	55.15	93.00	SRR23329748
SRR23329748.17157	1407	55.86	93.00	SRR23329748
SRR23329748.17158	1467	49.35	35.04	SRR23329748
SRR23329748.17159	1407	55.86	93.00	SRR23329748
SRR23329748.17160	1470	52.65	93.00	SRR23329748
SRR23329748.17161	1446	51.94	93.00	SRR23329748
SRR23329748.17162	1488	49.33	92.99	SRR23329748
SRR23329748.17163	1418	57.48	77.82	SRR23329748
SRR23329748.17164	1490	49.33	35.31	SRR23329748
SRR23329748.17165	1416	56.64	21.10	SRR23329748
SRR23329748.17166	1460	53.49	47.20	SRR23329748
SRR23329748.17167	1441	59.82	48.17	SRR23329748
SRR23329748.17168	1466	55.87	21.77	SRR23329748
SRR23329748.17170	1411	55.63	33.85	SRR23329748
SRR23329748.17171	1411	54.64	53.87	SRR23329748
SRR23329748.17172	1452	51.93	23.71	SRR23329748
SRR23329748.17173	1467	59.78	29.11	SRR23329748
SRR23329748.17174	1445	56.19	25.11	SRR23329748
SRR23329748.17175	1452	50.55	93.00	SRR23329748
SRR23329748.17176	1412	56.73	49.91	SRR23329748
SRR23329748.17178	1419	55.67	93.00	SRR23329748
SRR23329748.17179	1389	56.59	47.78	SRR23329748
SRR23329748.17180	1475	51.12	38.01	SRR23329748
SRR23329748.17181	1420	56.62	24.20	SRR23329748
SRR23329748.17182	1391	58.81	72.27	SRR23329748
SRR23329748.17183	1484	55.39	93.00	SRR23329748
SRR23329748.17184	1411	54.50	43.49	SRR23329748
SRR23329748.17185	1470	52.65	91.84	SRR23329748
SRR23329748.17186	1475	54.10	92.91	SRR23329748
SRR23329748.17187	1481	49.43	56.32	SRR23329748
SRR23329748.17188	1431	57.65	36.92	SRR23329748
SRR23329748.17189	1507	54.08	20.55	SRR23329748
SRR23329748.17190	1425	56.00	55.51	SRR23329748
SRR23329748.17192	1412	56.80	91.40	SRR23329748
SRR23329748.17193	1387	56.02	46.40	SRR23329748
SRR23329748.17194	1459	57.23	47.64	SRR23329748
SRR23329748.17195	1475	54.17	41.54	SRR23329748
SRR23329748.17196	1458	58.09	36.30	SRR23329748
SRR23329748.17197	1419	52.01	35.35	SRR23329748
SRR23329748.17198	1453	57.33	65.61	SRR23329748
SRR23329748.17199	1472	51.29	25.70	SRR23329748
SRR23329748.17200	1469	58.27	36.78	SRR23329748
SRR23329748.17202	1413	55.56	64.47	SRR23329748
SRR23329748.17203	1474	53.80	22.28	SRR23329748
SRR23329748.17204	1407	55.93	44.74	SRR23329748
SRR23329748.17205	1484	55.46	93.00	SRR23329748
SRR23329748.17206	1453	57.05	92.77	SRR23329748
SRR23329748.17207	1414	53.04	91.87	SRR23329748
SRR23329748.17208	1473	51.26	83.16	SRR23329748
SRR23329748.17209	1411	54.50	62.42	SRR23329748
SRR23329748.17210	1468	49.32	30.82	SRR23329748
SRR23329748.17211	1445	50.10	92.55	SRR23329748
SRR23329748.17212	1449	56.25	34.10	SRR23329748
SRR23329748.17213	1467	49.35	59.05	SRR23329748
SRR23329748.17214	1487	54.40	23.42	SRR23329748
SRR23329748.17215	1467	49.42	93.00	SRR23329748
SRR23329748.17216	1466	49.25	35.39	SRR23329748
SRR23329748.17217	1437	56.92	40.55	SRR23329748
SRR23329748.17218	1480	55.47	28.94	SRR23329748
SRR23329748.17219	1489	53.86	93.00	SRR23329748
SRR23329748.17220	1475	54.24	93.00	SRR23329748
SRR23329748.17221	1412	56.73	23.88	SRR23329748
SRR23329748.17222	1488	49.33	47.53	SRR23329748
SRR23329748.17223	1475	53.97	44.49	SRR23329748
SRR23329748.17224	1445	55.71	20.15	SRR23329748
SRR23329748.17225	1476	54.07	21.43	SRR23329748
SRR23329748.17226	1407	55.93	91.06	SRR23329748
SRR23329748.17227	1486	53.23	93.00	SRR23329748
SRR23329748.17228	1387	54.51	52.40	SRR23329748
SRR23329748.17229	1417	56.95	28.64	SRR23329748
SRR23329748.17230	1446	55.53	92.75	SRR23329748
SRR23329748.17231	1488	49.33	46.96	SRR23329748
SRR23329748.17232	1408	55.82	93.00	SRR23329748
SRR23329748.17233	1408	55.54	22.13	SRR23329748
SRR23329748.17234	1447	55.63	79.28	SRR23329748
SRR23329748.17235	1409	55.78	36.05	SRR23329748
SRR23329748.17236	1408	55.75	58.25	SRR23329748
SRR23329748.17237	1427	50.18	93.00	SRR23329748
SRR23329748.17238	1437	58.52	30.76	SRR23329748
SRR23329748.17239	1451	56.31	24.31	SRR23329748
SRR23329748.17240	1407	56.65	92.63	SRR23329748
SRR23329748.17241	1478	52.03	75.63	SRR23329748
SRR23329748.17243	1422	50.21	47.99	SRR23329748
SRR23329748.17244	1436	49.30	92.82	SRR23329748
SRR23329748.17245	1407	55.79	37.32	SRR23329748
SRR23329748.17246	1403	55.60	22.41	SRR23329748
SRR23329748.17247	1406	55.26	22.41	SRR23329748
SRR23329748.17248	1446	56.36	35.60	SRR23329748
SRR23329748.17249	1407	55.93	93.00	SRR23329748
SRR23329748.17250	1467	57.46	63.51	SRR23329748
SRR23329748.17251	1409	55.78	35.42	SRR23329748
SRR23329748.17252	1467	49.42	79.02	SRR23329748
SRR23329748.17253	1408	55.82	93.00	SRR23329748
SRR23329748.17254	1453	53.61	24.18	SRR23329748
SRR23329748.17256	1413	55.41	48.82	SRR23329748
SRR23329748.17257	1436	49.37	93.00	SRR23329748
SRR23329748.17258	1475	54.17	44.26	SRR23329748
SRR23329748.17259	1407	56.57	92.97	SRR23329748
SRR23329748.17260	1444	56.37	25.19	SRR23329748
SRR23329748.17261	1438	59.67	66.56	SRR23329748
SRR23329748.17262	1411	56.13	29.25	SRR23329748
SRR23329748.17263	1475	53.83	89.29	SRR23329748
SRR23329748.17264	1409	56.35	30.95	SRR23329748
SRR23329748.17265	1408	55.75	89.17	SRR23329748
SRR23329748.17266	1412	56.80	84.67	SRR23329748
SRR23329748.17267	1454	51.79	93.00	SRR23329748
SRR23329748.17268	1424	55.62	73.51	SRR23329748
SRR23329748.17269	1493	49.30	23.28	SRR23329748
SRR23329748.17270	1486	54.91	33.17	SRR23329748
SRR23329748.17271	1481	57.73	22.15	SRR23329748
SRR23329748.17272	1441	55.45	24.85	SRR23329748
SRR23329748.17273	1408	56.04	27.56	SRR23329748
SRR23329748.17274	1445	55.09	23.68	SRR23329748
SRR23329748.17275	1475	53.97	92.08	SRR23329748
SRR23329748.17276	1446	55.81	37.09	SRR23329748
SRR23329748.17277	2008	53.88	36.99	SRR23329748
SRR23329748.17278	1475	54.24	93.00	SRR23329748
SRR23329748.17279	1473	51.26	74.62	SRR23329748
SRR23329748.17280	1388	56.05	61.42	SRR23329748
SRR23329748.17281	1470	53.95	23.73	SRR23329748
SRR23329748.17282	1412	55.81	92.99	SRR23329748
SRR23329748.17283	1473	51.26	92.78	SRR23329748
SRR23329748.17284	1425	56.07	22.36	SRR23329748
SRR23329748.17285	1454	56.46	92.99	SRR23329748
SRR23329748.17286	1407	55.51	93.00	SRR23329748
SRR23329748.17287	1444	56.23	93.00	SRR23329748
SRR23329748.17288	1463	56.19	44.64	SRR23329748
SRR23329748.17289	1475	54.17	74.18	SRR23329748
SRR23329748.17290	1406	56.54	27.52	SRR23329748
SRR23329748.17291	1388	55.62	37.83	SRR23329748
SRR23329748.17292	1412	56.80	91.84	SRR23329748
SRR23329748.17293	1408	55.61	76.65	SRR23329748
SRR23329748.17294	1444	58.86	67.79	SRR23329748
SRR23329748.17295	1473	51.19	93.00	SRR23329748
SRR23329748.17296	1427	45.13	64.53	SRR23329748
SRR23329748.17297	1411	54.50	63.49	SRR23329748
SRR23329748.17299	1475	59.32	29.99	SRR23329748
SRR23329748.17300	1446	57.68	93.00	SRR23329748
SRR23329748.17301	1475	54.03	32.03	SRR23329748
SRR23329748.17302	1423	53.13	93.00	SRR23329748
SRR23329748.17303	1407	55.65	85.51	SRR23329748
SRR23329748.17304	1413	54.64	35.50	SRR23329748
SRR23329748.17305	1447	58.88	93.00	SRR23329748
SRR23329748.17306	1437	58.52	91.35	SRR23329748
SRR23329748.17307	1412	59.28	28.62	SRR23329748
SRR23329748.17308	1444	51.39	67.44	SRR23329748
SRR23329748.17309	1447	58.81	29.42	SRR23329748
SRR23329748.17310	1470	52.65	92.86	SRR23329748
SRR23329748.17311	1475	53.90	86.31	SRR23329748
SRR23329748.17312	1406	54.41	19.96	SRR23329748
SRR23329748.17313	1409	56.71	32.56	SRR23329748
SRR23329748.17314	1473	54.31	60.53	SRR23329748
SRR23329748.17315	861	55.87	93.00	SRR23329748
SRR23329748.17316	1467	49.49	93.00	SRR23329748
SRR23329748.17317	1440	57.36	88.81	SRR23329748
SRR23329748.17318	1411	54.50	47.49	SRR23329748
SRR23329748.17319	1475	54.24	78.48	SRR23329748
SRR23329748.17320	1407	56.29	92.32	SRR23329748
SRR23329748.17321	1407	56.01	66.11	SRR23329748
SRR23329748.17322	1406	55.19	35.45	SRR23329748
SRR23329748.17323	1474	54.07	93.00	SRR23329748
SRR23329748.17324	1478	58.19	84.78	SRR23329748
SRR23329748.17325	1493	49.56	25.29	SRR23329748
SRR23329748.17326	1447	55.01	52.39	SRR23329748
SRR23329748.17327	1410	56.45	29.76	SRR23329748
SRR23329748.17328	1448	49.86	20.72	SRR23329748
SRR23329748.17329	1441	52.32	92.98	SRR23329748
SRR23329748.17330	1406	56.54	35.40	SRR23329748
SRR23329748.17331	1455	51.75	28.63	SRR23329748
SRR23329748.17332	1483	55.36	35.89	SRR23329748
SRR23329748.17334	1473	51.26	60.62	SRR23329748
SRR23329748.17335	1409	39.32	45.49	SRR23329748
SRR23329748.17336	1481	54.09	24.82	SRR23329748
SRR23329748.17337	1411	54.36	54.83	SRR23329748
SRR23329748.17338	1417	56.74	22.19	SRR23329748
SRR23329748.17339	1474	53.87	34.27	SRR23329748
SRR23329748.17340	1413	55.98	92.59	SRR23329748
SRR23329748.17341	1455	51.82	71.51	SRR23329748
SRR23329748.17342	1438	56.88	35.57	SRR23329748
SRR23329748.17343	1473	51.26	85.72	SRR23329748
SRR23329748.17345	1409	55.78	34.86	SRR23329748
SRR23329748.17346	1414	56.93	23.19	SRR23329748
SRR23329748.17347	1445	58.27	92.97	SRR23329748
SRR23329748.17348	1445	55.92	39.59	SRR23329748
SRR23329748.17349	1444	60.32	45.51	SRR23329748
SRR23329748.17351	1466	55.05	83.59	SRR23329748
SRR23329748.17352	1488	49.33	92.99	SRR23329748
SRR23329748.17353	1453	55.47	83.15	SRR23329748
SRR23329748.17354	1403	55.95	92.93	SRR23329748
SRR23329748.17355	1407	56.43	93.00	SRR23329748
SRR23329748.17357	1388	54.54	35.06	SRR23329748
SRR23329748.17358	1467	49.35	70.64	SRR23329748
SRR23329748.17359	1478	48.24	93.00	SRR23329748
SRR23329748.17360	1447	55.49	38.90	SRR23329748
SRR23329748.17361	1407	56.01	36.49	SRR23329748
SRR23329748.17362	1477	52.88	93.00	SRR23329748
SRR23329748.17363	1474	54.00	28.74	SRR23329748
SRR23329748.17365	1488	49.26	68.71	SRR23329748
SRR23329748.17366	1407	55.65	51.18	SRR23329748
SRR23329748.17367	1478	48.31	92.29	SRR23329748
SRR23329748.17368	1412	55.59	93.00	SRR23329748
SRR23329748.17369	1412	55.59	57.41	SRR23329748
SRR23329748.17370	1495	49.36	21.44	SRR23329748
SRR23329748.17371	1444	56.23	47.55	SRR23329748
SRR23329748.17372	1407	55.86	92.67	SRR23329748
SRR23329748.17373	1475	53.83	93.00	SRR23329748
SRR23329748.17374	1475	54.24	43.91	SRR23329748
SRR23329748.17375	1481	49.29	92.99	SRR23329748
SRR23329748.17376	1403	55.81	21.28	SRR23329748
SRR23329748.17377	1488	49.26	57.70	SRR23329748
SRR23329748.17378	1473	51.26	93.00	SRR23329748
SRR23329748.17379	1489	49.36	33.18	SRR23329748
SRR23329748.17380	1407	56.65	47.48	SRR23329748
SRR23329748.17381	1408	55.75	37.14	SRR23329748
SRR23329748.17382	1407	54.94	54.26	SRR23329748
SRR23329748.17384	1407	55.51	67.05	SRR23329748
SRR23329748.17386	1460	52.53	62.64	SRR23329748
SRR23329748.17387	1447	55.22	68.08	SRR23329748
SRR23329748.17388	1473	53.90	31.38	SRR23329748
SRR23329748.17391	1389	56.66	83.86	SRR23329748
SRR23329748.17392	1448	57.67	34.61	SRR23329748
SRR23329748.17393	1486	54.17	93.00	SRR23329748
SRR23329748.17394	1389	56.44	92.96	SRR23329748
SRR23329748.17395	1407	56.57	66.47	SRR23329748
SRR23329748.17396	1490	49.40	29.25	SRR23329748
SRR23329748.17397	1445	58.13	93.00	SRR23329748
SRR23329748.17398	1473	58.32	27.65	SRR23329748
SRR23329748.17399	3007	42.33	67.19	SRR23329748
SRR23329748.17400	1388	55.62	22.82	SRR23329748
SRR23329748.17401	1447	55.22	52.11	SRR23329748
SRR23329748.17402	1467	53.78	24.99	SRR23329748
SRR23329748.17403	1467	49.49	92.14	SRR23329748
SRR23329748.17404	1456	58.93	58.54	SRR23329748
SRR23329748.17405	1439	56.50	93.00	SRR23329748
SRR23329748.17406	1458	53.70	93.00	SRR23329748
SRR23329748.17407	1385	55.67	54.40	SRR23329748
SRR23329748.17408	1474	54.48	46.20	SRR23329748
SRR23329748.17409	1475	53.90	93.00	SRR23329748
SRR23329748.17410	1466	55.05	51.45	SRR23329748
SRR23329748.17411	1467	49.49	93.00	SRR23329748
SRR23329748.17412	1483	49.22	21.07	SRR23329748
SRR23329748.17413	1407	56.65	75.81	SRR23329748
SRR23329748.17414	1381	54.53	22.18	SRR23329748
SRR23329748.17415	1409	39.32	90.22	SRR23329748
SRR23329748.17416	1406	55.69	33.61	SRR23329748
SRR23329748.17417	1472	51.22	27.18	SRR23329748
SRR23329748.17418	1389	56.52	93.00	SRR23329748
SRR23329748.17420	1422	56.96	39.17	SRR23329748
SRR23329748.17421	1487	49.36	26.85	SRR23329748
SRR23329748.17422	1412	56.80	76.09	SRR23329748
SRR23329748.17423	1389	56.52	42.87	SRR23329748
SRR23329748.17424	1466	55.39	23.39	SRR23329748
SRR23329748.17425	1475	53.83	93.00	SRR23329748
SRR23329748.17426	1407	55.65	43.48	SRR23329748
SRR23329748.17427	1416	58.19	31.71	SRR23329748
SRR23329748.17428	1407	56.43	93.00	SRR23329748
SRR23329748.17429	1446	55.60	92.42	SRR23329748
SRR23329748.17430	1467	49.42	93.00	SRR23329748
SRR23329748.17431	1444	55.54	28.50	SRR23329748
SRR23329748.17432	1554	55.92	93.00	SRR23329748
SRR23329748.17433	1446	55.60	93.00	SRR23329748
SRR23329748.17434	1459	52.50	63.87	SRR23329748
SRR23329748.17435	1483	49.43	33.94	SRR23329748
SRR23329748.17436	1407	56.65	62.57	SRR23329748
SRR23329748.17438	1408	55.75	23.49	SRR23329748
SRR23329748.17439	1424	57.44	32.47	SRR23329748
SRR23329748.17440	1432	56.63	41.50	SRR23329748
SRR23329748.17441	1467	57.46	38.42	SRR23329748
SRR23329748.17442	1488	49.33	92.99	SRR23329748
SRR23329748.17443	1407	56.15	92.94	SRR23329748
SRR23329748.17444	1488	49.33	93.00	SRR23329748
SRR23329748.17445	1407	56.57	93.00	SRR23329748
SRR23329748.17446	1485	54.14	35.96	SRR23329748
SRR23329748.17447	1407	55.72	66.47	SRR23329748
SRR23329748.17448	1444	59.14	23.10	SRR23329748
SRR23329748.17450	1406	55.19	93.00	SRR23329748
SRR23329748.17451	1471	51.19	34.73	SRR23329748
SRR23329748.17452	1412	56.73	93.00	SRR23329748
SRR23329748.17454	1407	56.15	86.34	SRR23329748
SRR23329748.17455	1407	55.65	85.97	SRR23329748
SRR23329748.17456	1407	55.72	34.68	SRR23329748
SRR23329748.17457	1475	53.90	34.17	SRR23329748
SRR23329748.17458	1488	49.33	77.59	SRR23329748
SRR23329748.17459	1473	54.18	33.79	SRR23329748
SRR23329748.17460	1475	54.10	93.00	SRR23329748
SRR23329748.17461	1473	51.39	42.68	SRR23329748
SRR23329748.17462	1411	55.92	83.27	SRR23329748
SRR23329748.17464	1473	51.39	93.00	SRR23329748
SRR23329748.17465	1413	56.83	29.43	SRR23329748
SRR23329748.17467	1475	54.24	35.53	SRR23329748
SRR23329748.17468	1404	57.12	30.96	SRR23329748
SRR23329748.17469	1388	55.69	93.00	SRR23329748
SRR23329748.17470	1418	57.55	93.00	SRR23329748
SRR23329748.17471	1446	55.60	37.17	SRR23329748
SRR23329748.17472	1424	52.53	93.00	SRR23329748
SRR23329748.17473	1438	50.63	61.23	SRR23329748
SRR23329748.17474	1481	49.43	76.60	SRR23329748
SRR23329748.17475	1408	55.75	93.00	SRR23329748
SRR23329748.17476	1411	55.63	92.92	SRR23329748
SRR23329748.17477	1411	54.50	64.39	SRR23329748
SRR23329748.17478	1467	57.53	58.65	SRR23329748
SRR23329748.17479	1411	55.71	28.88	SRR23329748
SRR23329748.17480	1485	55.08	28.51	SRR23329748
SRR23329748.17481	1407	56.65	92.54	SRR23329748
SRR23329748.17482	1400	55.93	24.00	SRR23329748
SRR23329748.17483	1441	55.52	24.19	SRR23329748
SRR23329748.17485	1443	56.90	52.58	SRR23329748
SRR23329748.17487	1472	51.22	33.91	SRR23329748
SRR23329748.17488	1407	55.58	89.16	SRR23329748
SRR23329748.17489	1445	58.13	93.00	SRR23329748
SRR23329748.17490	1408	55.75	93.00	SRR23329748
SRR23329748.17491	1484	55.39	93.00	SRR23329748
SRR23329748.17492	1447	55.22	52.26	SRR23329748
SRR23329748.17493	1478	48.31	76.59	SRR23329748
SRR23329748.17494	1407	56.65	93.00	SRR23329748
SRR23329748.17495	1407	56.57	23.69	SRR23329748
SRR23329748.17496	1408	55.97	82.43	SRR23329748
SRR23329748.17497	1444	58.03	52.43	SRR23329748
SRR23329748.17498	1414	55.87	20.67	SRR23329748
SRR23329748.17499	1441	59.82	53.17	SRR23329748
SRR23329748.17500	1407	54.87	70.45	SRR23329748
SRR23329748.17501	1449	57.63	53.99	SRR23329748
SRR23329748.17502	1467	57.33	22.04	SRR23329748
SRR23329748.17504	1473	51.26	40.88	SRR23329748
SRR23329748.17505	1473	51.26	92.99	SRR23329748
SRR23329748.17506	1473	51.39	36.52	SRR23329748
SRR23329748.17507	1488	49.33	57.71	SRR23329748
SRR23329748.17508	1412	56.80	93.00	SRR23329748
SRR23329748.17509	1411	55.63	75.41	SRR23329748
SRR23329748.17510	1489	49.36	25.83	SRR23329748
SRR23329748.17511	1385	55.60	69.13	SRR23329748
SRR23329748.17512	1455	56.43	26.58	SRR23329748
SRR23329748.17513	1438	59.74	59.47	SRR23329748
SRR23329748.17514	1384	54.84	61.92	SRR23329748
SRR23329748.17515	1446	55.53	93.00	SRR23329748
SRR23329748.17516	1438	58.76	93.00	SRR23329748
SRR23329748.17518	1446	55.60	47.31	SRR23329748
SRR23329748.17519	1442	57.35	92.14	SRR23329748
SRR23329748.17520	1407	56.65	57.48	SRR23329748
SRR23329748.17521	1453	55.47	31.30	SRR23329748
SRR23329748.17522	1475	54.17	49.69	SRR23329748
SRR23329748.17523	1438	50.63	93.00	SRR23329748
SRR23329748.17524	1407	55.93	93.00	SRR23329748
SRR23329748.17525	1450	55.38	27.59	SRR23329748
SRR23329748.17526	1429	55.77	33.08	SRR23329748
SRR23329748.17527	1406	56.19	25.48	SRR23329748
SRR23329748.17528	1454	53.85	92.67	SRR23329748
SRR23329748.17529	1457	59.03	36.25	SRR23329748
SRR23329748.17530	1446	51.87	35.88	SRR23329748
SRR23329748.17531	1447	55.22	92.64	SRR23329748
SRR23329748.17532	1391	58.81	44.43	SRR23329748
SRR23329748.17533	1407	56.01	93.00	SRR23329748
SRR23329748.17534	1416	57.20	36.31	SRR23329748
SRR23329748.17535	1407	56.29	81.37	SRR23329748
SRR23329748.17536	1475	54.17	61.24	SRR23329748
SRR23329748.17537	1475	51.39	79.45	SRR23329748
SRR23329748.17538	1471	55.06	28.25	SRR23329748
SRR23329748.17539	1491	52.18	25.68	SRR23329748
SRR23329748.17540	1455	51.82	28.81	SRR23329748
SRR23329748.17541	1457	54.98	42.32	SRR23329748
SRR23329748.17542	1407	56.65	49.99	SRR23329748
SRR23329748.17544	1408	56.68	30.96	SRR23329748
SRR23329748.17545	1460	52.53	93.00	SRR23329748
SRR23329748.17546	1412	56.73	93.00	SRR23329748
SRR23329748.17547	1464	56.15	24.01	SRR23329748
SRR23329748.17548	1484	55.93	51.06	SRR23329748
SRR23329748.17549	1475	54.24	93.00	SRR23329748
SRR23329748.17550	1411	56.34	93.00	SRR23329748
SRR23329748.17551	1408	55.68	33.16	SRR23329748
SRR23329748.17553	1421	53.06	93.00	SRR23329748
SRR23329748.17554	1469	53.78	21.66	SRR23329748
SRR23329748.17555	1468	49.73	24.11	SRR23329748
SRR23329748.17556	1412	56.80	68.38	SRR23329748
SRR23329748.17557	1479	53.96	27.46	SRR23329748
SRR23329748.17558	1443	50.52	87.11	SRR23329748
SRR23329748.17559	1475	53.90	37.10	SRR23329748
SRR23329748.17560	1475	54.17	92.96	SRR23329748
SRR23329748.17561	1477	58.16	56.62	SRR23329748
SRR23329748.17562	1412	56.80	40.95	SRR23329748
SRR23329748.17563	1488	49.26	62.49	SRR23329748
SRR23329748.17564	1407	56.15	93.00	SRR23329748
SRR23329748.17565	1407	55.65	93.00	SRR23329748
SRR23329748.17566	1488	49.26	71.67	SRR23329748
SRR23329748.17567	1407	56.65	59.48	SRR23329748
SRR23329748.17568	1412	55.81	75.63	SRR23329748
SRR23329748.17569	1462	50.41	21.79	SRR23329748
SRR23329748.17570	1488	53.97	60.72	SRR23329748
SRR23329748.17571	1407	55.65	92.81	SRR23329748
SRR23329748.17572	1473	51.26	93.00	SRR23329748
SRR23329748.17573	1489	53.93	92.46	SRR23329748
SRR23329748.17574	1471	52.69	56.65	SRR23329748
SRR23329748.17575	1405	56.58	27.66	SRR23329748
SRR23329748.17576	1489	53.93	37.09	SRR23329748
SRR23329748.17577	1475	53.90	47.48	SRR23329748
SRR23329748.17578	1442	50.55	92.82	SRR23329748
SRR23329748.17579	1393	55.56	23.18	SRR23329748
SRR23329748.17580	1488	49.33	93.00	SRR23329748
SRR23329748.17581	1480	49.39	44.03	SRR23329748
SRR23329748.17582	1386	55.92	92.98	SRR23329748
SRR23329748.17583	1554	55.92	34.91	SRR23329748
SRR23329748.17584	1437	56.92	92.96	SRR23329748
SRR23329748.17585	1411	54.93	31.75	SRR23329748
SRR23329748.17586	1478	58.19	51.81	SRR23329748
SRR23329748.17588	1488	49.33	93.00	SRR23329748
SRR23329748.17589	1473	53.84	33.43	SRR23329748
SRR23329748.17590	1459	52.50	35.43	SRR23329748
SRR23329748.17591	1407	56.57	53.25	SRR23329748
SRR23329748.17592	1412	56.80	93.00	SRR23329748
SRR23329748.17593	1450	56.41	25.53	SRR23329748
SRR23329748.17594	1459	57.09	92.15	SRR23329748
SRR23329748.17595	1449	56.11	77.45	SRR23329748
SRR23329748.17596	1407	56.15	61.77	SRR23329748
SRR23329748.17597	1407	56.65	93.00	SRR23329748
SRR23329748.17598	1408	55.82	72.45	SRR23329748
SRR23329748.17599	1383	54.88	93.00	SRR23329748
SRR23329748.17600	1472	53.80	30.30	SRR23329748
SRR23329748.17602	1387	56.02	69.40	SRR23329748
SRR23329748.17603	1412	56.80	93.00	SRR23329748
SRR23329748.17604	1404	55.77	33.38	SRR23329748
SRR23329748.17605	1471	52.48	92.99	SRR23329748
SRR23329748.17606	1407	56.57	91.68	SRR23329748
SRR23329748.17607	1165	46.52	26.41	SRR23329748
SRR23329748.17608	1436	49.37	92.57	SRR23329748
SRR23329748.17609	1405	55.02	33.58	SRR23329748
SRR23329748.17610	1489	53.86	90.48	SRR23329748
SRR23329748.17611	1446	55.60	89.22	SRR23329748
SRR23329748.17612	1454	51.79	92.77	SRR23329748
SRR23329748.17613	1473	51.26	50.40	SRR23329748
SRR23329748.17614	2008	53.88	36.79	SRR23329748
SRR23329748.17615	1447	58.05	44.04	SRR23329748
SRR23329748.17616	1473	51.19	73.63	SRR23329748
SRR23329748.17617	1475	53.97	93.00	SRR23329748
SRR23329748.17618	1398	55.65	24.29	SRR23329748
SRR23329748.17619	1467	49.49	93.00	SRR23329748
SRR23329748.17620	1449	55.35	92.71	SRR23329748
SRR23329748.17621	1408	55.75	35.95	SRR23329748
SRR23329748.17622	1475	54.03	35.67	SRR23329748
SRR23329748.17623	1445	58.55	92.47	SRR23329748
SRR23329748.17624	1467	57.40	78.77	SRR23329748
SRR23329748.17625	1488	53.90	28.36	SRR23329748
SRR23329748.17626	1405	55.37	25.09	SRR23329748
SRR23329748.17627	1409	55.71	23.73	SRR23329748
SRR23329748.17629	1478	53.79	76.45	SRR23329748
SRR23329748.17630	1466	55.05	34.36	SRR23329748
SRR23329748.17631	1460	53.56	93.00	SRR23329748
SRR23329748.17632	1454	50.48	55.35	SRR23329748
SRR23329748.17633	1471	52.55	93.00	SRR23329748
SRR23329748.17634	1447	55.22	59.15	SRR23329748
SRR23329748.17635	1452	57.16	93.00	SRR23329748
SRR23329748.17636	1418	55.85	20.93	SRR23329748
SRR23329748.17637	1406	55.90	37.61	SRR23329748
SRR23329748.17638	1446	56.50	33.00	SRR23329748
SRR23329748.17639	1468	53.81	21.80	SRR23329748
SRR23329748.17640	1408	55.75	77.28	SRR23329748
SRR23329748.17641	1412	56.66	27.70	SRR23329748
SRR23329748.17642	1470	52.45	27.90	SRR23329748
SRR23329748.17643	1487	49.29	46.31	SRR23329748
SRR23329748.17644	1420	56.41	93.00	SRR23329748
SRR23329748.17645	1412	56.80	33.28	SRR23329748
SRR23329748.17646	1445	56.33	43.18	SRR23329748
SRR23329748.17647	1475	54.17	36.69	SRR23329748
SRR23329748.17648	1407	56.08	60.67	SRR23329748
SRR23329748.17649	1471	59.89	49.25	SRR23329748
SRR23329748.17650	1413	55.84	40.64	SRR23329748
SRR23329748.17651	1488	52.22	92.82	SRR23329748
SRR23329748.17652	1411	51.81	57.04	SRR23329748
SRR23329748.17653	1398	55.36	25.94	SRR23329748
SRR23329748.17654	1383	55.68	22.29	SRR23329748
SRR23329748.17655	1488	53.90	92.27	SRR23329748
SRR23329748.17656	1437	58.52	93.00	SRR23329748
SRR23329748.17657	1473	51.26	57.62	SRR23329748
SRR23329748.17658	1423	53.13	93.00	SRR23329748
SRR23329748.17659	1412	56.80	62.01	SRR23329748
SRR23329748.17660	1474	53.93	92.96	SRR23329748
SRR23329748.17661	1475	54.24	39.55	SRR23329748
SRR23329748.17662	1487	49.29	36.57	SRR23329748
SRR23329748.17663	1445	56.26	34.48	SRR23329748
SRR23329748.17664	1516	54.82	68.73	SRR23329748
SRR23329748.17665	1329	54.55	93.00	SRR23329748
SRR23329748.17666	1408	55.75	93.00	SRR23329748
SRR23329748.17667	1467	49.49	92.94	SRR23329748
SRR23329748.17668	1437	58.52	70.75	SRR23329748
SRR23329748.17669	1441	53.30	93.00	SRR23329748
SRR23329748.17670	1474	54.21	28.48	SRR23329748
SRR23329748.17671	1415	55.97	20.45	SRR23329748
SRR23329748.17672	1407	56.08	88.55	SRR23329748
SRR23329748.17673	1441	59.82	46.55	SRR23329748
SRR23329748.17674	1429	55.56	28.33	SRR23329748
SRR23329748.17675	1405	56.09	34.26	SRR23329748
SRR23329748.17676	1486	49.33	56.72	SRR23329748
SRR23329748.17677	1467	49.28	93.00	SRR23329748
SRR23329748.17678	1407	55.93	93.00	SRR23329748
SRR23329748.17680	1467	49.49	92.99	SRR23329748
SRR23329748.17681	1407	55.51	93.00	SRR23329748
SRR23329748.17682	1468	49.32	39.08	SRR23329748
SRR23329748.17683	1445	57.85	92.82	SRR23329748
SRR23329748.17684	1441	58.64	27.57	SRR23329748
SRR23329748.17685	1526	53.28	44.52	SRR23329748
SRR23329748.17686	1475	54.10	49.69	SRR23329748
SRR23329748.17687	1447	57.43	37.43	SRR23329748
SRR23329748.17688	1475	54.03	50.03	SRR23329748
SRR23329748.17689	1376	54.22	35.31	SRR23329748
SRR23329748.17690	1407	56.50	85.58	SRR23329748
SRR23329748.17691	1461	49.42	20.52	SRR23329748
SRR23329748.17692	1486	54.17	35.47	SRR23329748
SRR23329748.17693	1411	54.50	93.00	SRR23329748
SRR23329748.17694	1415	56.89	21.39	SRR23329748
SRR23329748.17695	1487	49.29	52.71	SRR23329748
SRR23329748.17696	1407	55.65	87.02	SRR23329748
SRR23329748.17697	1471	52.35	36.93	SRR23329748
SRR23329748.17698	1424	56.39	22.65	SRR23329748
SRR23329748.17699	1409	55.93	41.54	SRR23329748
SRR23329748.17700	1447	56.46	40.41	SRR23329748
SRR23329748.17701	1407	55.86	93.00	SRR23329748
SRR23329748.17702	1485	55.35	27.44	SRR23329748
SRR23329748.17703	1418	47.18	92.31	SRR23329748
SRR23329748.17704	1418	56.77	29.40	SRR23329748
SRR23329748.17705	1472	54.14	27.70	SRR23329748
SRR23329748.17706	1407	55.65	26.29	SRR23329748
SRR23329748.17707	1467	49.35	73.58	SRR23329748
SRR23329748.17708	1513	42.96	92.67	SRR23329748
SRR23329748.17709	1459	57.23	47.64	SRR23329748
SRR23329748.17710	1465	55.15	56.14	SRR23329748
SRR23329748.17711	1475	53.97	57.69	SRR23329748
SRR23329748.17712	1467	49.35	93.00	SRR23329748
SRR23329748.17713	1391	56.15	28.55	SRR23329748
SRR23329748.17715	1484	55.46	33.93	SRR23329748
SRR23329748.17716	1481	49.43	93.00	SRR23329748
SRR23329748.17717	1406	56.40	63.94	SRR23329748
SRR23329748.17718	1448	55.39	25.64	SRR23329748
SRR23329748.17719	1406	55.97	39.06	SRR23329748
SRR23329748.17720	1478	48.31	92.99	SRR23329748
SRR23329748.17721	1451	50.31	35.06	SRR23329748
SRR23329748.17722	1404	55.70	28.95	SRR23329748
SRR23329748.17723	1406	55.97	81.28	SRR23329748
SRR23329748.17724	1407	55.65	79.08	SRR23329748
SRR23329748.17725	1444	56.09	93.00	SRR23329748
SRR23329748.17726	1407	55.72	42.48	SRR23329748
SRR23329748.17727	1460	53.56	93.00	SRR23329748
SRR23329748.17728	1407	56.57	52.75	SRR23329748
SRR23329748.17729	1386	56.06	34.67	SRR23329748
SRR23329748.17731	1424	57.44	21.86	SRR23329748
SRR23329748.17732	1472	53.94	20.64	SRR23329748
SRR23329748.17733	1388	56.05	71.24	SRR23329748
SRR23329748.17734	1454	51.79	92.86	SRR23329748
SRR23329748.17735	1509	48.97	25.30	SRR23329748
SRR23329748.17736	1452	51.79	21.47	SRR23329748
SRR23329748.17737	1440	57.92	93.00	SRR23329748
SRR23329748.17738	1446	55.60	31.32	SRR23329748
SRR23329748.17739	1451	58.10	26.60	SRR23329748
SRR23329748.17740	1407	56.43	82.11	SRR23329748
SRR23329748.17741	1467	49.35	50.54	SRR23329748
SRR23329748.17742	1408	55.75	90.62	SRR23329748
SRR23329748.17743	1473	51.39	84.86	SRR23329748
SRR23329748.17744	1468	55.31	23.86	SRR23329748
SRR23329748.17745	1383	54.88	44.14	SRR23329748
SRR23329748.17746	1407	56.01	32.22	SRR23329748
SRR23329748.17747	1400	56.36	23.37	SRR23329748
SRR23329748.17748	1467	49.49	93.00	SRR23329748
SRR23329748.17749	1444	58.86	55.05	SRR23329748
SRR23329748.17750	1464	54.30	20.82	SRR23329748
SRR23329748.17751	1447	58.95	70.47	SRR23329748
SRR23329748.17752	1407	56.65	75.27	SRR23329748
SRR23329748.17753	1969	55.21	36.12	SRR23329748
SRR23329748.17755	1410	55.82	25.31	SRR23329748
SRR23329748.17757	1412	56.73	38.31	SRR23329748
SRR23329748.17758	1414	55.59	23.04	SRR23329748
SRR23329748.17759	1426	45.16	31.05	SRR23329748
SRR23329748.17760	1466	49.45	31.03	SRR23329748
SRR23329748.17761	1406	55.48	27.16	SRR23329748
SRR23329748.17762	1424	54.14	92.98	SRR23329748
SRR23329748.17763	1473	51.26	28.77	SRR23329748
SRR23329748.17764	1453	56.02	92.99	SRR23329748
SRR23329748.17765	1488	49.26	93.00	SRR23329748
SRR23329748.17766	1405	56.58	28.78	SRR23329748
SRR23329748.17767	1474	54.41	37.21	SRR23329748
SRR23329748.17768	1459	53.39	33.56	SRR23329748
SRR23329748.17769	1471	59.89	44.69	SRR23329748
SRR23329748.17770	1488	49.33	92.93	SRR23329748
SRR23329748.17773	1447	55.22	42.92	SRR23329748
SRR23329748.17774	1453	51.69	30.16	SRR23329748
SRR23329748.17775	1413	50.53	59.50	SRR23329748
SRR23329748.17776	1467	49.35	50.93	SRR23329748
SRR23329748.17777	1421	51.37	23.31	SRR23329748
SRR23329748.17778	1403	55.81	24.34	SRR23329748
SRR23329748.17779	1446	55.53	92.91	SRR23329748
SRR23329748.17781	1492	49.26	23.13	SRR23329748
SRR23329748.17782	1449	56.52	82.88	SRR23329748
SRR23329748.17783	1484	55.32	45.08	SRR23329748
SRR23329748.17784	1475	54.17	93.00	SRR23329748
SRR23329748.17785	1445	57.23	60.47	SRR23329748
SRR23329748.17786	1452	57.02	80.30	SRR23329748
SRR23329748.17787	1433	57.57	26.65	SRR23329748
SRR23329748.17788	1484	54.99	92.99	SRR23329748
SRR23329748.17789	1405	55.44	35.11	SRR23329748
SRR23329748.17790	1385	56.61	24.64	SRR23329748
SRR23329748.17791	1407	56.36	64.48	SRR23329748
SRR23329748.17792	1423	52.99	30.69	SRR23329748
SRR23329748.17793	1472	51.15	34.72	SRR23329748
SRR23329748.17794	1445	57.85	93.00	SRR23329748
SRR23329748.17795	1411	55.85	33.64	SRR23329748
SRR23329748.17796	1407	55.51	56.36	SRR23329748
SRR23329748.17797	1453	55.82	44.58	SRR23329748
SRR23329748.17798	1453	56.57	24.94	SRR23329748
SRR23329748.17799	1407	55.93	93.00	SRR23329748
SRR23329748.17800	1411	55.63	93.00	SRR23329748
SRR23329748.17801	1467	49.35	32.04	SRR23329748
SRR23329748.17802	1433	58.48	24.60	SRR23329748
SRR23329748.17803	1389	55.22	93.00	SRR23329748
SRR23329748.17804	1481	44.16	49.71	SRR23329748
SRR23329748.17805	1478	51.96	62.07	SRR23329748
SRR23329748.17806	1450	55.72	25.33	SRR23329748
SRR23329748.17807	1447	55.22	74.03	SRR23329748
SRR23329748.17808	1475	54.10	93.00	SRR23329748
SRR23329748.17809	1410	56.60	28.73	SRR23329748
SRR23329748.17810	1489	53.86	34.79	SRR23329748
SRR23329748.17814	1463	49.49	24.44	SRR23329748
SRR23329748.17815	1445	53.15	58.06	SRR23329748
SRR23329748.17816	1455	53.61	28.94	SRR23329748
SRR23329748.17817	1447	57.43	92.75	SRR23329748
SRR23329748.17818	1454	54.75	34.33	SRR23329748
SRR23329748.17819	1484	55.59	93.00	SRR23329748
SRR23329748.17820	1409	59.19	58.44	SRR23329748
SRR23329748.17821	1488	49.33	56.10	SRR23329748
SRR23329748.17822	1452	58.06	38.62	SRR23329748
SRR23329748.17823	1407	55.93	93.00	SRR23329748
SRR23329748.17824	1458	56.93	77.08	SRR23329748
SRR23329748.17825	1473	53.97	22.55	SRR23329748
SRR23329748.17826	1387	56.09	38.48	SRR23329748
SRR23329748.17828	1475	54.10	75.68	SRR23329748
SRR23329748.17829	1454	51.79	32.19	SRR23329748
SRR23329748.17830	1408	55.75	92.93	SRR23329748
SRR23329748.17831	1483	49.22	27.17	SRR23329748
SRR23329748.17832	1481	49.36	63.75	SRR23329748
SRR23329748.17833	1488	49.33	92.18	SRR23329748
SRR23329748.17834	1445	57.85	90.24	SRR23329748
SRR23329748.17835	1440	50.62	28.53	SRR23329748
SRR23329748.17836	1453	55.40	37.62	SRR23329748
SRR23329748.17838	1437	58.52	47.57	SRR23329748
SRR23329748.17839	1456	51.85	29.95	SRR23329748
SRR23329748.17840	1408	55.75	79.21	SRR23329748
SRR23329748.17841	1471	52.48	41.79	SRR23329748
SRR23329748.17842	1486	53.97	92.80	SRR23329748
SRR23329748.17843	1475	54.10	92.96	SRR23329748
SRR23329748.17844	1446	55.60	93.00	SRR23329748
SRR23329748.17845	1423	50.18	34.11	SRR23329748
SRR23329748.17846	1445	58.27	82.70	SRR23329748
SRR23329748.17847	1407	56.08	91.92	SRR23329748
SRR23329748.17848	1407	56.65	92.99	SRR23329748
SRR23329748.17849	1408	55.75	71.00	SRR23329748
SRR23329748.17850	1488	49.33	93.00	SRR23329748
SRR23329748.17851	1408	55.82	93.00	SRR23329748
SRR23329748.17852	1408	56.11	39.49	SRR23329748
SRR23329748.17853	1446	55.60	93.00	SRR23329748
SRR23329748.17854	1418	57.33	36.27	SRR23329748
SRR23329748.17855	1483	54.15	28.82	SRR23329748
SRR23329748.17856	1447	55.98	50.71	SRR23329748
SRR23329748.17857	1407	55.86	93.00	SRR23329748
SRR23329748.17858	1412	56.80	42.04	SRR23329748
SRR23329748.17859	1407	55.65	92.29	SRR23329748
SRR23329748.17860	1475	54.24	39.55	SRR23329748
SRR23329748.17862	1413	53.01	39.50	SRR23329748
SRR23329748.17863	1407	56.43	70.46	SRR23329748
SRR23329748.17864	1488	49.33	92.09	SRR23329748
SRR23329748.17865	1411	55.71	22.60	SRR23329748
SRR23329748.17866	1389	56.52	66.42	SRR23329748
SRR23329748.17867	1447	55.77	93.00	SRR23329748
SRR23329748.17869	1441	57.32	32.98	SRR23329748
SRR23329748.17870	1489	55.27	30.74	SRR23329748
SRR23329748.17871	1446	53.18	30.55	SRR23329748
SRR23329748.17872	1483	53.74	24.11	SRR23329748
SRR23329748.17873	1475	53.90	92.99	SRR23329748
SRR23329748.17874	1488	49.33	36.62	SRR23329748
SRR23329748.17876	1407	56.65	93.00	SRR23329748
SRR23329748.17877	1414	54.74	23.76	SRR23329748
SRR23329748.17878	1409	58.91	93.00	SRR23329748
SRR23329748.17879	1454	51.86	93.00	SRR23329748
SRR23329748.17880	1407	55.58	93.00	SRR23329748
SRR23329748.17881	1451	57.41	27.42	SRR23329748
SRR23329748.17882	1486	54.17	43.45	SRR23329748
SRR23329748.17883	1458	57.54	71.57	SRR23329748
SRR23329748.17884	1410	56.60	31.19	SRR23329748
SRR23329748.17885	1488	49.33	39.22	SRR23329748
SRR23329748.17886	1409	55.43	23.03	SRR23329748
SRR23329748.17887	1407	55.65	77.17	SRR23329748
SRR23329748.17888	1409	39.32	43.48	SRR23329748
SRR23329748.17889	1426	45.09	39.22	SRR23329748
SRR23329748.17890	1407	55.72	93.00	SRR23329748
SRR23329748.17891	1474	53.87	22.65	SRR23329748
SRR23329748.17892	1473	51.26	93.00	SRR23329748
SRR23329748.17893	1407	56.65	91.35	SRR23329748
SRR23329748.17894	1488	49.33	93.00	SRR23329748
SRR23329748.17895	1444	55.47	20.73	SRR23329748
SRR23329748.17896	1445	57.65	87.06	SRR23329748
SRR23329748.17898	1445	56.33	54.09	SRR23329748
SRR23329748.17899	1446	56.09	93.00	SRR23329748
SRR23329748.17900	1454	51.79	93.00	SRR23329748
SRR23329748.17901	1411	56.20	31.83	SRR23329748
SRR23329748.17902	1408	55.82	52.83	SRR23329748
SRR23329748.17903	1446	59.68	21.28	SRR23329748
SRR23329748.17904	1482	54.66	33.24	SRR23329748
SRR23329748.17905	1407	56.65	93.00	SRR23329748
SRR23329748.17906	1481	55.37	27.60	SRR23329748
SRR23329748.17907	1488	49.26	74.52	SRR23329748
SRR23329748.17908	1444	55.75	28.33	SRR23329748
SRR23329748.17909	1448	56.28	33.63	SRR23329748
SRR23329748.17910	1394	55.52	20.04	SRR23329748
SRR23329748.17911	1409	57.06	37.31	SRR23329748
SRR23329748.17912	1453	56.02	49.64	SRR23329748
SRR23329748.17913	1386	56.42	34.40	SRR23329748
SRR23329748.17914	1467	49.35	57.00	SRR23329748
SRR23329748.17915	1454	51.79	35.42	SRR23329748
SRR23329748.17916	1412	55.81	90.74	SRR23329748
SRR23329748.17917	1408	55.68	93.00	SRR23329748
SRR23329748.17918	1488	49.33	60.50	SRR23329748
SRR23329748.17919	1424	53.02	24.88	SRR23329748
SRR23329748.17920	1488	49.33	47.82	SRR23329748
SRR23329748.17921	1411	54.64	89.09	SRR23329748
SRR23329748.17922	1406	55.97	34.57	SRR23329748
SRR23329748.17923	1481	49.36	93.00	SRR23329748
SRR23329748.17924	1407	56.65	47.48	SRR23329748
SRR23329748.17925	1454	54.88	29.24	SRR23329748
SRR23329748.17926	1440	51.53	53.54	SRR23329748
SRR23329748.17927	1407	56.08	92.60	SRR23329748
SRR23329748.17928	1444	59.07	93.00	SRR23329748
SRR23329748.17929	1407	56.65	39.48	SRR23329748
SRR23329748.17930	1475	53.90	81.38	SRR23329748
SRR23329748.17931	1407	55.65	87.78	SRR23329748
SRR23329748.17932	1445	58.27	48.40	SRR23329748
SRR23329748.17933	1412	56.80	93.00	SRR23329748
SRR23329748.17934	1473	51.39	93.00	SRR23329748
SRR23329748.17935	1457	54.98	62.22	SRR23329748
SRR23329748.17936	1467	49.35	35.65	SRR23329748
SRR23329748.17937	1406	55.41	43.44	SRR23329748
SRR23329748.17938	1442	57.28	45.90	SRR23329748
SRR23329748.17939	1488	49.33	93.00	SRR23329748
SRR23329748.17940	1487	49.29	46.18	SRR23329748
SRR23329748.17941	1477	52.88	90.32	SRR23329748
SRR23329748.17942	1412	56.80	32.58	SRR23329748
SRR23329748.17943	1452	57.30	34.40	SRR23329748
SRR23329748.17944	1451	59.34	41.62	SRR23329748
SRR23329748.17945	1462	53.01	92.81	SRR23329748
SRR23329748.17947	1467	49.49	93.00	SRR23329748
SRR23329748.17948	1413	50.46	29.65	SRR23329748
SRR23329748.17949	1432	53.63	84.16	SRR23329748
SRR23329748.17950	1430	57.55	28.41	SRR23329748
SRR23329748.17951	1471	55.54	37.11	SRR23329748
SRR23329748.17952	1490	55.10	21.91	SRR23329748
SRR23329748.17953	1445	57.85	90.11	SRR23329748
SRR23329748.17954	1460	55.00	92.79	SRR23329748
SRR23329748.17955	1420	54.30	39.53	SRR23329748
SRR23329748.17956	1481	49.49	92.12	SRR23329748
SRR23329748.17957	1475	54.24	35.78	SRR23329748
SRR23329748.17958	1408	55.68	29.85	SRR23329748
SRR23329748.17959	1446	55.60	91.89	SRR23329748
SRR23329748.17960	1436	49.37	92.86	SRR23329748
SRR23329748.17961	1481	49.56	93.00	SRR23329748
SRR23329748.17962	1407	56.65	65.45	SRR23329748
SRR23329748.17963	1484	57.14	72.04	SRR23329748
SRR23329748.17964	1407	56.65	63.99	SRR23329748
SRR23329748.17965	1475	53.90	92.99	SRR23329748
SRR23329748.17967	1460	52.67	37.56	SRR23329748
SRR23329748.17968	1412	56.80	90.88	SRR23329748
SRR23329748.17969	1443	58.91	35.26	SRR23329748
SRR23329748.17970	1453	54.44	70.65	SRR23329748
SRR23329748.17971	1412	55.74	93.00	SRR23329748
SRR23329748.17972	1419	55.67	93.00	SRR23329748
SRR23329748.17973	1412	55.81	41.67	SRR23329748
SRR23329748.17974	1454	51.72	63.61	SRR23329748
SRR23329748.17975	1474	54.21	41.13	SRR23329748
SRR23329748.17976	1481	49.43	65.53	SRR23329748
SRR23329748.17977	1412	56.73	30.59	SRR23329748
SRR23329748.17979	1490	49.26	28.38	SRR23329748
SRR23329748.17981	1473	51.26	46.64	SRR23329748
SRR23329748.17982	1411	55.56	92.93	SRR23329748
SRR23329748.17983	1407	55.65	93.00	SRR23329748
SRR23329748.17984	1488	49.33	93.00	SRR23329748
SRR23329748.17985	1488	49.33	93.00	SRR23329748
SRR23329748.17986	1446	56.92	30.79	SRR23329748
SRR23329748.17987	1454	51.93	43.63	SRR23329748
SRR23329748.17988	1475	54.24	39.58	SRR23329748
SRR23329748.17989	1485	55.42	31.12	SRR23329748
SRR23329748.17990	1407	56.65	65.15	SRR23329748
SRR23329748.17991	1494	54.02	22.74	SRR23329748
SRR23329748.17993	1409	55.57	34.49	SRR23329748
SRR23329748.17994	1459	54.97	36.29	SRR23329748
SRR23329748.17995	1409	59.19	93.00	SRR23329748
SRR23329748.17996	1463	56.19	68.90	SRR23329748
SRR23329748.17997	1460	56.10	78.09	SRR23329748
SRR23329748.17998	1475	53.90	64.01	SRR23329748
SRR23329748.17999	1410	53.48	34.49	SRR23329748
SRR23329748.18000	1469	49.29	28.45	SRR23329748
SRR23329748.18001	1393	54.70	23.01	SRR23329748
SRR23329748.18002	1454	51.79	93.00	SRR23329748
SRR23329748.18003	1453	57.33	42.59	SRR23329748
SRR23329748.18004	1458	53.70	68.62	SRR23329748
SRR23329748.18005	1407	56.01	38.38	SRR23329748
SRR23329748.18006	1445	53.15	61.97	SRR23329748
SRR23329748.18007	1447	55.77	69.09	SRR23329748
SRR23329748.18008	1447	61.23	41.15	SRR23329748
SRR23329748.18009	1449	56.80	25.68	SRR23329748
SRR23329748.18010	1453	55.47	92.55	SRR23329748
SRR23329748.18011	1472	53.94	34.98	SRR23329748
SRR23329748.18012	1481	49.43	50.73	SRR23329748
SRR23329748.18013	1389	56.66	53.42	SRR23329748
SRR23329748.18014	1459	52.91	92.99	SRR23329748
SRR23329748.18015	1474	53.93	23.34	SRR23329748
SRR23329748.18016	1442	56.24	26.35	SRR23329748
SRR23329748.18017	1437	56.92	79.43	SRR23329748
SRR23329748.18019	1443	58.77	31.64	SRR23329748
SRR23329748.18020	1454	51.79	93.00	SRR23329748
SRR23329748.18021	1407	55.93	92.96	SRR23329748
SRR23329748.18022	1407	55.93	51.66	SRR23329748
SRR23329748.18023	1475	54.10	58.69	SRR23329748
SRR23329748.18024	1412	54.46	37.46	SRR23329748
SRR23329748.18025	1407	56.43	28.57	SRR23329748
SRR23329748.18026	1427	45.06	54.46	SRR23329748
SRR23329748.18027	1475	53.90	90.32	SRR23329748
SRR23329748.18028	1407	55.93	40.09	SRR23329748
SRR23329748.18029	1403	56.02	93.00	SRR23329748
SRR23329748.18030	1432	56.70	83.02	SRR23329748
SRR23329748.18031	1488	49.33	93.00	SRR23329748
SRR23329748.18032	1446	57.68	40.62	SRR23329748
SRR23329748.18035	1460	53.97	32.13	SRR23329748
SRR23329748.18036	1475	54.17	60.98	SRR23329748
SRR23329748.18037	1442	52.22	64.58	SRR23329748
SRR23329748.18038	1475	54.03	86.39	SRR23329748
SRR23329748.18039	1441	57.32	60.57	SRR23329748
SRR23329748.18040	1473	51.39	92.91	SRR23329748
SRR23329748.18041	1475	53.83	93.00	SRR23329748
SRR23329748.18042	1458	57.41	34.81	SRR23329748
SRR23329748.18043	1488	49.33	59.01	SRR23329748
SRR23329748.18044	1461	56.40	24.35	SRR23329748
SRR23329748.18045	1438	56.33	39.52	SRR23329748
SRR23329748.18046	1406	56.05	34.21	SRR23329748
SRR23329748.18047	1475	53.90	93.00	SRR23329748
SRR23329748.18048	1407	56.43	93.00	SRR23329748
SRR23329748.18049	1467	49.63	23.80	SRR23329748
SRR23329748.18050	1467	49.28	92.99	SRR23329748
SRR23329748.18051	1481	59.69	72.67	SRR23329748
SRR23329748.18052	1412	55.81	50.50	SRR23329748
SRR23329748.18053	1467	49.49	63.74	SRR23329748
SRR23329748.18054	1420	58.24	93.00	SRR23329748
SRR23329748.18055	1423	49.96	93.00	SRR23329748
SRR23329748.18056	1473	55.47	21.86	SRR23329748
SRR23329748.18057	1414	47.81	93.00	SRR23329748
SRR23329748.18058	1407	56.08	92.98	SRR23329748
SRR23329748.18059	1478	52.03	84.95	SRR23329748
SRR23329748.18060	1422	56.89	93.00	SRR23329748
SRR23329748.18061	1483	54.55	25.61	SRR23329748
SRR23329748.18062	1449	58.45	24.47	SRR23329748
SRR23329748.18063	1407	55.86	93.00	SRR23329748
SRR23329748.18064	1447	56.12	23.31	SRR23329748
SRR23329748.18065	1437	58.46	62.79	SRR23329748
SRR23329748.18066	1456	58.93	35.63	SRR23329748
SRR23329748.18067	1407	56.01	66.96	SRR23329748
SRR23329748.18069	1459	52.50	92.91	SRR23329748
SRR23329748.18070	1386	54.62	31.64	SRR23329748
SRR23329748.18071	1406	56.54	41.46	SRR23329748
SRR23329748.18072	1408	55.82	52.17	SRR23329748
SRR23329748.18073	1443	57.80	29.79	SRR23329748
SRR23329748.18074	1407	55.58	77.90	SRR23329748
SRR23329748.18076	1488	49.33	93.00	SRR23329748
SRR23329748.18077	1465	57.47	25.83	SRR23329748
SRR23329748.18078	1470	52.52	30.95	SRR23329748
SRR23329748.18079	1411	54.93	56.04	SRR23329748
SRR23329748.18080	1447	55.56	78.26	SRR23329748
SRR23329748.18081	1475	53.83	93.00	SRR23329748
SRR23329748.18082	1456	53.57	32.19	SRR23329748
SRR23329748.18083	1407	56.01	93.00	SRR23329748
SRR23329748.18084	1481	49.36	92.16	SRR23329748
SRR23329748.18085	1446	55.60	42.78	SRR23329748
SRR23329748.18087	1407	55.58	93.00	SRR23329748
SRR23329748.18088	1407	56.08	93.00	SRR23329748
SRR23329748.18089	1447	57.57	20.29	SRR23329748
SRR23329748.18090	1472	54.28	26.82	SRR23329748
SRR23329748.18091	1475	54.24	93.00	SRR23329748
SRR23329748.18092	1437	53.31	33.49	SRR23329748
SRR23329748.18093	1467	49.49	93.00	SRR23329748
SRR23329748.18094	1460	55.00	90.10	SRR23329748
SRR23329748.18096	1457	52.85	35.94	SRR23329748
SRR23329748.18097	1453	60.43	25.67	SRR23329748
SRR23329748.18098	1436	58.57	92.85	SRR23329748
SRR23329748.18099	1451	56.17	51.96	SRR23329748
SRR23329748.18101	1467	49.49	93.00	SRR23329748
SRR23329748.18102	1407	55.86	92.89	SRR23329748
SRR23329748.18103	1407	56.65	46.10	SRR23329748
SRR23329748.18104	1406	55.83	25.99	SRR23329748
SRR23329748.18105	1404	56.70	32.71	SRR23329748
SRR23329748.18106	1468	49.39	50.67	SRR23329748
SRR23329748.18107	1407	55.15	23.06	SRR23329748
SRR23329748.18108	1412	56.80	87.00	SRR23329748
SRR23329748.18109	1406	56.61	26.89	SRR23329748
SRR23329748.18110	1446	55.53	93.00	SRR23329748
SRR23329748.18111	1415	54.06	93.00	SRR23329748
SRR23329748.18112	1471	52.48	93.00	SRR23329748
SRR23329748.18113	1407	56.15	33.84	SRR23329748
SRR23329748.18114	1406	55.55	34.55	SRR23329748
SRR23329748.18115	1488	49.33	43.88	SRR23329748
SRR23329748.18116	1441	53.23	93.00	SRR23329748
SRR23329748.18117	1473	51.26	67.67	SRR23329748
SRR23329748.18119	1460	55.89	52.06	SRR23329748
SRR23329748.18120	1467	57.12	56.23	SRR23329748
SRR23329748.18121	1487	55.28	53.45	SRR23329748
SRR23329748.18122	1447	54.18	22.81	SRR23329748
SRR23329748.18123	1409	54.72	93.00	SRR23329748
SRR23329748.18124	1475	53.90	38.40	SRR23329748
SRR23329748.18125	1466	57.37	91.78	SRR23329748
SRR23329748.18126	1388	55.62	42.42	SRR23329748
SRR23329748.18127	1436	57.80	76.21	SRR23329748
SRR23329748.18128	1387	56.02	41.40	SRR23329748
SRR23329748.18129	1460	53.15	93.00	SRR23329748
SRR23329748.18130	1479	49.43	33.76	SRR23329748
SRR23329748.18131	1471	52.48	50.97	SRR23329748
SRR23329748.18132	1471	52.48	93.00	SRR23329748
SRR23329748.18133	1469	55.07	36.56	SRR23329748
SRR23329748.18134	1475	54.17	44.19	SRR23329748
SRR23329748.18135	1411	56.63	23.66	SRR23329748
SRR23329748.18136	1496	49.40	25.66	SRR23329748
SRR23329748.18137	1477	54.10	27.78	SRR23329748
SRR23329748.18138	1552	55.86	30.49	SRR23329748
SRR23329748.18139	1403	55.67	28.72	SRR23329748
SRR23329748.18140	1472	55.64	45.52	SRR23329748
SRR23329748.18141	1460	56.10	93.00	SRR23329748
SRR23329748.18142	1383	55.82	92.96	SRR23329748
SRR23329748.18143	1410	39.15	27.09	SRR23329748
SRR23329748.18144	1422	50.77	28.42	SRR23329748
SRR23329748.18145	1484	55.46	57.26	SRR23329748
SRR23329748.18146	1412	56.80	59.03	SRR23329748
SRR23329748.18147	1404	56.27	23.79	SRR23329748
SRR23329748.18149	1411	55.92	92.97	SRR23329748
SRR23329748.18150	1486	53.30	43.66	SRR23329748
SRR23329748.18151	1451	56.86	24.44	SRR23329748
SRR23329748.18152	1414	56.72	30.31	SRR23329748
SRR23329748.18153	1410	55.60	29.70	SRR23329748
SRR23329748.18154	1408	55.89	26.17	SRR23329748
SRR23329748.18155	1488	53.97	29.99	SRR23329748
SRR23329748.18156	1404	55.84	35.95	SRR23329748
SRR23329748.18157	1415	55.83	27.38	SRR23329748
SRR23329748.18158	1407	56.65	92.63	SRR23329748
SRR23329748.18159	1417	56.74	22.58	SRR23329748
SRR23329748.18160	1488	49.33	61.25	SRR23329748
SRR23329748.18161	1446	55.95	92.98	SRR23329748
SRR23329748.18162	1407	56.65	61.95	SRR23329748
SRR23329748.18163	1470	52.65	66.63	SRR23329748
SRR23329748.18164	1411	55.63	85.59	SRR23329748
SRR23329748.18165	1475	58.71	22.03	SRR23329748
SRR23329748.18166	1412	55.81	92.51	SRR23329748
SRR23329748.18167	1436	56.89	32.59	SRR23329748
SRR23329748.18168	1408	39.35	35.63	SRR23329748
SRR23329748.18169	1470	52.65	45.21	SRR23329748
SRR23329748.18170	1488	49.33	30.01	SRR23329748
SRR23329748.18171	1412	56.80	93.00	SRR23329748
SRR23329748.18172	1433	50.38	25.85	SRR23329748
SRR23329748.18174	1437	58.46	36.26	SRR23329748
SRR23329748.18175	1407	55.93	57.48	SRR23329748
SRR23329748.18176	1471	52.55	22.43	SRR23329748
SRR23329748.18177	1456	58.17	93.00	SRR23329748
SRR23329748.18178	1488	49.33	66.89	SRR23329748
SRR23329748.18179	1474	51.29	32.96	SRR23329748
SRR23329748.18180	1407	56.65	75.48	SRR23329748
SRR23329748.18181	1475	53.97	82.30	SRR23329748
SRR23329748.18182	1478	48.31	92.77	SRR23329748
SRR23329748.18183	1456	55.01	48.63	SRR23329748
SRR23329748.18184	1478	48.31	32.31	SRR23329748
SRR23329748.18185	1456	49.31	22.43	SRR23329748
SRR23329748.18186	1405	56.58	22.44	SRR23329748
SRR23329748.18187	1425	44.98	32.24	SRR23329748
SRR23329748.18189	1407	56.43	93.00	SRR23329748
SRR23329748.18190	1467	49.42	77.29	SRR23329748
SRR23329748.18191	1419	57.51	93.00	SRR23329748
SRR23329748.18192	1488	49.40	93.00	SRR23329748
SRR23329748.18193	1477	54.43	53.69	SRR23329748
SRR23329748.18194	1460	54.04	38.38	SRR23329748
SRR23329748.18195	1406	55.90	34.24	SRR23329748
SRR23329748.18196	1460	55.89	41.65	SRR23329748
SRR23329748.18197	1491	49.23	40.52	SRR23329748
SRR23329748.18198	1407	56.65	45.38	SRR23329748
SRR23329748.18199	1490	53.96	35.80	SRR23329748
SRR23329748.18200	1475	53.90	91.67	SRR23329748
SRR23329748.18201	1448	56.56	23.15	SRR23329748
SRR23329748.18202	1387	54.58	50.18	SRR23329748
SRR23329748.18203	1407	56.01	93.00	SRR23329748
SRR23329748.18204	1447	55.22	92.94	SRR23329748
SRR23329748.18205	1412	56.80	79.28	SRR23329748
SRR23329748.18206	1446	57.75	93.00	SRR23329748
SRR23329748.18207	1488	49.33	92.98	SRR23329748
SRR23329748.18208	1413	55.56	88.61	SRR23329748
SRR23329748.18209	1449	57.69	60.49	SRR23329748
SRR23329748.18210	1717	47.06	24.73	SRR23329748
SRR23329748.18211	1407	55.93	93.00	SRR23329748
SRR23329748.18212	1407	56.65	93.00	SRR23329748
SRR23329748.18213	1405	56.01	30.95	SRR23329748
SRR23329748.18214	1458	58.23	71.60	SRR23329748
SRR23329748.18215	1488	49.33	93.00	SRR23329748
SRR23329748.18216	1473	51.39	68.67	SRR23329748
SRR23329748.18217	1445	57.85	59.59	SRR23329748
SRR23329748.18218	1459	56.34	22.71	SRR23329748
SRR23329748.18219	1479	58.82	93.00	SRR23329748
SRR23329748.18221	1488	49.33	66.93	SRR23329748
SRR23329748.18222	1447	55.77	77.48	SRR23329748
SRR23329748.18223	1467	49.35	93.00	SRR23329748
SRR23329748.18224	1483	55.36	38.50	SRR23329748
SRR23329748.18226	1446	55.60	92.96	SRR23329748
SRR23329748.18227	1449	53.21	26.19	SRR23329748
SRR23329748.18228	1460	53.56	93.00	SRR23329748
SRR23329748.18229	1474	54.27	20.20	SRR23329748
SRR23329748.18230	1389	56.52	93.00	SRR23329748
SRR23329748.18231	1475	53.90	50.27	SRR23329748
SRR23329748.18232	1471	52.48	53.67	SRR23329748
SRR23329748.18233	1466	49.39	30.45	SRR23329748
SRR23329748.18234	1484	55.59	69.27	SRR23329748
SRR23329748.18236	1486	49.26	32.51	SRR23329748
SRR23329748.18237	1403	56.02	93.00	SRR23329748
SRR23329748.18238	1413	50.53	48.50	SRR23329748
SRR23329748.18239	1385	55.45	35.41	SRR23329748
SRR23329748.18240	1419	55.74	23.27	SRR23329748
SRR23329748.18241	1475	51.39	39.67	SRR23329748
SRR23329748.18242	1412	56.80	93.00	SRR23329748
SRR23329748.18243	1437	50.38	33.93	SRR23329748
SRR23329748.18244	1411	54.57	27.63	SRR23329748
SRR23329748.18246	1407	55.93	83.42	SRR23329748
SRR23329748.18247	1454	51.79	93.00	SRR23329748
SRR23329748.18248	1418	47.18	31.00	SRR23329748
SRR23329748.18249	1404	55.77	35.31	SRR23329748
SRR23329748.18250	1383	54.95	92.70	SRR23329748
SRR23329748.18251	1473	54.04	71.93	SRR23329748
SRR23329748.18252	1458	54.46	65.25	SRR23329748
SRR23329748.18253	1446	57.61	52.42	SRR23329748
SRR23329748.18254	1454	51.79	93.00	SRR23329748
SRR23329748.18255	1449	56.25	45.24	SRR23329748
SRR23329748.18256	1475	54.24	39.71	SRR23329748
SRR23329748.18257	1412	55.59	45.01	SRR23329748
SRR23329748.18259	1467	49.49	93.00	SRR23329748
SRR23329748.18260	1458	53.22	34.51	SRR23329748
SRR23329748.18261	1446	56.15	78.64	SRR23329748
SRR23329748.18262	1486	54.04	93.00	SRR23329748
SRR23329748.18263	1466	54.57	25.18	SRR23329748
SRR23329748.18264	1475	53.97	53.42	SRR23329748
SRR23329748.18265	1408	55.82	92.38	SRR23329748
SRR23329748.18267	1407	55.65	53.48	SRR23329748
SRR23329748.18268	1475	53.90	65.18	SRR23329748
SRR23329748.18269	1412	55.81	34.37	SRR23329748
SRR23329748.18270	1445	56.40	92.54	SRR23329748
SRR23329748.18271	1407	56.15	92.89	SRR23329748
SRR23329748.18272	1441	50.59	25.80	SRR23329748
SRR23329748.18273	1470	49.46	21.14	SRR23329748
SRR23329748.18274	1467	49.56	92.93	SRR23329748
SRR23329748.18275	1481	49.43	35.33	SRR23329748
SRR23329748.18276	1457	51.89	30.69	SRR23329748
SRR23329748.18277	1489	49.23	33.76	SRR23329748
SRR23329748.18279	1406	55.69	32.12	SRR23329748
SRR23329748.18280	1385	55.60	93.00	SRR23329748
SRR23329748.18281	1411	54.93	33.86	SRR23329748
SRR23329748.18282	1445	54.60	20.24	SRR23329748
SRR23329748.18283	1453	54.09	92.98	SRR23329748
SRR23329748.18284	1488	49.33	93.00	SRR23329748
SRR23329748.18285	1408	55.75	93.00	SRR23329748
SRR23329748.18286	1471	52.55	24.05	SRR23329748
SRR23329748.18287	1476	54.20	26.53	SRR23329748
SRR23329748.18288	1461	53.46	54.65	SRR23329748
SRR23329748.18290	1467	49.42	66.28	SRR23329748
SRR23329748.18291	1230	36.99	93.00	SRR23329748
SRR23329748.18292	1441	57.60	93.00	SRR23329748
SRR23329748.18293	1411	55.07	25.25	SRR23329748
SRR23329748.18294	1483	55.43	34.52	SRR23329748
SRR23329748.18295	1406	56.61	36.99	SRR23329748
SRR23329748.18296	1423	50.18	87.91	SRR23329748
SRR23329748.18297	1406	56.61	25.48	SRR23329748
SRR23329748.18298	1488	49.26	61.72	SRR23329748
SRR23329748.18299	1437	58.52	39.57	SRR23329748
SRR23329748.18300	1455	58.14	39.44	SRR23329748
SRR23329748.18301	1407	55.93	54.42	SRR23329748
SRR23329748.18302	1407	56.08	51.27	SRR23329748
SRR23329748.18303	1422	56.96	56.71	SRR23329748
SRR23329748.18304	1408	55.75	93.00	SRR23329748
SRR23329748.18305	1489	54.94	20.89	SRR23329748
SRR23329748.18306	1444	58.86	93.00	SRR23329748
SRR23329748.18307	1481	49.43	93.00	SRR23329748
SRR23329748.18308	1418	54.65	22.35	SRR23329748
SRR23329748.18309	1459	56.96	48.63	SRR23329748
SRR23329748.18310	1407	55.65	35.26	SRR23329748
SRR23329748.18311	1464	56.01	21.18	SRR23329748
SRR23329748.18312	1386	55.92	57.08	SRR23329748
SRR23329748.18313	1488	49.33	93.00	SRR23329748
SRR23329748.18314	1407	56.65	62.09	SRR23329748
SRR23329748.18315	1462	58.14	28.24	SRR23329748
SRR23329748.18316	1447	57.57	93.00	SRR23329748
SRR23329748.18317	1407	56.65	93.00	SRR23329748
SRR23329748.18318	1487	49.36	28.59	SRR23329748
SRR23329748.18319	1488	49.33	93.00	SRR23329748
SRR23329748.18320	1447	56.46	93.00	SRR23329748
SRR23329748.18321	1449	57.69	75.82	SRR23329748
SRR23329748.18322	1467	49.49	84.08	SRR23329748
SRR23329748.18323	1406	56.54	42.37	SRR23329748
SRR23329748.18324	1477	53.96	27.09	SRR23329748
SRR23329748.18325	1467	57.40	40.71	SRR23329748
SRR23329748.18326	1404	55.63	32.88	SRR23329748
SRR23329748.18327	1411	51.74	92.99	SRR23329748
SRR23329748.18328	1446	56.43	35.62	SRR23329748
SRR23329748.18329	1443	60.29	29.33	SRR23329748
SRR23329748.18330	1445	57.99	93.00	SRR23329748
SRR23329748.18331	1403	56.52	22.83	SRR23329748
SRR23329748.18332	1411	54.43	92.97	SRR23329748
SRR23329748.18333	1447	54.80	93.00	SRR23329748
SRR23329748.18334	1413	50.53	92.96	SRR23329748
SRR23329748.18335	1411	54.78	93.00	SRR23329748
SRR23329748.18336	1409	59.12	92.16	SRR23329748
SRR23329748.18337	1408	55.89	55.80	SRR23329748
SRR23329748.18338	1408	55.75	71.44	SRR23329748
SRR23329748.18339	1413	54.49	29.70	SRR23329748
SRR23329748.18341	1412	54.67	32.20	SRR23329748
SRR23329748.18342	1481	49.43	44.19	SRR23329748
SRR23329748.18343	1406	56.47	21.88	SRR23329748
SRR23329748.18344	1413	56.19	20.49	SRR23329748
SRR23329748.18345	1475	53.90	93.00	SRR23329748
SRR23329748.18346	1446	57.68	92.64	SRR23329748
SRR23329748.18347	1408	50.99	93.00	SRR23329748
SRR23329748.18348	1408	55.61	20.65	SRR23329748
SRR23329748.18349	1444	56.86	85.69	SRR23329748
SRR23329748.18350	1408	56.11	32.53	SRR23329748
SRR23329748.18352	1387	54.58	93.00	SRR23329748
SRR23329748.18353	1403	56.02	78.30	SRR23329748
SRR23329748.18354	1408	55.89	29.69	SRR23329748
SRR23329748.18355	1467	49.35	55.29	SRR23329748
SRR23329748.18357	1407	55.65	54.85	SRR23329748
SRR23329748.18358	1481	49.36	74.90	SRR23329748
SRR23329748.18361	1463	53.59	25.93	SRR23329748
SRR23329748.18362	1449	56.52	87.97	SRR23329748
SRR23329748.18363	1385	55.67	92.26	SRR23329748
SRR23329748.18364	1444	58.59	31.44	SRR23329748
SRR23329748.18366	1420	56.41	63.52	SRR23329748
SRR23329748.18367	1407	55.58	79.88	SRR23329748
SRR23329748.18368	1478	54.26	28.43	SRR23329748
SRR23329748.18369	1475	54.10	86.09	SRR23329748
SRR23329748.18370	1488	49.33	44.39	SRR23329748
SRR23329748.18371	1436	57.80	86.22	SRR23329748
SRR23329748.18373	1484	55.39	93.00	SRR23329748
SRR23329748.18374	556	52.52	88.59	SRR23329748
SRR23329748.18375	1454	51.79	92.63	SRR23329748
SRR23329748.18376	1484	55.53	90.32	SRR23329748
SRR23329748.18377	1459	52.91	38.24	SRR23329748
SRR23329748.18378	1412	55.81	69.73	SRR23329748
SRR23329748.18379	1412	55.52	91.06	SRR23329748
SRR23329748.18380	1486	54.17	93.00	SRR23329748
SRR23329748.18381	1475	53.97	93.00	SRR23329748
SRR23329748.18382	1475	53.90	47.66	SRR23329748
SRR23329748.18383	1488	49.33	80.81	SRR23329748
SRR23329748.18384	1454	51.86	34.32	SRR23329748
SRR23329748.18385	1412	56.80	93.00	SRR23329748
SRR23329748.18386	1408	55.75	48.47	SRR23329748
SRR23329748.18387	1488	52.15	92.83	SRR23329748
SRR23329748.18388	1426	55.75	41.83	SRR23329748
SRR23329748.18389	1488	49.33	92.98	SRR23329748
SRR23329748.18390	1413	50.53	62.15	SRR23329748
SRR23329748.18392	1444	58.86	92.27	SRR23329748
SRR23329748.18393	1456	55.01	40.06	SRR23329748
SRR23329748.18395	1446	56.02	93.00	SRR23329748
SRR23329748.18396	1478	54.33	34.71	SRR23329748
SRR23329748.18397	1414	53.04	50.06	SRR23329748
SRR23329748.18398	1407	56.43	65.48	SRR23329748
SRR23329748.18399	1408	56.68	39.38	SRR23329748
SRR23329748.18400	1440	54.10	30.32	SRR23329748
SRR23329748.18401	1440	56.11	38.82	SRR23329748
SRR23329748.18402	1475	52.00	21.26	SRR23329748
SRR23329748.18403	1453	55.47	86.35	SRR23329748
SRR23329748.18404	1406	56.61	49.35	SRR23329748
SRR23329748.18405	1460	52.88	47.00	SRR23329748
SRR23329748.18406	1412	56.73	92.83	SRR23329748
SRR23329748.18407	1407	56.01	33.65	SRR23329748
SRR23329748.18408	1453	56.43	92.99	SRR23329748
SRR23329748.18409	1407	55.15	34.45	SRR23329748
SRR23329748.18410	1459	52.91	93.00	SRR23329748
SRR23329748.18411	1481	49.36	63.38	SRR23329748
SRR23329748.18412	1453	57.05	80.81	SRR23329748
SRR23329748.18413	1446	58.78	75.97	SRR23329748
SRR23329748.18414	1391	56.65	30.89	SRR23329748
SRR23329748.18415	1475	54.10	93.00	SRR23329748
SRR23329748.18416	1475	53.83	37.54	SRR23329748
SRR23329748.18417	1457	57.65	71.47	SRR23329748
SRR23329748.18418	1406	56.69	93.00	SRR23329748
SRR23329748.18419	1409	59.19	93.00	SRR23329748
SRR23329748.18420	1478	57.51	74.54	SRR23329748
SRR23329748.18421	1449	56.18	92.14	SRR23329748
SRR23329748.18422	1453	51.75	33.99	SRR23329748
SRR23329748.18423	1475	53.97	57.69	SRR23329748
SRR23329748.18424	1446	55.95	32.06	SRR23329748
SRR23329748.18425	1437	56.92	75.10	SRR23329748
SRR23329748.18426	1475	53.97	57.97	SRR23329748
SRR23329748.18427	1407	56.65	56.69	SRR23329748
SRR23329748.18428	1445	56.89	28.58	SRR23329748
SRR23329748.18429	1466	57.37	45.73	SRR23329748
SRR23329748.18430	1454	51.79	36.57	SRR23329748
SRR23329748.18431	1455	51.68	34.60	SRR23329748
SRR23329748.18432	1457	57.65	92.99	SRR23329748
SRR23329748.18433	1467	49.35	93.00	SRR23329748
SRR23329748.18434	1471	59.89	75.15	SRR23329748
SRR23329748.18435	1452	51.86	29.09	SRR23329748
SRR23329748.18436	1413	56.19	24.08	SRR23329748
SRR23329748.18437	1454	56.46	77.12	SRR23329748
SRR23329748.18438	1406	55.05	37.31	SRR23329748
SRR23329748.18439	1409	58.91	55.10	SRR23329748
SRR23329748.18440	1475	53.97	38.19	SRR23329748
SRR23329748.18441	1455	53.95	24.70	SRR23329748
SRR23329748.18442	1474	51.49	33.54	SRR23329748
SRR23329748.18444	1454	51.79	92.99	SRR23329748
SRR23329748.18445	1489	49.29	33.46	SRR23329748
SRR23329748.18446	1513	42.96	84.09	SRR23329748
SRR23329748.18447	1462	57.46	26.58	SRR23329748
SRR23329748.18448	1473	51.32	93.00	SRR23329748
SRR23329748.18449	1387	54.58	70.37	SRR23329748
SRR23329748.18450	1446	55.60	41.18	SRR23329748
SRR23329748.18452	1468	53.88	28.36	SRR23329748
SRR23329748.18453	1487	49.29	33.62	SRR23329748
SRR23329748.18454	1437	56.16	20.28	SRR23329748
SRR23329748.18455	1407	55.93	55.15	SRR23329748
SRR23329748.18456	1472	51.36	29.05	SRR23329748
SRR23329748.18457	1407	56.65	92.93	SRR23329748
SRR23329748.18458	1407	56.01	86.41	SRR23329748
SRR23329748.18459	1407	56.65	74.56	SRR23329748
SRR23329748.18460	1407	56.15	81.76	SRR23329748
SRR23329748.18461	1475	54.24	48.14	SRR23329748
SRR23329748.18462	1449	57.69	57.61	SRR23329748
SRR23329748.18463	1407	56.57	93.00	SRR23329748
SRR23329748.18464	1455	51.75	56.59	SRR23329748
SRR23329748.18465	1450	56.28	35.05	SRR23329748
SRR23329748.18466	1486	49.53	26.39	SRR23329748
SRR23329748.18467	1412	55.81	92.91	SRR23329748
SRR23329748.18468	1407	55.65	51.68	SRR23329748
SRR23329748.18469	1408	55.75	35.48	SRR23329748
SRR23329748.18470	1475	53.97	63.41	SRR23329748
SRR23329748.18471	1445	57.79	37.60	SRR23329748
SRR23329748.18472	1424	54.00	36.03	SRR23329748
SRR23329748.18473	1465	55.90	60.65	SRR23329748
SRR23329748.18474	1473	51.26	29.35	SRR23329748
SRR23329748.18475	1453	51.69	55.07	SRR23329748
SRR23329748.18476	1476	53.93	32.53	SRR23329748
SRR23329748.18477	1406	55.97	38.59	SRR23329748
SRR23329748.18478	1407	56.29	93.00	SRR23329748
SRR23329748.18479	1417	56.88	22.97	SRR23329748
SRR23329748.18481	1447	56.46	59.52	SRR23329748
SRR23329748.18482	1458	53.22	93.00	SRR23329748
SRR23329748.18483	1447	57.50	93.00	SRR23329748
SRR23329748.18485	1409	55.50	26.18	SRR23329748
SRR23329748.18486	1407	55.93	73.42	SRR23329748
SRR23329748.18488	1449	55.28	22.14	SRR23329748
SRR23329748.18489	1447	57.50	79.38	SRR23329748
SRR23329748.18490	1459	52.91	78.44	SRR23329748
SRR23329748.18491	1453	51.82	31.00	SRR23329748
SRR23329748.18492	1459	52.91	93.00	SRR23329748
SRR23329748.18493	1454	51.79	38.62	SRR23329748
SRR23329748.18494	1407	56.72	51.89	SRR23329748
SRR23329748.18495	1490	49.26	31.27	SRR23329748
SRR23329748.18496	1405	55.59	36.43	SRR23329748
SRR23329748.18497	1412	56.73	51.48	SRR23329748
SRR23329748.18498	1407	56.65	43.58	SRR23329748
SRR23329748.18499	1453	51.75	74.56	SRR23329748
SRR23329748.18500	1383	54.74	93.00	SRR23329748
SRR23329748.18501	1496	53.94	21.56	SRR23329748
SRR23329748.18502	1408	55.75	49.88	SRR23329748
SRR23329748.18503	1445	56.89	44.60	SRR23329748
SRR23329748.18504	1475	54.17	92.98	SRR23329748
SRR23329748.18505	1475	53.90	89.04	SRR23329748
SRR23329748.18506	1457	56.01	36.53	SRR23329748
SRR23329748.18507	1465	55.15	46.87	SRR23329748
SRR23329748.18508	1412	55.81	41.62	SRR23329748
SRR23329748.18509	1414	55.59	37.45	SRR23329748
SRR23329748.18510	1516	54.88	92.98	SRR23329748
SRR23329748.18511	1408	55.75	93.00	SRR23329748
SRR23329748.18512	1405	55.80	23.03	SRR23329748
SRR23329748.18513	1526	53.34	92.37	SRR23329748
SRR23329748.18514	1489	53.93	93.00	SRR23329748
SRR23329748.18515	1436	57.73	46.20	SRR23329748
SRR23329748.18516	1474	53.80	28.44	SRR23329748
SRR23329748.18517	1467	49.35	63.66	SRR23329748
SRR23329748.18518	1419	55.67	85.36	SRR23329748
SRR23329748.18519	1422	56.96	92.95	SRR23329748
SRR23329748.18520	1407	55.65	82.94	SRR23329748
SRR23329748.18521	1714	47.02	72.61	SRR23329748
SRR23329748.18522	1481	49.43	93.00	SRR23329748
SRR23329748.18523	1467	57.53	65.37	SRR23329748
SRR23329748.18525	1474	54.00	93.00	SRR23329748
SRR23329748.18526	1386	55.70	32.44	SRR23329748
SRR23329748.18527	1488	49.33	93.00	SRR23329748
SRR23329748.18528	1406	56.05	29.51	SRR23329748
SRR23329748.18530	1473	54.11	23.01	SRR23329748
SRR23329748.18531	1412	55.52	34.76	SRR23329748
SRR23329748.18532	1407	56.65	36.45	SRR23329748
SRR23329748.18534	1425	55.72	33.61	SRR23329748
SRR23329748.18535	1454	51.44	93.00	SRR23329748
SRR23329748.18536	1416	53.11	35.82	SRR23329748
SRR23329748.18537	1412	56.80	30.36	SRR23329748
SRR23329748.18538	1444	58.93	51.89	SRR23329748
SRR23329748.18539	1445	56.89	92.99	SRR23329748
SRR23329748.18540	1484	55.53	48.71	SRR23329748
SRR23329748.18541	1459	54.28	62.39	SRR23329748
SRR23329748.18543	1407	56.65	76.39	SRR23329748
SRR23329748.18544	1440	55.35	23.81	SRR23329748
SRR23329748.18545	1555	56.01	28.41	SRR23329748
SRR23329748.18546	1454	51.86	72.86	SRR23329748
SRR23329748.18547	1407	56.01	29.62	SRR23329748
SRR23329748.18548	1489	49.36	29.34	SRR23329748
SRR23329748.18549	1449	57.21	92.75	SRR23329748
SRR23329748.18550	1412	56.80	42.39	SRR23329748
SRR23329748.18551	1447	55.91	93.00	SRR23329748
SRR23329748.18553	1407	55.51	90.99	SRR23329748
SRR23329748.18554	1443	56.34	93.00	SRR23329748
SRR23329748.18555	1475	53.83	91.04	SRR23329748
SRR23329748.18556	1407	56.57	93.00	SRR23329748
SRR23329748.18557	1481	49.43	35.66	SRR23329748
SRR23329748.18558	1488	49.33	57.46	SRR23329748
SRR23329748.18559	1408	55.68	35.28	SRR23329748
SRR23329748.18560	1465	53.65	22.84	SRR23329748
SRR23329748.18561	1475	54.24	53.66	SRR23329748
SRR23329748.18562	1407	56.01	76.61	SRR23329748
SRR23329748.18563	1410	56.38	30.83	SRR23329748
SRR23329748.18564	1383	54.88	92.28	SRR23329748
SRR23329748.18565	1410	55.67	25.70	SRR23329748
SRR23329748.18566	1475	53.97	79.33	SRR23329748
SRR23329748.18568	1410	56.67	22.37	SRR23329748
SRR23329748.18570	1488	49.26	92.91	SRR23329748
SRR23329748.18571	1407	55.72	93.00	SRR23329748
SRR23329748.18572	1451	55.27	24.41	SRR23329748
SRR23329748.18573	1412	56.80	31.14	SRR23329748
SRR23329748.18574	1407	55.65	90.28	SRR23329748
SRR23329748.18575	1475	53.97	73.63	SRR23329748
SRR23329748.18577	1407	55.93	35.47	SRR23329748
SRR23329748.18578	1412	56.59	22.37	SRR23329748
SRR23329748.18579	1408	56.04	26.88	SRR23329748
SRR23329748.18580	1476	53.86	23.95	SRR23329748
SRR23329748.18581	1462	52.87	29.33	SRR23329748
SRR23329748.18582	1404	55.98	27.56	SRR23329748
SRR23329748.18583	1437	53.65	24.70	SRR23329748
SRR23329748.18584	1407	56.65	92.41	SRR23329748
SRR23329748.18586	1458	57.27	39.20	SRR23329748
SRR23329748.18587	1408	56.68	29.43	SRR23329748
SRR23329748.18588	1414	55.59	26.87	SRR23329748
SRR23329748.18589	1459	52.91	93.00	SRR23329748
SRR23329748.18590	1420	56.27	29.44	SRR23329748
SRR23329748.18591	1486	55.45	34.41	SRR23329748
SRR23329748.18592	1460	56.16	65.56	SRR23329748
SRR23329748.18593	1455	50.31	27.11	SRR23329748
SRR23329748.18594	1460	53.42	58.13	SRR23329748
SRR23329748.18595	1440	56.25	23.01	SRR23329748
SRR23329748.18596	1445	58.55	92.94	SRR23329748
SRR23329748.18597	1475	53.90	91.65	SRR23329748
SRR23329748.18598	1473	51.26	93.00	SRR23329748
SRR23329748.18599	1412	55.81	93.00	SRR23329748
SRR23329748.18600	1467	49.28	35.61	SRR23329748
SRR23329748.18601	1486	49.26	36.16	SRR23329748
SRR23329748.18602	1484	55.46	50.71	SRR23329748
SRR23329748.18603	1412	55.81	44.04	SRR23329748
SRR23329748.18604	1424	56.25	66.29	SRR23329748
SRR23329748.18605	1428	48.88	21.91	SRR23329748
SRR23329748.18606	1446	55.60	39.40	SRR23329748
SRR23329748.18607	1407	55.65	91.89	SRR23329748
SRR23329748.18608	1475	54.03	91.09	SRR23329748
SRR23329748.18609	1475	54.24	42.43	SRR23329748
SRR23329748.18610	1488	49.33	87.23	SRR23329748
SRR23329748.18611	1471	52.48	29.01	SRR23329748
SRR23329748.18612	1407	56.65	51.36	SRR23329748
SRR23329748.18613	1409	54.72	53.48	SRR23329748
SRR23329748.18614	1444	60.32	93.00	SRR23329748
SRR23329748.18615	1475	53.90	93.00	SRR23329748
SRR23329748.18616	1406	56.61	34.87	SRR23329748
SRR23329748.18617	1447	57.57	93.00	SRR23329748
SRR23329748.18618	1439	57.40	20.81	SRR23329748
SRR23329748.18619	1409	56.56	27.94	SRR23329748
SRR23329748.18620	1475	54.24	92.96	SRR23329748
SRR23329748.18621	1467	49.49	85.20	SRR23329748
SRR23329748.18622	1475	54.10	48.97	SRR23329748
SRR23329748.18623	1474	53.93	39.67	SRR23329748
SRR23329748.18624	1456	54.33	35.53	SRR23329748
SRR23329748.18626	1447	57.71	35.55	SRR23329748
SRR23329748.18627	1488	49.33	73.67	SRR23329748
SRR23329748.18628	1383	55.82	92.76	SRR23329748
SRR23329748.18629	1424	56.74	23.31	SRR23329748
SRR23329748.18630	1482	49.46	39.04	SRR23329748
SRR23329748.18631	1397	56.12	23.94	SRR23329748
SRR23329748.18632	1485	55.02	93.00	SRR23329748
SRR23329748.18633	1481	49.49	37.19	SRR23329748
SRR23329748.18634	1475	53.90	80.89	SRR23329748
SRR23329748.18635	1457	55.04	93.00	SRR23329748
SRR23329748.18636	1388	55.62	24.37	SRR23329748
SRR23329748.18637	1409	55.86	31.08	SRR23329748
SRR23329748.18638	1476	59.35	42.07	SRR23329748
SRR23329748.18639	1451	57.20	29.56	SRR23329748
SRR23329748.18640	1388	56.63	93.00	SRR23329748
SRR23329748.18641	1461	52.70	83.75	SRR23329748
SRR23329748.18642	1407	56.65	61.20	SRR23329748
SRR23329748.18643	1460	52.95	87.46	SRR23329748
SRR23329748.18644	1475	54.03	93.00	SRR23329748
SRR23329748.18645	1408	56.11	72.38	SRR23329748
SRR23329748.18646	1386	55.99	92.99	SRR23329748
SRR23329748.18647	1407	55.93	93.00	SRR23329748
SRR23329748.18648	1476	54.13	93.00	SRR23329748
SRR23329748.18649	1471	52.41	93.00	SRR23329748
SRR23329748.18650	1409	59.19	77.37	SRR23329748
SRR23329748.18651	1407	56.57	75.19	SRR23329748
SRR23329748.18652	1488	49.33	67.80	SRR23329748
SRR23329748.18653	1475	53.90	44.68	SRR23329748
SRR23329748.18654	737	40.43	24.25	SRR23329748
SRR23329748.18655	1407	55.65	39.48	SRR23329748
SRR23329748.18656	1467	49.35	52.08	SRR23329748
SRR23329748.18657	1412	56.80	92.12	SRR23329748
SRR23329748.18658	1447	55.84	72.32	SRR23329748
SRR23329748.18659	1456	55.36	21.32	SRR23329748
SRR23329748.18660	1451	52.38	23.22	SRR23329748
SRR23329748.18661	1413	50.53	65.47	SRR23329748
SRR23329748.18662	1447	55.84	81.07	SRR23329748
SRR23329748.18663	1444	56.16	36.27	SRR23329748
SRR23329748.18664	1406	56.61	31.65	SRR23329748
SRR23329748.18665	1412	55.81	44.46	SRR23329748
SRR23329748.18666	1442	57.91	93.00	SRR23329748
SRR23329748.18667	1445	58.06	43.59	SRR23329748
SRR23329748.18668	1407	55.65	58.33	SRR23329748
SRR23329748.18669	1474	53.93	53.97	SRR23329748
SRR23329748.18670	1453	51.69	38.40	SRR23329748
SRR23329748.18672	1446	55.60	93.00	SRR23329748
SRR23329748.18673	1474	53.87	30.66	SRR23329748
SRR23329748.18675	1407	56.43	27.65	SRR23329748
SRR23329748.18676	1506	49.34	20.59	SRR23329748
SRR23329748.18677	1467	49.49	91.78	SRR23329748
SRR23329748.18678	1407	55.65	53.22	SRR23329748
SRR23329748.18679	1405	56.58	32.88	SRR23329748
SRR23329748.18680	1444	55.96	24.62	SRR23329748
SRR23329748.18681	1476	54.20	25.63	SRR23329748
SRR23329748.18683	1460	57.60	28.35	SRR23329748
SRR23329748.18684	1417	55.89	28.60	SRR23329748
SRR23329748.18685	1475	53.90	89.76	SRR23329748
SRR23329748.18686	1412	56.80	77.28	SRR23329748
SRR23329748.18687	1382	54.99	35.08	SRR23329748
SRR23329748.18688	1442	50.55	59.05	SRR23329748
SRR23329748.18689	1467	49.35	86.98	SRR23329748
SRR23329748.18690	1407	55.65	92.97	SRR23329748
SRR23329748.18691	1410	55.74	29.94	SRR23329748
SRR23329748.18692	1422	59.07	29.88	SRR23329748
SRR23329748.18693	1444	56.37	72.45	SRR23329748
SRR23329748.18695	1389	54.43	53.41	SRR23329748
SRR23329748.18696	1411	55.92	82.13	SRR23329748
SRR23329748.18697	1406	56.61	32.11	SRR23329748
SRR23329748.18698	1467	49.49	92.95	SRR23329748
SRR23329748.18699	1427	45.20	68.96	SRR23329748
SRR23329748.18700	1407	56.65	87.07	SRR23329748
SRR23329748.18701	1415	56.75	31.25	SRR23329748
SRR23329748.18702	1474	53.87	49.08	SRR23329748
SRR23329748.18703	1409	55.64	34.57	SRR23329748
SRR23329748.18704	1417	56.88	27.15	SRR23329748
SRR23329748.18705	1407	56.43	75.22	SRR23329748
SRR23329748.18706	1445	57.85	92.96	SRR23329748
SRR23329748.18707	1412	56.80	46.30	SRR23329748
SRR23329748.18708	1481	49.49	30.07	SRR23329748
SRR23329748.18709	1407	55.65	93.00	SRR23329748
SRR23329748.18711	1407	56.72	35.54	SRR23329748
SRR23329748.18712	1473	51.19	93.00	SRR23329748
SRR23329748.18713	1407	56.08	93.00	SRR23329748
SRR23329748.18714	1488	54.10	20.93	SRR23329748
SRR23329748.18715	1441	55.59	22.45	SRR23329748
SRR23329748.18716	1473	51.12	84.28	SRR23329748
SRR23329748.18717	1467	49.42	92.86	SRR23329748
SRR23329748.18718	1407	55.86	92.51	SRR23329748
SRR23329748.18719	1445	57.65	91.07	SRR23329748
SRR23329748.18720	1473	54.18	25.29	SRR23329748
SRR23329748.18721	1458	58.57	85.39	SRR23329748
SRR23329748.18722	1461	53.25	92.99	SRR23329748
SRR23329748.18723	1473	54.04	21.08	SRR23329748
SRR23329748.18724	1449	55.00	21.54	SRR23329748
SRR23329748.18725	1471	53.77	20.47	SRR23329748
SRR23329748.18726	1413	56.83	27.82	SRR23329748
SRR23329748.18727	1471	53.70	29.13	SRR23329748
SRR23329748.18728	1452	50.55	62.62	SRR23329748
SRR23329748.18729	1406	56.54	40.25	SRR23329748
SRR23329748.18730	1403	56.02	43.21	SRR23329748
SRR23329748.18731	1446	55.60	93.00	SRR23329748
SRR23329748.18732	1407	56.65	41.31	SRR23329748
SRR23329748.18733	1404	55.98	34.47	SRR23329748
SRR23329748.18734	1407	56.57	92.99	SRR23329748
SRR23329748.18735	1409	55.64	35.40	SRR23329748
SRR23329748.18736	1445	56.89	92.45	SRR23329748
SRR23329748.18737	1484	55.39	52.71	SRR23329748
SRR23329748.18738	1484	55.53	71.72	SRR23329748
SRR23329748.18739	1451	51.69	39.17	SRR23329748
SRR23329748.18740	1488	49.33	77.60	SRR23329748
SRR23329748.18741	1466	49.39	30.71	SRR23329748
SRR23329748.18742	1412	56.80	93.00	SRR23329748
SRR23329748.18744	1459	52.91	86.37	SRR23329748
SRR23329748.18745	1459	53.60	32.53	SRR23329748
SRR23329748.18746	1411	55.00	25.51	SRR23329748
SRR23329748.18747	1408	55.75	92.99	SRR23329748
SRR23329748.18748	1480	55.34	29.41	SRR23329748
SRR23329748.18750	1481	49.56	93.00	SRR23329748
SRR23329748.18751	1467	49.35	68.52	SRR23329748
SRR23329748.18752	1488	49.33	93.00	SRR23329748
SRR23329748.18753	1386	55.77	31.87	SRR23329748
SRR23329748.18754	1449	57.69	92.97	SRR23329748
SRR23329748.18755	1488	49.33	80.40	SRR23329748
SRR23329748.18756	1403	56.09	32.53	SRR23329748
SRR23329748.18757	1413	55.56	93.00	SRR23329748
SRR23329748.18758	1454	51.79	32.83	SRR23329748
SRR23329748.18759	1407	55.65	93.00	SRR23329748
SRR23329748.18760	1411	54.00	63.96	SRR23329748
SRR23329748.18761	1407	55.93	92.37	SRR23329748
SRR23329748.18762	1447	55.01	54.42	SRR23329748
SRR23329748.18763	1491	49.63	21.47	SRR23329748
SRR23329748.18764	1445	57.65	81.51	SRR23329748
SRR23329748.18765	1447	55.29	93.00	SRR23329748
SRR23329748.18766	1485	55.82	39.72	SRR23329748
SRR23329748.18767	1477	51.32	29.69	SRR23329748
SRR23329748.18768	1407	56.36	32.54	SRR23329748
SRR23329748.18769	1443	56.41	35.80	SRR23329748
SRR23329748.18770	1441	50.24	20.38	SRR23329748
SRR23329748.18771	1394	52.15	34.27	SRR23329748
SRR23329748.18772	1407	56.08	59.73	SRR23329748
SRR23329748.18773	1426	45.09	43.01	SRR23329748
SRR23329748.18775	1467	49.35	91.64	SRR23329748
SRR23329748.18776	1407	56.01	93.00	SRR23329748
SRR23329748.18778	1408	54.76	28.75	SRR23329748
SRR23329748.18779	1408	55.82	54.47	SRR23329748
SRR23329748.18780	1472	51.22	31.37	SRR23329748
SRR23329748.18781	1409	58.91	93.00	SRR23329748
SRR23329748.18782	1477	52.88	93.00	SRR23329748
SRR23329748.18783	1436	57.73	92.71	SRR23329748
SRR23329748.18784	1412	56.80	66.30	SRR23329748
SRR23329748.18785	1490	53.96	31.29	SRR23329748
SRR23329748.18787	1407	56.65	93.00	SRR23329748
SRR23329748.18788	1488	49.33	67.11	SRR23329748
SRR23329748.18789	1414	55.80	20.24	SRR23329748
SRR23329748.18790	1400	50.21	30.81	SRR23329748
SRR23329748.18791	1407	56.01	93.00	SRR23329748
SRR23329748.18792	1446	55.60	42.10	SRR23329748
SRR23329748.18793	1407	55.65	50.48	SRR23329748
SRR23329748.18794	1456	55.01	88.19	SRR23329748
SRR23329748.18795	1404	55.77	32.56	SRR23329748
SRR23329748.18796	1437	56.85	93.00	SRR23329748
SRR23329748.18798	1383	56.40	29.78	SRR23329748
SRR23329748.18799	1389	55.15	36.43	SRR23329748
SRR23329748.18800	1439	56.36	47.58	SRR23329748
SRR23329748.18802	1406	55.69	38.38	SRR23329748
SRR23329748.18804	1516	50.86	62.72	SRR23329748
SRR23329748.18805	1424	53.37	92.12	SRR23329748
SRR23329748.18806	1475	54.17	92.59	SRR23329748
SRR23329748.18807	1401	55.32	21.02	SRR23329748
SRR23329748.18808	1488	49.33	92.89	SRR23329748
SRR23329748.18809	1428	54.41	26.60	SRR23329748
SRR23329748.18810	1412	56.09	23.80	SRR23329748
SRR23329748.18811	1416	50.56	93.00	SRR23329748
SRR23329748.18812	1443	57.73	24.46	SRR23329748
SRR23329748.18813	1475	53.97	36.60	SRR23329748
SRR23329748.18814	1480	49.39	36.96	SRR23329748
SRR23329748.18815	1460	55.96	93.00	SRR23329748
SRR23329748.18816	1467	49.35	93.00	SRR23329748
SRR23329748.18817	1388	56.56	28.00	SRR23329748
SRR23329748.18819	1407	56.01	93.00	SRR23329748
SRR23329748.18820	1454	54.26	29.29	SRR23329748
SRR23329748.18821	1488	49.33	35.34	SRR23329748
SRR23329748.18822	1483	55.50	57.15	SRR23329748
SRR23329748.18823	1488	49.26	43.05	SRR23329748
SRR23329748.18824	1460	53.56	62.64	SRR23329748
SRR23329748.18826	1478	52.57	30.87	SRR23329748
SRR23329748.18827	1459	57.57	21.01	SRR23329748
SRR23329748.18828	1448	56.63	49.19	SRR23329748
SRR23329748.18829	1411	55.92	46.98	SRR23329748
SRR23329748.18830	1407	55.65	53.42	SRR23329748
SRR23329748.18831	1481	49.43	93.00	SRR23329748
SRR23329748.18833	1407	55.86	62.73	SRR23329748
SRR23329748.18834	1444	56.86	70.56	SRR23329748
SRR23329748.18836	1407	56.57	93.00	SRR23329748
SRR23329748.18837	1467	57.06	93.00	SRR23329748
SRR23329748.18838	1423	50.25	39.63	SRR23329748
SRR23329748.18839	1450	55.93	27.16	SRR23329748
SRR23329748.18840	1467	49.35	79.67	SRR23329748
SRR23329748.18841	1455	56.01	20.72	SRR23329748
SRR23329748.18842	1436	58.50	42.46	SRR23329748
SRR23329748.18843	1427	45.20	93.00	SRR23329748
SRR23329748.18844	1460	56.16	54.58	SRR23329748
SRR23329748.18845	1475	54.24	93.00	SRR23329748
SRR23329748.18847	1446	55.60	55.54	SRR23329748
SRR23329748.18848	1386	54.47	29.95	SRR23329748
SRR23329748.18849	1475	53.97	92.77	SRR23329748
SRR23329748.18850	1451	59.34	92.99	SRR23329748
SRR23329748.18851	1491	52.18	30.34	SRR23329748
SRR23329748.18852	1448	58.91	29.71	SRR23329748
SRR23329748.18853	1442	60.40	92.85	SRR23329748
SRR23329748.18854	1473	53.90	25.45	SRR23329748
SRR23329748.18855	1491	55.33	21.28	SRR23329748
SRR23329748.18856	1446	55.60	66.59	SRR23329748
SRR23329748.18857	1481	49.43	81.02	SRR23329748
SRR23329748.18858	1472	48.10	24.02	SRR23329748
SRR23329748.18859	1489	53.93	52.56	SRR23329748
SRR23329748.18860	1461	52.70	93.00	SRR23329748
SRR23329748.18861	1404	55.77	31.22	SRR23329748
SRR23329748.18862	1423	50.25	67.52	SRR23329748
SRR23329748.18863	1475	54.10	41.47	SRR23329748
SRR23329748.18864	1396	52.22	60.37	SRR23329748
SRR23329748.18865	1447	52.52	93.00	SRR23329748
SRR23329748.18867	1407	55.86	92.95	SRR23329748
SRR23329748.18868	1488	49.26	92.94	SRR23329748
SRR23329748.18871	1467	49.56	32.38	SRR23329748
SRR23329748.18872	1411	55.92	91.03	SRR23329748
SRR23329748.18873	1489	49.36	25.43	SRR23329748
SRR23329748.18874	1444	58.10	60.39	SRR23329748
SRR23329748.18875	1407	56.08	33.57	SRR23329748
SRR23329748.18877	1443	55.93	93.00	SRR23329748
SRR23329748.18878	1488	49.40	92.95	SRR23329748
SRR23329748.18879	1443	52.18	43.06	SRR23329748
SRR23329748.18880	1418	57.90	28.12	SRR23329748
SRR23329748.18881	1442	52.08	23.50	SRR23329748
SRR23329748.18882	1444	57.76	38.14	SRR23329748
SRR23329748.18883	1488	49.33	92.65	SRR23329748
SRR23329748.18884	1414	47.81	93.00	SRR23329748
SRR23329748.18885	1442	52.08	34.82	SRR23329748
SRR23329748.18886	1414	53.04	93.00	SRR23329748
SRR23329748.18887	1473	54.11	26.20	SRR23329748
SRR23329748.18888	1403	55.95	61.85	SRR23329748
SRR23329748.18889	1467	49.35	93.00	SRR23329748
SRR23329748.18890	1475	54.24	40.47	SRR23329748
SRR23329748.18891	1406	55.62	32.72	SRR23329748
SRR23329748.18892	1407	56.65	81.65	SRR23329748
SRR23329748.18893	1413	54.64	89.40	SRR23329748
SRR23329748.18894	1481	49.43	46.21	SRR23329748
SRR23329748.18895	1409	54.72	93.00	SRR23329748
SRR23329748.18896	1474	54.07	35.77	SRR23329748
SRR23329748.18897	1484	55.73	32.38	SRR23329748
SRR23329748.18898	1447	56.32	93.00	SRR23329748
SRR23329748.18899	1454	51.65	93.00	SRR23329748
SRR23329748.18900	1397	56.69	22.80	SRR23329748
SRR23329748.18901	1407	56.43	69.46	SRR23329748
SRR23329748.18902	1411	56.70	47.22	SRR23329748
SRR23329748.18903	1407	55.86	63.41	SRR23329748
SRR23329748.18904	1407	55.93	71.43	SRR23329748
SRR23329748.18905	1472	50.07	21.78	SRR23329748
SRR23329748.18906	1446	55.53	93.00	SRR23329748
SRR23329748.18907	1476	54.27	22.37	SRR23329748
SRR23329748.18908	1444	56.86	74.53	SRR23329748
SRR23329748.18909	1403	56.52	33.68	SRR23329748
SRR23329748.18910	1438	59.74	49.02	SRR23329748
SRR23329748.18911	1458	53.64	93.00	SRR23329748
SRR23329748.18913	1405	56.51	25.67	SRR23329748
SRR23329748.18914	1407	55.37	38.68	SRR23329748
SRR23329748.18915	1470	52.72	89.28	SRR23329748
SRR23329748.18916	1485	54.21	35.73	SRR23329748
SRR23329748.18917	1454	51.72	92.81	SRR23329748
SRR23329748.18918	1471	59.28	31.97	SRR23329748
SRR23329748.18919	1471	52.48	89.56	SRR23329748
SRR23329748.18921	1464	57.31	26.96	SRR23329748
SRR23329748.18922	1445	56.89	93.00	SRR23329748
SRR23329748.18923	1486	49.39	28.04	SRR23329748
SRR23329748.18924	1446	56.02	35.28	SRR23329748
SRR23329748.18925	1469	52.62	57.82	SRR23329748
SRR23329748.18926	1488	49.33	40.47	SRR23329748
SRR23329748.18927	1445	55.57	28.47	SRR23329748
SRR23329748.18928	1411	55.63	31.94	SRR23329748
SRR23329748.18929	1467	57.46	51.61	SRR23329748
SRR23329748.18930	1423	50.25	93.00	SRR23329748
SRR23329748.18931	1411	51.81	93.00	SRR23329748
SRR23329748.18932	1437	56.78	92.99	SRR23329748
SRR23329748.18933	1385	56.53	33.04	SRR23329748
SRR23329748.18934	1447	55.84	26.46	SRR23329748
SRR23329748.18935	1433	49.34	32.76	SRR23329748
SRR23329748.18936	1407	56.57	45.67	SRR23329748
SRR23329748.18937	1423	47.93	25.82	SRR23329748
SRR23329748.18938	1439	58.58	26.68	SRR23329748
SRR23329748.18939	1438	53.13	31.92	SRR23329748
SRR23329748.18940	1460	53.56	51.23	SRR23329748
SRR23329748.18941	1459	57.57	92.55	SRR23329748
SRR23329748.18942	1449	59.63	22.33	SRR23329748
SRR23329748.18943	1407	55.65	53.22	SRR23329748
SRR23329748.18944	1407	55.65	88.53	SRR23329748
SRR23329748.18945	1448	58.49	21.19	SRR23329748
SRR23329748.18946	1486	54.17	43.70	SRR23329748
SRR23329748.18947	1486	54.31	93.00	SRR23329748
SRR23329748.18948	1407	55.72	91.53	SRR23329748
SRR23329748.18949	1411	51.81	92.12	SRR23329748
SRR23329748.18950	1464	56.22	59.89	SRR23329748
SRR23329748.18951	1474	51.15	32.80	SRR23329748
SRR23329748.18952	1411	54.50	43.60	SRR23329748
SRR23329748.18953	1406	55.76	37.81	SRR23329748
SRR23329748.18955	1453	57.05	34.52	SRR23329748
SRR23329748.18957	1405	56.51	28.82	SRR23329748
SRR23329748.18958	1407	55.08	26.39	SRR23329748
SRR23329748.18959	1472	55.10	45.23	SRR23329748
SRR23329748.18960	1473	53.90	27.55	SRR23329748
SRR23329748.18961	1480	53.99	24.08	SRR23329748
SRR23329748.18962	1471	53.84	28.82	SRR23329748
SRR23329748.18963	1475	54.24	93.00	SRR23329748
SRR23329748.18964	1412	55.74	45.30	SRR23329748
SRR23329748.18965	1445	57.92	40.44	SRR23329748
SRR23329748.18966	1411	55.63	84.66	SRR23329748
SRR23329748.18967	1406	56.61	92.99	SRR23329748
SRR23329748.18968	1416	56.00	24.45	SRR23329748
SRR23329748.18969	1407	55.93	42.38	SRR23329748
SRR23329748.18970	1473	51.39	71.65	SRR23329748
SRR23329748.18971	1467	49.49	90.29	SRR23329748
SRR23329748.18972	1459	52.84	44.96	SRR23329748
SRR23329748.18973	1461	52.64	73.32	SRR23329748
SRR23329748.18975	1488	49.33	47.30	SRR23329748
SRR23329748.18976	1474	48.98	21.55	SRR23329748
SRR23329748.18977	1480	49.32	22.38	SRR23329748
SRR23329748.18978	1437	58.52	91.71	SRR23329748
SRR23329748.18979	1424	54.14	71.50	SRR23329748
SRR23329748.18980	1475	54.24	86.42	SRR23329748
SRR23329748.18981	1472	59.92	27.05	SRR23329748
SRR23329748.18982	1475	54.17	92.56	SRR23329748
SRR23329748.18983	1473	53.84	31.67	SRR23329748
SRR23329748.18984	1407	56.65	60.13	SRR23329748
SRR23329748.18985	1442	57.35	39.19	SRR23329748
SRR23329748.18986	1475	54.24	93.00	SRR23329748
SRR23329748.18987	1458	57.61	36.62	SRR23329748
SRR23329748.18988	1383	54.88	35.39	SRR23329748
SRR23329748.18989	1412	57.22	30.88	SRR23329748
SRR23329748.18990	1407	54.73	79.29	SRR23329748
SRR23329748.18991	1386	56.06	21.92	SRR23329748
SRR23329748.18992	1407	56.43	75.59	SRR23329748
SRR23329748.18993	1475	53.90	92.77	SRR23329748
SRR23329748.18994	1407	56.08	61.39	SRR23329748
SRR23329748.18995	1459	54.01	82.06	SRR23329748
SRR23329748.18996	1329	54.55	93.00	SRR23329748
SRR23329748.18997	1417	50.04	22.15	SRR23329748
SRR23329748.18998	1407	56.65	51.89	SRR23329748
SRR23329748.18999	1415	47.07	33.17	SRR23329748
SRR23329748.19000	1488	49.33	92.99	SRR23329748
SRR23329748.19001	1535	51.34	23.07	SRR23329748
SRR23329748.19003	1447	54.87	46.33	SRR23329748
SRR23329748.19004	1437	58.46	92.53	SRR23329748
SRR23329748.19005	1412	55.74	62.39	SRR23329748
SRR23329748.19006	1476	53.93	25.50	SRR23329748
SRR23329748.19007	1391	56.43	44.65	SRR23329748
SRR23329748.19008	1449	56.52	37.91	SRR23329748
SRR23329748.19009	1473	51.39	93.00	SRR23329748
SRR23329748.19010	1467	49.63	32.11	SRR23329748
SRR23329748.19011	1475	54.24	91.13	SRR23329748
SRR23329748.19012	1407	56.08	70.46	SRR23329748
SRR23329748.19013	1471	51.26	29.90	SRR23329748
SRR23329748.19014	1457	58.96	29.80	SRR23329748
SRR23329748.19015	1411	55.56	34.09	SRR23329748
SRR23329748.19017	1467	49.28	93.00	SRR23329748
SRR23329748.19019	1457	53.47	24.24	SRR23329748
SRR23329748.19020	1474	51.29	39.62	SRR23329748
SRR23329748.19021	1444	58.86	62.21	SRR23329748
SRR23329748.19022	1412	56.80	93.00	SRR23329748
SRR23329748.19023	1412	56.80	93.00	SRR23329748
SRR23329748.19024	1441	50.52	27.62	SRR23329748
SRR23329748.19025	1407	56.01	48.07	SRR23329748
SRR23329748.19026	1407	55.65	59.18	SRR23329748
SRR23329748.19027	1411	56.84	32.12	SRR23329748
SRR23329748.19028	1420	56.34	20.18	SRR23329748
SRR23329748.19029	1444	58.93	50.64	SRR23329748
SRR23329748.19030	1407	56.01	39.48	SRR23329748
SRR23329748.19032	1482	44.13	57.31	SRR23329748
SRR23329748.19033	1410	54.40	61.28	SRR23329748
SRR23329748.19034	1486	49.26	25.16	SRR23329748
SRR23329748.19035	1463	53.66	36.51	SRR23329748
SRR23329748.19036	1481	49.43	32.69	SRR23329748
SRR23329748.19037	1446	55.60	93.00	SRR23329748
SRR23329748.19038	1407	56.72	88.55	SRR23329748
SRR23329748.19039	1412	56.73	93.00	SRR23329748
SRR23329748.19040	1447	56.67	34.59	SRR23329748
SRR23329748.19041	1467	57.26	93.00	SRR23329748
SRR23329748.19042	1475	54.10	83.19	SRR23329748
SRR23329748.19043	1526	53.41	91.16	SRR23329748
SRR23329748.19044	1446	57.61	35.52	SRR23329748
SRR23329748.19045	1408	55.82	51.27	SRR23329748
SRR23329748.19046	1475	51.39	50.64	SRR23329748
SRR23329748.19047	1408	55.68	32.56	SRR23329748
SRR23329748.19049	1423	50.25	25.49	SRR23329748
SRR23329748.19050	1412	55.81	93.00	SRR23329748
SRR23329748.19051	1444	57.89	23.68	SRR23329748
SRR23329748.19052	1443	56.20	28.18	SRR23329748
SRR23329748.19053	1410	55.89	37.88	SRR23329748
SRR23329748.19054	1444	55.19	24.24	SRR23329748
SRR23329748.19055	1488	49.33	32.28	SRR23329748
SRR23329748.19056	1403	56.02	46.69	SRR23329748
SRR23329748.19057	1385	55.96	34.84	SRR23329748
SRR23329748.19058	1481	49.43	71.61	SRR23329748
SRR23329748.19059	1423	59.38	31.59	SRR23329748
SRR23329748.19060	1425	56.14	92.93	SRR23329748
SRR23329748.19061	1452	57.16	89.80	SRR23329748
SRR23329748.19062	1526	53.34	73.91	SRR23329748
SRR23329748.19063	1452	56.47	27.35	SRR23329748
SRR23329748.19064	1405	55.80	35.65	SRR23329748
SRR23329748.19065	1488	49.33	30.59	SRR23329748
SRR23329748.19068	1433	59.25	93.00	SRR23329748
SRR23329748.19069	1445	57.99	25.50	SRR23329748
SRR23329748.19070	1469	49.56	32.22	SRR23329748
SRR23329748.19071	1446	55.60	93.00	SRR23329748
SRR23329748.19072	1388	55.76	93.00	SRR23329748
SRR23329748.19073	1488	49.33	92.15	SRR23329748
SRR23329748.19074	1475	53.90	55.66	SRR23329748
SRR23329748.19075	1460	52.60	57.61	SRR23329748
SRR23329748.19076	1467	57.40	31.83	SRR23329748
SRR23329748.19077	1408	55.61	35.49	SRR23329748
SRR23329748.19078	1412	55.74	69.93	SRR23329748
SRR23329748.19079	1445	57.85	51.84	SRR23329748
SRR23329748.19080	1472	51.29	29.41	SRR23329748
SRR23329748.19081	1460	53.56	75.98	SRR23329748
SRR23329748.19082	1422	54.08	32.14	SRR23329748
SRR23329748.19083	1412	55.81	42.63	SRR23329748
SRR23329748.19084	1468	57.22	33.75	SRR23329748
SRR23329748.19085	1447	54.87	93.00	SRR23329748
SRR23329748.19086	1409	55.86	27.32	SRR23329748
SRR23329748.19087	1473	51.39	93.00	SRR23329748
SRR23329748.19088	1483	44.10	46.83	SRR23329748
SRR23329748.19089	1451	50.38	84.03	SRR23329748
SRR23329748.19090	1452	51.65	28.05	SRR23329748
SRR23329748.19091	1412	55.88	27.10	SRR23329748
SRR23329748.19092	1413	57.75	92.91	SRR23329748
SRR23329748.19093	1475	53.90	93.00	SRR23329748
SRR23329748.19094	1385	54.87	24.07	SRR23329748
SRR23329748.19095	1453	55.47	39.74	SRR23329748
SRR23329748.19096	1407	55.72	93.00	SRR23329748
SRR23329748.19098	1407	56.08	31.12	SRR23329748
SRR23329748.19099	1481	59.69	92.97	SRR23329748
SRR23329748.19100	1437	56.92	38.07	SRR23329748
SRR23329748.19101	1481	49.43	29.03	SRR23329748
SRR23329748.19102	1473	51.26	30.59	SRR23329748
SRR23329748.19103	1409	55.64	61.41	SRR23329748
SRR23329748.19104	1474	54.21	37.68	SRR23329748
SRR23329748.19105	1438	58.55	27.20	SRR23329748
SRR23329748.19106	1447	55.56	34.87	SRR23329748
SRR23329748.19107	1460	53.49	35.64	SRR23329748
SRR23329748.19108	1438	53.34	61.76	SRR23329748
SRR23329748.19109	1446	55.26	43.75	SRR23329748
SRR23329748.19110	1473	54.04	36.93	SRR23329748
SRR23329748.19111	1420	56.41	93.00	SRR23329748
SRR23329748.19112	1486	53.30	92.99	SRR23329748
SRR23329748.19113	1460	53.42	91.37	SRR23329748
SRR23329748.19114	1475	54.24	58.56	SRR23329748
SRR23329748.19115	1426	45.09	57.54	SRR23329748
SRR23329748.19116	1475	54.03	67.29	SRR23329748
SRR23329748.19118	1405	55.87	31.55	SRR23329748
SRR23329748.19119	1484	56.00	93.00	SRR23329748
SRR23329748.19120	1408	55.82	40.37	SRR23329748
SRR23329748.19121	1403	55.95	93.00	SRR23329748
SRR23329748.19122	1407	55.65	93.00	SRR23329748
SRR23329748.19123	1442	50.55	54.59	SRR23329748
SRR23329748.19124	1445	55.85	51.98	SRR23329748
SRR23329748.19125	1474	53.87	40.68	SRR23329748
SRR23329748.19126	1467	57.40	35.66	SRR23329748
SRR23329748.19127	1454	58.73	21.50	SRR23329748
SRR23329748.19128	1454	51.79	30.04	SRR23329748
SRR23329748.19129	1411	54.64	77.12	SRR23329748
SRR23329748.19130	1388	55.62	91.36	SRR23329748
SRR23329748.19131	1447	58.74	93.00	SRR23329748
SRR23329748.19132	1411	56.06	85.57	SRR23329748
SRR23329748.19133	1410	55.60	32.62	SRR23329748
SRR23329748.19134	1407	55.86	32.35	SRR23329748
SRR23329748.19135	1475	53.97	70.45	SRR23329748
SRR23329748.19137	1474	54.07	71.30	SRR23329748
SRR23329748.19138	1431	57.65	93.00	SRR23329748
SRR23329748.19139	1435	56.59	35.22	SRR23329748
SRR23329748.19140	1467	57.46	35.96	SRR23329748
SRR23329748.19141	1481	49.36	90.09	SRR23329748
SRR23329748.19142	1440	57.99	93.00	SRR23329748
SRR23329748.19143	1449	56.18	63.84	SRR23329748
SRR23329748.19144	1464	49.39	22.79	SRR23329748
SRR23329748.19145	1488	49.33	49.72	SRR23329748
SRR23329748.19146	1474	54.21	33.85	SRR23329748
SRR23329748.19147	1442	52.15	93.00	SRR23329748
SRR23329748.19148	1489	49.36	41.11	SRR23329748
SRR23329748.19149	1411	55.71	67.00	SRR23329748
SRR23329748.19150	1446	55.60	93.00	SRR23329748
SRR23329748.19151	1416	57.06	22.57	SRR23329748
SRR23329748.19152	1441	52.53	77.04	SRR23329748
SRR23329748.19153	1446	58.78	93.00	SRR23329748
SRR23329748.19155	1444	58.86	66.61	SRR23329748
SRR23329748.19156	1478	53.79	59.69	SRR23329748
SRR23329748.19157	1385	56.39	40.33	SRR23329748
SRR23329748.19158	1467	49.49	85.19	SRR23329748
SRR23329748.19159	1459	52.91	87.29	SRR23329748
SRR23329748.19160	1407	56.65	93.00	SRR23329748
SRR23329748.19161	1408	56.11	33.59	SRR23329748
SRR23329748.19162	1441	57.32	75.65	SRR23329748
SRR23329748.19163	1387	54.58	90.16	SRR23329748
SRR23329748.19164	1467	57.06	52.58	SRR23329748
SRR23329748.19165	1403	56.02	93.00	SRR23329748
SRR23329748.19166	1481	55.64	27.77	SRR23329748
SRR23329748.19167	1453	50.45	29.00	SRR23329748
SRR23329748.19168	1481	49.43	56.70	SRR23329748
SRR23329748.19169	1465	55.15	47.66	SRR23329748
SRR23329748.19170	1464	53.55	30.29	SRR23329748
SRR23329748.19171	1467	49.49	93.00	SRR23329748
SRR23329748.19172	1437	58.52	57.63	SRR23329748
SRR23329748.19173	1476	54.00	31.69	SRR23329748
SRR23329748.19174	1459	57.16	93.00	SRR23329748
SRR23329748.19175	1450	55.31	30.14	SRR23329748
SRR23329748.19176	1432	56.63	92.64	SRR23329748
SRR23329748.19177	1476	54.27	35.88	SRR23329748
SRR23329748.19178	1444	58.10	59.23	SRR23329748
SRR23329748.19179	1444	56.86	92.98	SRR23329748
SRR23329748.19180	1408	56.61	30.01	SRR23329748
SRR23329748.19181	1407	56.01	65.38	SRR23329748
SRR23329748.19183	1447	55.98	92.94	SRR23329748
SRR23329748.19184	1460	53.42	35.03	SRR23329748
SRR23329748.19185	1425	55.72	44.48	SRR23329748
SRR23329748.19186	1444	58.86	93.00	SRR23329748
SRR23329748.19187	1426	45.09	90.69	SRR23329748
SRR23329748.19188	1388	55.62	92.81	SRR23329748
SRR23329748.19190	1411	54.50	46.92	SRR23329748
SRR23329748.19191	1408	55.75	61.46	SRR23329748
SRR23329748.19192	1470	52.65	32.32	SRR23329748
SRR23329748.19193	1467	49.35	79.09	SRR23329748
SRR23329748.19194	1481	49.49	93.00	SRR23329748
SRR23329748.19196	1387	54.58	69.40	SRR23329748
SRR23329748.19197	1397	52.25	61.97	SRR23329748
SRR23329748.19198	1446	57.68	93.00	SRR23329748
SRR23329748.19199	1477	54.10	21.01	SRR23329748
SRR23329748.19200	1386	55.92	28.80	SRR23329748
SRR23329748.19202	1410	56.60	41.12	SRR23329748
SRR23329748.19203	1413	55.56	92.82	SRR23329748
SRR23329748.19204	1439	55.52	26.68	SRR23329748
SRR23329748.19205	1407	55.65	39.20	SRR23329748
SRR23329748.19206	1484	55.59	86.59	SRR23329748
SRR23329748.19207	1410	54.33	20.52	SRR23329748
SRR23329748.19208	1412	54.60	93.00	SRR23329748
SRR23329748.19211	1454	50.48	92.60	SRR23329748
SRR23329748.19212	1484	55.93	92.83	SRR23329748
SRR23329748.19213	1433	55.97	26.07	SRR23329748
SRR23329748.19214	1407	56.65	54.48	SRR23329748
SRR23329748.19215	1446	55.53	92.02	SRR23329748
SRR23329748.19216	1473	53.97	93.00	SRR23329748
SRR23329748.19217	1488	49.26	78.39	SRR23329748
SRR23329748.19218	1488	49.26	93.00	SRR23329748
SRR23329748.19219	1488	49.33	63.72	SRR23329748
SRR23329748.19221	1407	56.65	63.48	SRR23329748
SRR23329748.19222	1514	44.19	40.29	SRR23329748
SRR23329748.19223	1412	55.81	73.38	SRR23329748
SRR23329748.19225	1488	55.44	28.69	SRR23329748
SRR23329748.19226	1473	51.39	81.70	SRR23329748
SRR23329748.19227	1430	55.80	21.04	SRR23329748
SRR23329748.19228	1407	55.51	80.16	SRR23329748
SRR23329748.19229	1475	53.90	87.84	SRR23329748
SRR23329748.19230	1404	56.62	33.50	SRR23329748
SRR23329748.19232	1465	57.34	27.28	SRR23329748
SRR23329748.19233	1554	55.86	27.66	SRR23329748
SRR23329748.19234	1478	54.26	29.78	SRR23329748
SRR23329748.19235	1408	55.82	47.83	SRR23329748
SRR23329748.19236	1421	56.79	43.53	SRR23329748
SRR23329748.19237	1407	56.79	31.44	SRR23329748
SRR23329748.19238	1474	54.27	29.65	SRR23329748
SRR23329748.19239	1448	56.49	28.38	SRR23329748
SRR23329748.19240	1389	56.52	24.02	SRR23329748
SRR23329748.19241	1407	56.65	90.22	SRR23329748
SRR23329748.19242	1447	55.22	93.00	SRR23329748
SRR23329748.19243	1488	49.33	93.00	SRR23329748
SRR23329748.19244	1407	55.72	48.26	SRR23329748
SRR23329748.19245	1470	51.22	21.45	SRR23329748
SRR23329748.19246	1412	57.15	38.45	SRR23329748
SRR23329748.19247	1475	53.90	93.00	SRR23329748
SRR23329748.19248	1412	55.81	93.00	SRR23329748
SRR23329748.19249	1164	46.48	92.76	SRR23329748
SRR23329748.19250	1448	56.84	29.19	SRR23329748
SRR23329748.19251	1412	57.15	68.45	SRR23329748
SRR23329748.19252	1407	55.15	91.23	SRR23329748
SRR23329748.19253	1432	53.63	65.61	SRR23329748
SRR23329748.19254	1411	54.64	24.93	SRR23329748
SRR23329748.19255	1407	56.08	93.00	SRR23329748
SRR23329748.19257	1407	55.65	93.00	SRR23329748
SRR23329748.19258	1475	54.17	43.69	SRR23329748
SRR23329748.19259	1443	50.45	27.61	SRR23329748
SRR23329748.19260	1475	53.97	50.87	SRR23329748
SRR23329748.19261	1475	53.97	84.52	SRR23329748
SRR23329748.19262	1487	49.29	38.72	SRR23329748
SRR23329748.19263	1407	56.65	44.25	SRR23329748
SRR23329748.19264	1407	56.43	52.28	SRR23329748
SRR23329748.19265	1383	55.17	58.39	SRR23329748
SRR23329748.19266	1440	58.61	32.97	SRR23329748
SRR23329748.19267	1481	49.56	59.70	SRR23329748
SRR23329748.19268	1436	56.75	31.91	SRR23329748
SRR23329748.19269	1475	54.10	88.22	SRR23329748
SRR23329748.19270	1465	55.90	52.64	SRR23329748
SRR23329748.19271	1474	53.87	25.88	SRR23329748
SRR23329748.19272	1435	57.77	26.29	SRR23329748
SRR23329748.19273	1425	55.65	92.95	SRR23329748
SRR23329748.19274	1456	59.00	92.39	SRR23329748
SRR23329748.19275	1406	55.83	21.48	SRR23329748
SRR23329748.19276	1404	56.55	31.60	SRR23329748
SRR23329748.19277	1488	49.33	81.28	SRR23329748
SRR23329748.19278	1467	49.49	74.05	SRR23329748
SRR23329748.19280	1447	57.91	92.31	SRR23329748
SRR23329748.19281	1475	54.03	87.32	SRR23329748
SRR23329748.19282	1714	46.97	45.33	SRR23329748
SRR23329748.19283	1475	54.17	92.77	SRR23329748
SRR23329748.19284	1471	53.91	23.53	SRR23329748
SRR23329748.19286	1444	59.07	93.00	SRR23329748
SRR23329748.19287	1413	55.48	92.77	SRR23329748
SRR23329748.19288	1475	53.90	89.29	SRR23329748
SRR23329748.19289	1385	55.45	62.47	SRR23329748
SRR23329748.19290	1467	57.40	35.01	SRR23329748
SRR23329748.19291	1514	44.19	33.51	SRR23329748
SRR23329748.19293	1408	55.75	37.68	SRR23329748
SRR23329748.19295	1411	54.64	93.00	SRR23329748
SRR23329748.19296	1407	55.93	42.77	SRR23329748
SRR23329748.19298	1446	55.53	30.37	SRR23329748
SRR23329748.19299	1406	56.47	63.48	SRR23329748
SRR23329748.19300	1476	53.93	35.92	SRR23329748
SRR23329748.19301	1488	49.40	88.11	SRR23329748
SRR23329748.19302	1435	56.24	33.92	SRR23329748
SRR23329748.19303	1481	49.43	52.04	SRR23329748
SRR23329748.19304	1453	51.75	35.23	SRR23329748
SRR23329748.19305	1444	58.86	93.00	SRR23329748
SRR23329748.19306	1472	51.09	27.06	SRR23329748
SRR23329748.19307	1475	53.83	36.79	SRR23329748
SRR23329748.19308	1405	55.73	25.14	SRR23329748
SRR23329748.19309	1460	55.89	91.03	SRR23329748
SRR23329748.19310	1449	58.73	35.96	SRR23329748
SRR23329748.19311	1445	55.29	30.67	SRR23329748
SRR23329748.19312	1422	50.07	34.86	SRR23329748
SRR23329748.19313	1442	50.55	48.58	SRR23329748
SRR23329748.19314	1407	56.08	92.63	SRR23329748
SRR23329748.19315	1447	55.77	92.54	SRR23329748
SRR23329748.19316	1407	55.65	89.58	SRR23329748
SRR23329748.19317	1414	54.60	66.45	SRR23329748
SRR23329748.19318	1454	57.36	41.60	SRR23329748
SRR23329748.19319	1471	52.55	36.58	SRR23329748
SRR23329748.19320	1488	49.33	93.00	SRR23329748
SRR23329748.19321	1403	56.02	75.86	SRR23329748
SRR23329748.19322	1407	55.15	38.04	SRR23329748
SRR23329748.19323	1407	56.65	93.00	SRR23329748
SRR23329748.19324	1485	54.14	70.48	SRR23329748
SRR23329748.19325	1412	55.59	28.99	SRR23329748
SRR23329748.19326	1407	56.65	43.28	SRR23329748
SRR23329748.19327	1481	49.29	93.00	SRR23329748
SRR23329748.19328	1467	49.35	93.00	SRR23329748
SRR23329748.19329	1413	56.40	21.70	SRR23329748
SRR23329748.19330	1518	54.87	26.69	SRR23329748
SRR23329748.19331	1488	49.33	34.50	SRR23329748
SRR23329748.19332	1447	57.50	90.56	SRR23329748
SRR23329748.19333	1467	57.53	92.52	SRR23329748
SRR23329748.19334	1407	56.65	48.91	SRR23329748
SRR23329748.19335	1410	55.67	24.74	SRR23329748
SRR23329748.19336	1407	55.72	34.84	SRR23329748
SRR23329748.19337	1467	57.60	49.68	SRR23329748
SRR23329748.19338	1407	55.86	93.00	SRR23329748
SRR23329748.19339	1473	51.19	77.56	SRR23329748
SRR23329748.19340	1409	54.72	72.68	SRR23329748
SRR23329748.19341	1488	49.33	67.74	SRR23329748
SRR23329748.19342	1475	53.97	90.89	SRR23329748
SRR23329748.19343	1441	57.32	34.71	SRR23329748
SRR23329748.19344	1437	59.71	34.13	SRR23329748
SRR23329748.19345	1410	56.74	33.50	SRR23329748
SRR23329748.19346	1407	56.01	92.67	SRR23329748
SRR23329748.19347	1419	55.67	93.00	SRR23329748
SRR23329748.19348	1407	56.15	93.00	SRR23329748
SRR23329748.19349	1407	56.50	93.00	SRR23329748
SRR23329748.19350	1389	56.59	56.15	SRR23329748
SRR23329748.19351	1407	56.65	92.65	SRR23329748
SRR23329748.19352	1475	53.97	35.53	SRR23329748
SRR23329748.19354	1487	49.29	31.90	SRR23329748
SRR23329748.19355	1389	55.15	92.27	SRR23329748
SRR23329748.19357	1454	50.48	92.43	SRR23329748
SRR23329748.19358	1467	57.33	56.73	SRR23329748
SRR23329748.19359	1412	54.46	47.14	SRR23329748
SRR23329748.19360	1413	56.05	21.54	SRR23329748
SRR23329748.19362	1488	49.26	93.00	SRR23329748
SRR23329748.19363	1421	55.67	65.49	SRR23329748
SRR23329748.19364	1443	54.95	65.11	SRR23329748
SRR23329748.19365	1409	55.78	25.06	SRR23329748
SRR23329748.19366	1459	52.84	35.05	SRR23329748
SRR23329748.19367	1446	55.19	34.38	SRR23329748
SRR23329748.19368	1475	53.90	76.49	SRR23329748
SRR23329748.19369	1460	54.93	38.64	SRR23329748
SRR23329748.19370	1459	52.71	41.10	SRR23329748
SRR23329748.19371	1451	50.38	93.00	SRR23329748
SRR23329748.19372	1485	55.82	57.58	SRR23329748
SRR23329748.19373	1487	49.29	26.39	SRR23329748
SRR23329748.19374	1488	49.33	93.00	SRR23329748
SRR23329748.19375	1467	49.35	93.00	SRR23329748
SRR23329748.19376	1409	55.93	28.46	SRR23329748
SRR23329748.19377	1474	53.93	51.68	SRR23329748
SRR23329748.19378	1447	61.16	40.58	SRR23329748
SRR23329748.19379	1407	56.65	93.00	SRR23329748
SRR23329748.19380	1411	54.50	37.18	SRR23329748
SRR23329748.19381	1446	51.87	46.40	SRR23329748
SRR23329748.19382	1448	54.83	44.69	SRR23329748
SRR23329748.19383	1406	55.62	36.48	SRR23329748
SRR23329748.19384	1447	55.49	29.33	SRR23329748
SRR23329748.19385	1449	58.66	20.20	SRR23329748
SRR23329748.19386	1445	58.34	56.48	SRR23329748
SRR23329748.19387	1402	56.35	26.32	SRR23329748
SRR23329748.19388	1408	56.68	36.07	SRR23329748
SRR23329748.19389	1412	55.81	75.22	SRR23329748
SRR23329748.19390	1473	51.19	65.29	SRR23329748
SRR23329748.19391	1408	56.04	36.45	SRR23329748
SRR23329748.19392	1411	54.43	93.00	SRR23329748
SRR23329748.19393	1488	49.33	32.31	SRR23329748
SRR23329748.19394	1385	55.67	76.10	SRR23329748
SRR23329748.19395	1479	49.36	31.22	SRR23329748
SRR23329748.19396	1444	56.44	55.66	SRR23329748
SRR23329748.19397	1420	56.41	37.93	SRR23329748
SRR23329748.19398	1391	58.81	57.29	SRR23329748
SRR23329748.19399	1407	55.65	34.27	SRR23329748
SRR23329748.19400	1488	49.33	55.98	SRR23329748
SRR23329748.19401	1405	48.40	93.00	SRR23329748
SRR23329748.19402	1432	53.63	49.16	SRR23329748
SRR23329748.19403	861	56.10	93.00	SRR23329748
SRR23329748.19405	1406	55.62	43.64	SRR23329748
SRR23329748.19406	1460	52.95	38.64	SRR23329748
SRR23329748.19407	1467	49.49	92.82	SRR23329748
SRR23329748.19409	1486	55.79	30.25	SRR23329748
SRR23329748.19410	1482	57.62	31.15	SRR23329748
SRR23329748.19412	1407	55.51	93.00	SRR23329748
SRR23329748.19413	1453	57.05	77.28	SRR23329748
SRR23329748.19416	1407	56.65	93.00	SRR23329748
SRR23329748.19417	1419	53.14	23.09	SRR23329748
SRR23329748.19418	1482	54.66	93.00	SRR23329748
SRR23329748.19419	1407	56.57	44.02	SRR23329748
SRR23329748.19421	1407	55.65	33.72	SRR23329748
SRR23329748.19422	1408	54.90	23.20	SRR23329748
SRR23329748.19424	1488	49.26	84.87	SRR23329748
SRR23329748.19425	1458	54.32	34.06	SRR23329748
SRR23329748.19426	1418	56.70	35.32	SRR23329748
SRR23329748.19427	1467	55.35	93.00	SRR23329748
SRR23329748.19428	1448	55.66	24.31	SRR23329748
SRR23329748.19429	1407	55.65	93.00	SRR23329748
SRR23329748.19430	1454	54.26	31.95	SRR23329748
SRR23329748.19431	1473	51.39	74.84	SRR23329748
SRR23329748.19432	1445	55.57	76.32	SRR23329748
SRR23329748.19433	1446	55.60	32.51	SRR23329748
SRR23329748.19434	1391	56.43	93.00	SRR23329748
SRR23329748.19435	1443	56.48	32.15	SRR23329748
SRR23329748.19436	1471	58.19	56.26	SRR23329748
SRR23329748.19437	1454	51.79	93.00	SRR23329748
SRR23329748.19438	1385	56.46	93.00	SRR23329748
SRR23329748.19439	1481	49.43	92.82	SRR23329748
SRR23329748.19440	1407	55.58	41.91	SRR23329748
SRR23329748.19441	1475	52.61	26.93	SRR23329748
SRR23329748.19442	1466	57.37	29.80	SRR23329748
SRR23329748.19443	1407	56.65	93.00	SRR23329748
SRR23329748.19444	1475	53.97	92.56	SRR23329748
SRR23329748.19445	1412	56.80	92.59	SRR23329748
SRR23329748.19446	1409	54.58	40.38	SRR23329748
SRR23329748.19447	1407	55.93	92.97	SRR23329748
SRR23329748.19449	1434	56.90	27.74	SRR23329748
SRR23329748.19450	1411	56.34	93.00	SRR23329748
SRR23329748.19451	1475	53.90	92.01	SRR23329748
SRR23329748.19452	1481	49.43	86.88	SRR23329748
SRR23329748.19453	1445	58.27	50.23	SRR23329748
SRR23329748.19454	1415	56.11	22.28	SRR23329748
SRR23329748.19455	1454	51.79	93.00	SRR23329748
SRR23329748.19456	1449	55.35	93.00	SRR23329748
SRR23329748.19457	1446	56.85	36.97	SRR23329748
SRR23329748.19458	1465	53.79	20.50	SRR23329748
SRR23329748.19460	1467	49.49	46.98	SRR23329748
SRR23329748.19461	1475	54.24	93.00	SRR23329748
SRR23329748.19463	1481	49.56	93.00	SRR23329748
SRR23329748.19464	1474	54.00	28.61	SRR23329748
SRR23329748.19465	1488	49.33	92.87	SRR23329748
SRR23329748.19466	1408	55.68	47.22	SRR23329748
SRR23329748.19467	1385	55.67	63.22	SRR23329748
SRR23329748.19468	1407	55.65	40.79	SRR23329748
SRR23329748.19469	1389	55.94	23.31	SRR23329748
SRR23329748.19470	1164	46.48	48.89	SRR23329748
SRR23329748.19472	1488	49.33	34.38	SRR23329748
SRR23329748.19473	1474	54.14	39.66	SRR23329748
SRR23329748.19474	1443	58.63	24.61	SRR23329748
SRR23329748.19475	1456	58.93	93.00	SRR23329748
SRR23329748.19476	1471	52.48	69.85	SRR23329748
SRR23329748.19477	1488	49.33	59.14	SRR23329748
SRR23329748.19478	1488	49.26	60.74	SRR23329748
SRR23329748.19479	1449	52.24	26.83	SRR23329748
SRR23329748.19480	1481	49.36	31.97	SRR23329748
SRR23329748.19481	1421	48.63	20.57	SRR23329748
SRR23329748.19482	1714	46.91	39.96	SRR23329748
SRR23329748.19483	1412	56.80	56.17	SRR23329748
SRR23329748.19484	1442	55.41	26.65	SRR23329748
SRR23329748.19485	1467	49.42	93.00	SRR23329748
SRR23329748.19487	1384	55.56	33.29	SRR23329748
SRR23329748.19489	1467	49.49	64.77	SRR23329748
SRR23329748.19490	1475	55.93	20.84	SRR23329748
SRR23329748.19491	1475	54.24	57.78	SRR23329748
SRR23329748.19492	1413	53.01	33.37	SRR23329748
SRR23329748.19493	1475	51.39	57.68	SRR23329748
SRR23329748.19494	1407	56.57	27.10	SRR23329748
SRR23329748.19496	1383	54.88	27.60	SRR23329748
SRR23329748.19497	1418	57.33	93.00	SRR23329748
SRR23329748.19498	1407	55.93	64.93	SRR23329748
SRR23329748.19500	1458	53.09	28.15	SRR23329748
SRR23329748.19501	1447	55.22	77.81	SRR23329748
SRR23329748.19502	1481	49.36	33.60	SRR23329748
SRR23329748.19503	1416	56.36	21.47	SRR23329748
SRR23329748.19504	1385	55.45	29.42	SRR23329748
SRR23329748.19505	1402	56.06	32.33	SRR23329748
SRR23329748.19506	1445	57.85	93.00	SRR23329748
SRR23329748.19507	1443	50.52	54.59	SRR23329748
SRR23329748.19508	1481	49.43	61.45	SRR23329748
SRR23329748.19509	1475	51.39	93.00	SRR23329748
SRR23329748.19511	1482	54.39	21.45	SRR23329748
SRR23329748.19512	1408	55.75	91.14	SRR23329748
SRR23329748.19514	1407	55.93	31.44	SRR23329748
SRR23329748.19515	1407	56.50	60.42	SRR23329748
SRR23329748.19516	1481	49.43	93.00	SRR23329748
SRR23329748.19517	1416	55.86	24.26	SRR23329748
SRR23329748.19518	1445	56.47	93.00	SRR23329748
SRR23329748.19519	1405	56.09	25.82	SRR23329748
SRR23329748.19520	1411	54.57	52.38	SRR23329748
SRR23329748.19521	1495	49.50	34.48	SRR23329748
SRR23329748.19522	1407	56.01	42.59	SRR23329748
SRR23329748.19524	1474	54.41	92.98	SRR23329748
SRR23329748.19526	1475	53.97	92.88	SRR23329748
SRR23329748.19527	1426	59.33	24.61	SRR23329748
SRR23329748.19528	1488	49.33	85.81	SRR23329748
SRR23329748.19529	1413	56.76	23.41	SRR23329748
SRR23329748.19530	1481	49.56	93.00	SRR23329748
SRR23329748.19531	1407	56.08	89.72	SRR23329748
SRR23329748.19532	1400	55.00	93.00	SRR23329748
SRR23329748.19533	1407	56.01	62.73	SRR23329748
SRR23329748.19534	1391	56.36	23.09	SRR23329748
SRR23329748.19535	1407	56.57	47.04	SRR23329748
SRR23329748.19536	1489	53.86	70.35	SRR23329748
SRR23329748.19537	1411	56.48	25.12	SRR23329748
SRR23329748.19538	1387	54.58	92.69	SRR23329748
SRR23329748.19539	1452	57.30	54.23	SRR23329748
SRR23329748.19540	1478	49.46	22.96	SRR23329748
SRR23329748.19542	1467	49.49	93.00	SRR23329748
SRR23329748.19543	1467	49.56	90.19	SRR23329748
SRR23329748.19544	1408	55.68	77.57	SRR23329748
SRR23329748.19545	1389	56.59	93.00	SRR23329748
SRR23329748.19546	1408	55.75	92.91	SRR23329748
SRR23329748.19547	1433	59.25	64.36	SRR23329748
SRR23329748.19548	1457	56.01	66.62	SRR23329748
SRR23329748.19550	1491	53.92	20.75	SRR23329748
SRR23329748.19551	1481	49.43	91.18	SRR23329748
SRR23329748.19552	1411	55.63	54.87	SRR23329748
SRR23329748.19553	1445	53.01	90.71	SRR23329748
SRR23329748.19554	1469	52.62	34.14	SRR23329748
SRR23329748.19555	1468	49.52	30.94	SRR23329748
SRR23329748.19556	1413	57.75	47.16	SRR23329748
SRR23329748.19557	1458	57.61	23.61	SRR23329748
SRR23329748.19558	1415	57.17	24.38	SRR23329748
SRR23329748.19559	1498	49.13	22.79	SRR23329748
SRR23329748.19560	1444	56.79	52.16	SRR23329748
SRR23329748.19561	1437	57.20	26.05	SRR23329748
SRR23329748.19562	1411	56.70	20.15	SRR23329748
SRR23329748.19563	1387	54.36	27.71	SRR23329748
SRR23329748.19564	1488	49.33	55.72	SRR23329748
SRR23329748.19565	1467	57.53	93.00	SRR23329748
SRR23329748.19566	1482	59.72	63.70	SRR23329748
SRR23329748.19567	1408	55.82	50.28	SRR23329748
SRR23329748.19568	1473	54.38	20.83	SRR23329748
SRR23329748.19569	1477	52.88	34.56	SRR23329748
SRR23329748.19570	1411	54.64	56.22	SRR23329748
SRR23329748.19571	1481	49.56	57.68	SRR23329748
SRR23329748.19572	1475	51.25	32.07	SRR23329748
SRR23329748.19573	1467	49.35	41.64	SRR23329748
SRR23329748.19574	1408	55.75	93.00	SRR23329748
SRR23329748.19575	1472	54.14	35.16	SRR23329748
SRR23329748.19577	1407	56.65	93.00	SRR23329748
SRR23329748.19578	1481	49.43	51.94	SRR23329748
SRR23329748.19579	1444	56.16	92.73	SRR23329748
SRR23329748.19580	1486	54.10	46.91	SRR23329748
SRR23329748.19581	1456	53.85	33.94	SRR23329748
SRR23329748.19582	1444	57.48	28.70	SRR23329748
SRR23329748.19583	1406	56.61	38.61	SRR23329748
SRR23329748.19584	1385	55.45	93.00	SRR23329748
SRR23329748.19585	1406	55.69	46.40	SRR23329748
SRR23329748.19586	1475	53.90	93.00	SRR23329748
SRR23329748.19587	1443	57.66	26.53	SRR23329748
SRR23329748.19588	1407	56.36	78.05	SRR23329748
SRR23329748.19589	1412	55.81	90.45	SRR23329748
SRR23329748.19590	1481	49.43	93.00	SRR23329748
SRR23329748.19591	1467	57.46	93.00	SRR23329748
SRR23329748.19592	1479	55.24	26.06	SRR23329748
SRR23329748.19593	1407	56.65	34.74	SRR23329748
SRR23329748.19594	1471	59.89	93.00	SRR23329748
SRR23329748.19595	1481	49.43	41.09	SRR23329748
SRR23329748.19596	1387	56.02	93.00	SRR23329748
SRR23329748.19597	1411	56.77	32.55	SRR23329748
SRR23329748.19598	1441	57.32	86.03	SRR23329748
SRR23329748.19599	1487	54.20	32.16	SRR23329748
SRR23329748.19600	1412	55.81	44.91	SRR23329748
SRR23329748.19601	1456	55.36	60.88	SRR23329748
SRR23329748.19602	1413	55.98	51.23	SRR23329748
SRR23329748.19603	1474	54.21	34.76	SRR23329748
SRR23329748.19604	1475	53.90	34.33	SRR23329748
SRR23329748.19605	1412	55.52	50.46	SRR23329748
SRR23329748.19606	1387	54.51	52.65	SRR23329748
SRR23329748.19607	1408	55.33	28.59	SRR23329748
SRR23329748.19608	1432	53.63	38.39	SRR23329748
SRR23329748.19609	1460	52.88	35.57	SRR23329748
SRR23329748.19610	1474	54.07	93.00	SRR23329748
SRR23329748.19611	1405	55.59	29.02	SRR23329748
SRR23329748.19612	1438	58.48	74.45	SRR23329748
SRR23329748.19613	1483	54.96	32.00	SRR23329748
SRR23329748.19614	1407	56.72	93.00	SRR23329748
SRR23329748.19615	1406	55.19	91.16	SRR23329748
SRR23329748.19616	1459	52.98	34.18	SRR23329748
SRR23329748.19618	1411	54.50	93.00	SRR23329748
SRR23329748.19619	1491	57.55	22.62	SRR23329748
SRR23329748.19620	1482	44.13	75.61	SRR23329748
SRR23329748.19621	1466	49.39	93.00	SRR23329748
SRR23329748.19622	1407	55.79	31.37	SRR23329748
SRR23329748.19623	1475	54.24	81.98	SRR23329748
SRR23329748.19624	1408	56.18	34.15	SRR23329748
SRR23329748.19625	1460	54.04	92.64	SRR23329748
SRR23329748.19626	1407	55.51	93.00	SRR23329748
SRR23329748.19627	1403	56.02	46.47	SRR23329748
SRR23329748.19628	1407	55.72	34.21	SRR23329748
SRR23329748.19629	1474	53.93	40.68	SRR23329748
SRR23329748.19630	1444	56.37	62.56	SRR23329748
SRR23329748.19631	1446	55.60	36.60	SRR23329748
SRR23329748.19632	1412	56.80	59.92	SRR23329748
SRR23329748.19633	1407	55.86	48.13	SRR23329748
SRR23329748.19634	1415	57.60	34.28	SRR23329748
SRR23329748.19635	1471	52.48	50.67	SRR23329748
SRR23329748.19636	1407	56.01	65.05	SRR23329748
SRR23329748.19637	1473	52.82	28.81	SRR23329748
SRR23329748.19638	1467	57.46	53.25	SRR23329748
SRR23329748.19639	1407	56.65	37.48	SRR23329748
SRR23329748.19640	1412	52.97	37.26	SRR23329748
SRR23329748.19641	1477	53.83	31.46	SRR23329748
SRR23329748.19642	1406	56.54	35.48	SRR23329748
SRR23329748.19643	1453	57.05	39.19	SRR23329748
SRR23329748.19644	1441	52.05	25.42	SRR23329748
SRR23329748.19645	1482	55.47	25.91	SRR23329748
SRR23329748.19646	1450	59.31	90.14	SRR23329748
SRR23329748.19648	1442	50.55	29.06	SRR23329748
SRR23329748.19649	1415	53.99	49.39	SRR23329748
SRR23329748.19650	1460	53.56	54.64	SRR23329748
SRR23329748.19651	1415	55.83	30.38	SRR23329748
SRR23329748.19652	1475	53.97	93.00	SRR23329748
SRR23329748.19653	1456	53.98	26.35	SRR23329748
SRR23329748.19654	1424	56.95	21.00	SRR23329748
SRR23329748.19655	1418	58.25	28.71	SRR23329748
SRR23329748.19656	1467	49.49	34.35	SRR23329748
SRR23329748.19657	1481	49.49	93.00	SRR23329748
SRR23329748.19658	1475	53.97	76.74	SRR23329748
SRR23329748.19659	1453	58.09	33.09	SRR23329748
SRR23329748.19660	1427	45.06	40.54	SRR23329748
SRR23329748.19661	1444	58.80	36.38	SRR23329748
SRR23329748.19662	1473	51.26	61.90	SRR23329748
SRR23329748.19663	1408	55.89	30.48	SRR23329748
SRR23329748.19664	1436	56.96	93.00	SRR23329748
SRR23329748.19667	1413	50.53	93.00	SRR23329748
SRR23329748.19668	1411	54.50	36.44	SRR23329748
SRR23329748.19669	1481	49.43	92.31	SRR23329748
SRR23329748.19670	1478	48.31	93.00	SRR23329748
SRR23329748.19672	1460	53.15	93.00	SRR23329748
SRR23329748.19673	1407	56.65	93.00	SRR23329748
SRR23329748.19674	1480	51.82	22.88	SRR23329748
SRR23329748.19675	1475	54.10	36.69	SRR23329748
SRR23329748.19676	1459	54.22	30.99	SRR23329748
SRR23329748.19677	1406	56.61	35.62	SRR23329748
SRR23329748.19678	1472	54.08	24.69	SRR23329748
SRR23329748.19679	1408	55.82	34.60	SRR23329748
SRR23329748.19680	1483	49.56	26.66	SRR23329748
SRR23329748.19681	1412	55.74	89.75	SRR23329748
SRR23329748.19682	1454	51.65	93.00	SRR23329748
SRR23329748.19683	1412	56.80	58.05	SRR23329748
SRR23329748.19684	1407	56.65	93.00	SRR23329748
SRR23329748.19685	1411	55.71	49.45	SRR23329748
SRR23329748.19686	1490	49.33	28.10	SRR23329748
SRR23329748.19687	1436	49.30	92.71	SRR23329748
SRR23329748.19688	1412	55.81	64.48	SRR23329748
SRR23329748.19689	1475	54.24	46.02	SRR23329748
SRR23329748.19690	1485	49.23	26.09	SRR23329748
SRR23329748.19691	1473	51.39	46.30	SRR23329748
SRR23329748.19692	1407	55.86	36.48	SRR23329748
SRR23329748.19693	1478	49.46	34.00	SRR23329748
SRR23329748.19694	1473	54.04	23.39	SRR23329748
SRR23329748.19696	1407	56.43	73.01	SRR23329748
SRR23329748.19697	1412	56.80	36.93	SRR23329748
SRR23329748.19699	1447	58.88	29.74	SRR23329748
SRR23329748.19700	1430	57.62	22.84	SRR23329748
SRR23329748.19701	1407	56.01	61.81	SRR23329748
SRR23329748.19702	1441	57.32	38.01	SRR23329748
SRR23329748.19703	1410	57.38	83.80	SRR23329748
SRR23329748.19704	1411	56.34	70.84	SRR23329748
SRR23329748.19705	1407	56.08	65.46	SRR23329748
SRR23329748.19706	1458	51.03	42.63	SRR23329748
SRR23329748.19707	1437	49.41	37.14	SRR23329748
SRR23329748.19708	1475	54.17	48.68	SRR23329748
SRR23329748.19709	1411	56.34	93.00	SRR23329748
SRR23329748.19710	1414	52.90	93.00	SRR23329748
SRR23329748.19712	1471	51.46	26.38	SRR23329748
SRR23329748.19713	1473	53.90	27.36	SRR23329748
SRR23329748.19716	1479	58.89	27.71	SRR23329748
SRR23329748.19717	1458	53.36	34.39	SRR23329748
SRR23329748.19718	1412	56.80	81.56	SRR23329748
SRR23329748.19720	1407	55.86	33.66	SRR23329748
SRR23329748.19721	1420	55.70	42.87	SRR23329748
SRR23329748.19722	1411	55.63	39.64	SRR23329748
SRR23329748.19723	1467	57.53	40.29	SRR23329748
SRR23329748.19724	1444	56.09	93.00	SRR23329748
SRR23329748.19725	1461	52.98	23.88	SRR23329748
SRR23329748.19726	1412	56.80	65.97	SRR23329748
SRR23329748.19727	1514	44.19	92.98	SRR23329748
SRR23329748.19728	1441	55.73	27.13	SRR23329748
SRR23329748.19729	1474	53.93	38.47	SRR23329748
SRR23329748.19730	1448	56.15	37.27	SRR23329748
SRR23329748.19731	1406	56.54	39.07	SRR23329748
SRR23329748.19732	1445	57.16	49.59	SRR23329748
SRR23329748.19733	1444	58.93	91.08	SRR23329748
SRR23329748.19734	1403	56.59	22.91	SRR23329748
SRR23329748.19735	1425	45.12	36.49	SRR23329748
SRR23329748.19737	1412	55.74	93.00	SRR23329748
SRR23329748.19738	1474	51.42	34.80	SRR23329748
SRR23329748.19739	1413	56.76	34.76	SRR23329748
SRR23329748.19740	1445	60.42	28.39	SRR23329748
SRR23329748.19741	1407	55.65	65.04	SRR23329748
SRR23329748.19742	1482	55.20	32.85	SRR23329748
SRR23329748.19743	1513	42.96	69.77	SRR23329748
SRR23329748.19744	1431	57.51	85.67	SRR23329748
SRR23329748.19745	1408	55.82	74.43	SRR23329748
SRR23329748.19746	1412	56.80	93.00	SRR23329748
SRR23329748.19747	1458	57.54	71.99	SRR23329748
SRR23329748.19748	1458	58.09	30.32	SRR23329748
SRR23329748.19749	1467	57.46	52.66	SRR23329748
SRR23329748.19750	1402	56.63	23.02	SRR23329748
SRR23329748.19751	1410	56.60	23.05	SRR23329748
SRR23329748.19753	1409	53.51	27.53	SRR23329748
SRR23329748.19754	1475	54.24	93.00	SRR23329748
SRR23329748.19755	1449	56.18	87.94	SRR23329748
SRR23329748.19756	1413	55.48	92.10	SRR23329748
SRR23329748.19757	1407	55.58	48.16	SRR23329748
SRR23329748.19758	1433	59.25	92.85	SRR23329748
SRR23329748.19759	1411	55.63	84.09	SRR23329748
SRR23329748.19760	1410	56.45	30.12	SRR23329748
SRR23329748.19761	1407	56.01	61.41	SRR23329748
SRR23329748.19762	1431	57.65	36.51	SRR23329748
SRR23329748.19763	1481	49.43	73.86	SRR23329748
SRR23329748.19764	1476	54.13	33.38	SRR23329748
SRR23329748.19765	1486	54.37	82.77	SRR23329748
SRR23329748.19766	1454	51.79	34.48	SRR23329748
SRR23329748.19767	1460	53.42	80.40	SRR23329748
SRR23329748.19768	1443	56.20	27.04	SRR23329748
SRR23329748.19769	1439	50.87	93.00	SRR23329748
SRR23329748.19770	1436	57.80	57.72	SRR23329748
SRR23329748.19771	1488	49.33	64.92	SRR23329748
SRR23329748.19772	1458	53.84	92.93	SRR23329748
SRR23329748.19773	1472	55.10	92.99	SRR23329748
SRR23329748.19774	1474	53.87	44.60	SRR23329748
SRR23329748.19775	1442	54.16	80.34	SRR23329748
SRR23329748.19776	1481	49.36	80.20	SRR23329748
SRR23329748.19777	1472	51.09	39.43	SRR23329748
SRR23329748.19778	1465	57.00	28.29	SRR23329748
SRR23329748.19779	1413	55.77	21.91	SRR23329748
SRR23329748.19780	1444	56.16	45.83	SRR23329748
SRR23329748.19781	1475	53.83	93.00	SRR23329748
SRR23329748.19782	1413	55.56	41.38	SRR23329748
SRR23329748.19783	1407	55.65	55.84	SRR23329748
SRR23329748.19784	1453	55.47	93.00	SRR23329748
SRR23329748.19786	1406	57.18	64.23	SRR23329748
SRR23329748.19788	1488	49.26	93.00	SRR23329748
SRR23329748.19789	1385	55.45	53.42	SRR23329748
SRR23329748.19790	1458	57.27	85.53	SRR23329748
SRR23329748.19792	1475	53.90	84.08	SRR23329748
SRR23329748.19793	1479	53.82	21.84	SRR23329748
SRR23329748.19794	1474	54.14	35.13	SRR23329748
SRR23329748.19795	1473	51.26	32.05	SRR23329748
SRR23329748.19796	1475	53.97	60.69	SRR23329748
SRR23329748.19797	1445	57.85	44.57	SRR23329748
SRR23329748.19798	1475	53.97	78.45	SRR23329748
SRR23329748.19799	1387	54.58	53.29	SRR23329748
SRR23329748.19800	1442	50.55	92.99	SRR23329748
SRR23329748.19801	1407	55.65	81.73	SRR23329748
SRR23329748.19802	1467	57.26	40.36	SRR23329748
SRR23329748.19803	1413	57.68	33.64	SRR23329748
SRR23329748.19804	1444	56.23	85.70	SRR23329748
SRR23329748.19805	1458	51.03	51.47	SRR23329748
SRR23329748.19806	1475	54.17	92.97	SRR23329748
SRR23329748.19808	1408	55.75	93.00	SRR23329748
SRR23329748.19809	1457	56.01	93.00	SRR23329748
SRR23329748.19810	1484	55.46	62.68	SRR23329748
SRR23329748.19811	1385	55.45	93.00	SRR23329748
SRR23329748.19812	1424	52.60	71.50	SRR23329748
SRR23329748.19813	1436	57.80	91.41	SRR23329748
SRR23329748.19814	1456	58.93	93.00	SRR23329748
SRR23329748.19815	1385	55.67	73.37	SRR23329748
SRR23329748.19816	1477	52.88	92.10	SRR23329748
SRR23329748.19817	1407	56.43	91.09	SRR23329748
SRR23329748.19818	1444	58.86	68.37	SRR23329748
SRR23329748.19819	1408	55.75	93.00	SRR23329748
SRR23329748.19820	1467	57.46	90.15	SRR23329748
SRR23329748.19821	1407	56.65	84.78	SRR23329748
SRR23329748.19822	1464	49.39	30.98	SRR23329748
SRR23329748.19823	1488	49.33	91.74	SRR23329748
SRR23329748.19824	1407	55.86	85.15	SRR23329748
SRR23329748.19825	1474	54.21	44.92	SRR23329748
SRR23329748.19826	1407	56.65	80.86	SRR23329748
SRR23329748.19827	1385	55.74	74.14	SRR23329748
SRR23329748.19828	1486	54.17	59.68	SRR23329748
SRR23329748.19829	1417	50.88	28.55	SRR23329748
SRR23329748.19830	1467	49.49	83.22	SRR23329748
SRR23329748.19831	1483	55.43	32.92	SRR23329748
SRR23329748.19832	1471	52.48	76.83	SRR23329748
SRR23329748.19833	1412	55.81	57.50	SRR23329748
SRR23329748.19834	1477	53.96	32.06	SRR23329748
SRR23329748.19835	1407	56.08	93.00	SRR23329748
SRR23329748.19836	1458	52.74	33.99	SRR23329748
SRR23329748.19837	1440	57.99	92.90	SRR23329748
SRR23329748.19838	1486	54.17	32.93	SRR23329748
SRR23329748.19839	1444	51.39	39.55	SRR23329748
SRR23329748.19840	1473	51.12	45.61	SRR23329748
SRR23329748.19841	1407	56.65	93.00	SRR23329748
SRR23329748.19842	1459	60.18	23.92	SRR23329748
SRR23329748.19843	1467	57.46	93.00	SRR23329748
SRR23329748.19844	1408	56.61	29.41	SRR23329748
SRR23329748.19845	1437	58.52	80.97	SRR23329748
SRR23329748.19846	1405	55.66	83.67	SRR23329748
SRR23329748.19847	1405	55.66	29.10	SRR23329748
SRR23329748.19848	1436	57.17	25.75	SRR23329748
SRR23329748.19849	1453	56.23	21.06	SRR23329748
SRR23329748.19850	1467	49.49	82.79	SRR23329748
SRR23329748.19851	1484	55.53	80.17	SRR23329748
SRR23329748.19852	1447	54.87	38.15	SRR23329748
SRR23329748.19853	1407	56.72	93.00	SRR23329748
SRR23329748.19854	1458	52.95	39.34	SRR23329748
SRR23329748.19855	1460	53.56	39.86	SRR23329748
SRR23329748.19856	1460	53.56	92.79	SRR23329748
SRR23329748.19857	1445	54.05	23.73	SRR23329748
SRR23329748.19858	1444	58.93	30.45	SRR23329748
SRR23329748.19859	1449	57.76	92.96	SRR23329748
SRR23329748.19860	1467	49.49	53.51	SRR23329748
SRR23329748.19861	1408	55.89	21.82	SRR23329748
SRR23329748.19862	1473	51.46	31.11	SRR23329748
SRR23329748.19865	1461	52.57	48.39	SRR23329748
SRR23329748.19866	1475	53.97	46.72	SRR23329748
SRR23329748.19867	1475	53.97	35.68	SRR23329748
SRR23329748.19868	1459	52.84	93.00	SRR23329748
SRR23329748.19869	1386	54.55	40.41	SRR23329748
SRR23329748.19870	1490	49.33	22.05	SRR23329748
SRR23329748.19872	1471	52.48	92.86	SRR23329748
SRR23329748.19873	1447	55.77	52.60	SRR23329748
SRR23329748.19874	1467	57.53	72.32	SRR23329748
SRR23329748.19875	1470	52.65	59.03	SRR23329748
SRR23329748.19876	1407	56.29	31.52	SRR23329748
SRR23329748.19877	1411	56.70	33.04	SRR23329748
SRR23329748.19878	1473	51.26	50.04	SRR23329748
SRR23329748.19879	1449	57.69	80.60	SRR23329748
SRR23329748.19880	1488	49.33	93.00	SRR23329748
SRR23329748.19881	1383	55.89	72.35	SRR23329748
SRR23329748.19882	1406	55.69	36.70	SRR23329748
SRR23329748.19883	1449	57.69	93.00	SRR23329748
SRR23329748.19884	1475	53.90	27.88	SRR23329748
SRR23329748.19885	1408	55.75	92.96	SRR23329748
SRR23329748.19886	1494	49.40	28.21	SRR23329748
SRR23329748.19887	1444	57.83	31.64	SRR23329748
SRR23329748.19888	1407	55.58	93.00	SRR23329748
SRR23329748.19889	1389	56.66	84.64	SRR23329748
SRR23329748.19890	1488	49.33	93.00	SRR23329748
SRR23329748.19891	1459	52.98	37.19	SRR23329748
SRR23329748.19893	1489	53.93	93.00	SRR23329748
SRR23329748.19894	1484	54.99	79.74	SRR23329748
SRR23329748.19895	1375	54.18	32.26	SRR23329748
SRR23329748.19896	1463	53.52	23.97	SRR23329748
SRR23329748.19897	1468	49.39	34.94	SRR23329748
SRR23329748.19898	1441	59.82	92.24	SRR23329748
SRR23329748.19899	1381	54.82	30.81	SRR23329748
SRR23329748.19900	1447	55.22	79.29	SRR23329748
SRR23329748.19901	1415	55.90	23.07	SRR23329748
SRR23329748.19902	1466	54.84	20.02	SRR23329748
SRR23329748.19903	1411	57.34	33.58	SRR23329748
SRR23329748.19904	1423	50.18	85.65	SRR23329748
SRR23329748.19905	1476	52.71	27.90	SRR23329748
SRR23329748.19906	1444	56.79	91.10	SRR23329748
SRR23329748.19907	1481	49.56	93.00	SRR23329748
SRR23329748.19908	1448	56.15	41.19	SRR23329748
SRR23329748.19909	1406	55.19	93.00	SRR23329748
SRR23329748.19910	1444	53.05	28.25	SRR23329748
SRR23329748.19911	1475	53.90	49.67	SRR23329748
SRR23329748.19913	1441	58.64	25.51	SRR23329748
SRR23329748.19914	1390	55.61	25.25	SRR23329748
SRR23329748.19915	1475	54.17	69.56	SRR23329748
SRR23329748.19916	1468	49.32	30.24	SRR23329748
SRR23329748.19917	1407	56.15	93.00	SRR23329748
SRR23329748.19918	1427	55.36	79.35	SRR23329748
SRR23329748.19919	1430	48.25	24.37	SRR23329748
SRR23329748.19920	1405	56.65	31.58	SRR23329748
SRR23329748.19922	1481	49.36	93.00	SRR23329748
SRR23329748.19923	1454	51.79	93.00	SRR23329748
SRR23329748.19925	1418	57.33	82.51	SRR23329748
SRR23329748.19926	1470	52.72	67.67	SRR23329748
SRR23329748.19927	1488	49.33	92.58	SRR23329748
SRR23329748.19928	1487	54.34	37.23	SRR23329748
SRR23329748.19930	1408	55.75	56.10	SRR23329748
SRR23329748.19932	1467	49.69	93.00	SRR23329748
SRR23329748.19933	1468	54.16	22.09	SRR23329748
SRR23329748.19934	1407	55.86	91.63	SRR23329748
SRR23329748.19935	1411	56.63	34.82	SRR23329748
SRR23329748.19936	1407	56.65	39.41	SRR23329748
SRR23329748.19937	1432	56.70	92.86	SRR23329748
SRR23329748.19938	1475	54.17	72.24	SRR23329748
SRR23329748.19939	1407	55.65	44.28	SRR23329748
SRR23329748.19940	1413	53.72	23.30	SRR23329748
SRR23329748.19941	1467	49.35	72.52	SRR23329748
SRR23329748.19942	1467	57.12	81.35	SRR23329748
SRR23329748.19943	1412	56.73	49.50	SRR23329748
SRR23329748.19944	1405	55.66	26.52	SRR23329748
SRR23329748.19945	1385	56.10	27.76	SRR23329748
SRR23329748.19946	1491	49.43	27.67	SRR23329748
SRR23329748.19947	1437	49.48	35.50	SRR23329748
SRR23329748.19948	1436	56.96	24.73	SRR23329748
SRR23329748.19949	1481	49.36	87.81	SRR23329748
SRR23329748.19950	1447	57.50	31.29	SRR23329748
SRR23329748.19951	1408	55.82	80.21	SRR23329748
SRR23329748.19952	1475	53.90	64.68	SRR23329748
SRR23329748.19953	1407	56.65	32.54	SRR23329748
SRR23329748.19954	1489	53.93	93.00	SRR23329748
SRR23329748.19955	1448	55.87	34.11	SRR23329748
SRR23329748.19957	1454	50.00	21.38	SRR23329748
SRR23329748.19958	1392	55.75	25.09	SRR23329748
SRR23329748.19960	1411	55.63	90.76	SRR23329748
SRR23329748.19962	1408	55.82	64.48	SRR23329748
SRR23329748.19963	1388	56.05	44.28	SRR23329748
SRR23329748.19964	1427	56.20	37.66	SRR23329748
SRR23329748.19965	1407	55.65	50.58	SRR23329748
SRR23329748.19966	1412	55.74	90.03	SRR23329748
SRR23329748.19967	1414	55.52	26.23	SRR23329748
SRR23329748.19968	1447	55.22	30.62	SRR23329748
SRR23329748.19969	1456	58.93	71.24	SRR23329748
SRR23329748.19970	1475	54.03	52.19	SRR23329748
SRR23329748.19971	1485	54.01	24.22	SRR23329748
SRR23329748.19972	1448	53.59	20.86	SRR23329748
SRR23329748.19973	1475	54.17	32.29	SRR23329748
SRR23329748.19974	1389	56.30	93.00	SRR23329748
SRR23329748.19975	1444	60.32	92.29	SRR23329748
SRR23329748.19976	1387	54.58	93.00	SRR23329748
SRR23329748.19977	1446	57.88	31.57	SRR23329748
SRR23329748.19978	1464	52.73	47.85	SRR23329748
SRR23329748.19979	1478	52.03	91.47	SRR23329748
SRR23329748.19980	1407	55.72	57.93	SRR23329748
SRR23329748.19981	1413	54.56	32.60	SRR23329748
SRR23329748.19982	1475	54.10	49.63	SRR23329748
SRR23329748.19983	1435	50.59	30.16	SRR23329748
SRR23329748.19984	1526	53.41	69.62	SRR23329748
SRR23329748.19985	1459	52.84	41.62	SRR23329748
SRR23329748.19986	1488	49.33	64.30	SRR23329748
SRR23329748.19987	1488	49.33	92.57	SRR23329748
SRR23329748.19988	1411	55.63	93.00	SRR23329748
SRR23329748.19989	1390	54.46	28.69	SRR23329748
SRR23329748.19991	1481	49.43	92.62	SRR23329748
SRR23329748.19992	1472	51.36	66.95	SRR23329748
SRR23329748.19993	1476	54.13	29.62	SRR23329748
SRR23329748.19994	1459	52.50	37.64	SRR23329748
SRR23329748.19995	1469	49.42	46.62	SRR23329748
SRR23329748.19996	1467	49.49	76.15	SRR23329748
SRR23329748.19997	1406	56.61	27.84	SRR23329748
SRR23329748.19998	1489	53.93	93.00	SRR23329748
SRR23329748.19999	1452	50.55	93.00	SRR23329748
SRR23329748.20000	1406	56.61	26.56	SRR23329748
SRR23329748.20001	1387	55.95	41.54	SRR23329748
SRR23329748.20002	1467	57.33	22.59	SRR23329748
SRR23329748.20003	1447	55.63	37.60	SRR23329748
SRR23329748.20004	1475	54.24	93.00	SRR23329748
SRR23329748.20005	1473	51.26	83.20	SRR23329748
SRR23329748.20006	1454	55.57	28.93	SRR23329748
SRR23329748.20007	1388	55.62	93.00	SRR23329748
SRR23329748.20008	1407	55.65	29.69	SRR23329748
SRR23329748.20009	1407	55.58	92.84	SRR23329748
SRR23329748.20010	1445	55.57	29.44	SRR23329748
SRR23329748.20011	1446	55.60	62.60	SRR23329748
SRR23329748.20012	1442	50.55	93.00	SRR23329748
SRR23329748.20013	1443	56.83	35.58	SRR23329748
SRR23329748.20014	1413	56.83	36.76	SRR23329748
SRR23329748.20015	1408	55.61	33.87	SRR23329748
SRR23329748.20016	1408	55.68	37.79	SRR23329748
SRR23329748.20017	1437	58.52	33.38	SRR23329748
SRR23329748.20018	1411	55.63	41.50	SRR23329748
SRR23329748.20019	1438	57.58	28.82	SRR23329748
SRR23329748.20020	1475	53.97	90.29	SRR23329748
SRR23329748.20021	1476	59.35	93.00	SRR23329748
SRR23329748.20022	1475	54.24	93.00	SRR23329748
SRR23329748.20024	1489	49.43	22.26	SRR23329748
SRR23329748.20025	1406	55.76	26.07	SRR23329748
SRR23329748.20026	1407	56.57	93.00	SRR23329748
SRR23329748.20027	1447	56.19	29.91	SRR23329748
SRR23329748.20029	1475	54.10	91.71	SRR23329748
SRR23329748.20030	1407	55.08	57.75	SRR23329748
SRR23329748.20031	1484	55.59	45.47	SRR23329748
SRR23329748.20032	1460	53.56	54.97	SRR23329748
SRR23329748.20034	1458	56.86	93.00	SRR23329748
SRR23329748.20035	1407	55.86	65.47	SRR23329748
SRR23329748.20036	1475	54.10	68.69	SRR23329748
SRR23329748.20037	1407	56.43	33.39	SRR23329748
SRR23329748.20038	1482	49.60	33.74	SRR23329748
SRR23329748.20039	1467	49.49	46.66	SRR23329748
SRR23329748.20040	1418	47.18	52.43	SRR23329748
SRR23329748.20041	1444	56.30	24.30	SRR23329748
SRR23329748.20042	1409	55.78	35.04	SRR23329748
SRR23329748.20043	1440	57.71	24.93	SRR23329748
SRR23329748.20044	1386	55.56	22.54	SRR23329748
SRR23329748.20045	1409	59.12	92.93	SRR23329748
SRR23329748.20046	1476	54.13	34.05	SRR23329748
SRR23329748.20047	1435	56.24	93.00	SRR23329748
SRR23329748.20048	1444	51.39	70.70	SRR23329748
SRR23329748.20049	1467	49.49	82.89	SRR23329748
SRR23329748.20050	1475	54.17	39.43	SRR23329748
SRR23329748.20051	1447	55.91	67.33	SRR23329748
SRR23329748.20052	1475	53.90	50.69	SRR23329748
SRR23329748.20053	1409	59.12	39.49	SRR23329748
SRR23329748.20054	1386	54.55	32.29	SRR23329748
SRR23329748.20055	1411	56.77	32.96	SRR23329748
SRR23329748.20057	1410	55.67	29.11	SRR23329748
SRR23329748.20058	1488	49.33	93.00	SRR23329748
SRR23329748.20059	1475	54.17	93.00	SRR23329748
SRR23329748.20060	1437	58.52	81.72	SRR23329748
SRR23329748.20061	1475	54.03	93.00	SRR23329748
SRR23329748.20062	1449	56.52	61.72	SRR23329748
SRR23329748.20063	1413	55.56	57.50	SRR23329748
SRR23329748.20064	1488	49.33	56.27	SRR23329748
SRR23329748.20065	1409	56.49	29.13	SRR23329748
SRR23329748.20066	1423	50.25	91.68	SRR23329748
SRR23329748.20067	1403	56.02	34.62	SRR23329748
SRR23329748.20068	1406	56.61	93.00	SRR23329748
SRR23329748.20069	1484	55.93	74.37	SRR23329748
SRR23329748.20070	1475	54.24	93.00	SRR23329748
SRR23329748.20071	1474	54.07	93.00	SRR23329748
SRR23329748.20072	1388	56.05	40.39	SRR23329748
SRR23329748.20073	1461	53.25	92.88	SRR23329748
SRR23329748.20074	1411	54.50	84.32	SRR23329748
SRR23329748.20075	1385	55.67	60.30	SRR23329748
SRR23329748.20077	1471	49.56	42.66	SRR23329748
SRR23329748.20078	1474	54.07	93.00	SRR23329748
SRR23329748.20079	1403	55.67	22.15	SRR23329748
SRR23329748.20080	1386	56.57	29.17	SRR23329748
SRR23329748.20081	1475	53.90	62.68	SRR23329748
SRR23329748.20082	1407	56.57	93.00	SRR23329748
SRR23329748.20083	1473	51.26	92.97	SRR23329748
SRR23329748.20084	1473	53.90	21.53	SRR23329748
SRR23329748.20085	1410	56.74	27.47	SRR23329748
SRR23329748.20086	1480	53.78	22.82	SRR23329748
SRR23329748.20087	1488	49.33	85.46	SRR23329748
SRR23329748.20088	1427	57.46	37.54	SRR23329748
SRR23329748.20090	1422	57.03	57.84	SRR23329748
SRR23329748.20091	1407	55.93	68.21	SRR23329748
SRR23329748.20092	1442	58.81	30.04	SRR23329748
SRR23329748.20093	1473	51.39	92.60	SRR23329748
SRR23329748.20094	1484	55.32	38.14	SRR23329748
SRR23329748.20095	1411	56.77	24.73	SRR23329748
SRR23329748.20096	1446	56.78	41.20	SRR23329748
SRR23329748.20097	1447	55.22	70.16	SRR23329748
SRR23329748.20098	1420	52.04	41.02	SRR23329748
SRR23329748.20099	1442	58.53	93.00	SRR23329748
SRR23329748.20100	1406	56.61	42.73	SRR23329748
SRR23329748.20101	1413	50.53	93.00	SRR23329748
SRR23329748.20102	1465	49.28	32.40	SRR23329748
SRR23329748.20103	1442	58.46	91.71	SRR23329748
SRR23329748.20104	1389	56.59	46.35	SRR23329748
SRR23329748.20106	1447	57.98	20.62	SRR23329748
SRR23329748.20107	1484	53.71	20.23	SRR23329748
SRR23329748.20108	1413	56.83	32.39	SRR23329748
SRR23329748.20109	1475	51.25	25.69	SRR23329748
SRR23329748.20110	1411	55.56	92.63	SRR23329748
SRR23329748.20111	1475	53.90	40.67	SRR23329748
SRR23329748.20112	1406	54.69	22.70	SRR23329748
SRR23329748.20113	1467	57.46	92.99	SRR23329748
SRR23329748.20114	1407	56.15	42.43	SRR23329748
SRR23329748.20115	1447	54.87	93.00	SRR23329748
SRR23329748.20116	1386	54.55	39.23	SRR23329748
SRR23329748.20117	1488	49.33	37.33	SRR23329748
SRR23329748.20118	1407	56.65	93.00	SRR23329748
SRR23329748.20119	1484	55.32	92.93	SRR23329748
SRR23329748.20120	1488	49.33	91.45	SRR23329748
SRR23329748.20121	1475	55.53	88.68	SRR23329748
SRR23329748.20122	1420	57.46	22.27	SRR23329748
SRR23329748.20123	1407	56.65	92.98	SRR23329748
SRR23329748.20124	1448	55.52	24.75	SRR23329748
SRR23329748.20125	1409	56.78	22.11	SRR23329748
SRR23329748.20126	1467	57.40	87.30	SRR23329748
SRR23329748.20127	1454	58.05	28.22	SRR23329748
SRR23329748.20128	1407	56.65	93.00	SRR23329748
SRR23329748.20129	1405	56.58	32.64	SRR23329748
SRR23329748.20130	1475	54.24	92.72	SRR23329748
SRR23329748.20131	1489	53.93	57.30	SRR23329748
SRR23329748.20132	1407	55.65	90.21	SRR23329748
SRR23329748.20133	1405	55.66	26.98	SRR23329748
SRR23329748.20134	1408	55.61	27.72	SRR23329748
SRR23329748.20135	1410	56.31	27.45	SRR23329748
SRR23329748.20136	1430	56.78	20.11	SRR23329748
SRR23329748.20137	1405	56.58	26.20	SRR23329748
SRR23329748.20138	1423	56.43	22.61	SRR23329748
SRR23329748.20139	1471	53.98	26.67	SRR23329748
SRR23329748.20140	1413	50.53	50.52	SRR23329748
SRR23329748.20141	1405	55.87	28.53	SRR23329748
SRR23329748.20142	1446	55.60	28.93	SRR23329748
SRR23329748.20143	1489	53.93	59.77	SRR23329748
SRR23329748.20144	1412	56.73	49.68	SRR23329748
SRR23329748.20145	1472	54.21	30.92	SRR23329748
SRR23329748.20147	1475	53.97	89.26	SRR23329748
SRR23329748.20148	1446	55.60	45.60	SRR23329748
SRR23329748.20149	1411	56.63	22.82	SRR23329748
SRR23329748.20151	1408	55.82	93.00	SRR23329748
SRR23329748.20152	1412	55.81	93.00	SRR23329748
SRR23329748.20153	1385	55.67	92.81	SRR23329748
SRR23329748.20154	1480	49.39	35.96	SRR23329748
SRR23329748.20155	1474	53.87	30.95	SRR23329748
SRR23329748.20156	1412	56.80	93.00	SRR23329748
SRR23329748.20157	1463	56.19	78.91	SRR23329748
SRR23329748.20158	1459	52.57	92.94	SRR23329748
SRR23329748.20159	1445	57.85	46.60	SRR23329748
SRR23329748.20160	1436	49.44	93.00	SRR23329748
SRR23329748.20161	1482	53.98	26.61	SRR23329748
SRR23329748.20162	1407	56.65	80.24	SRR23329748
SRR23329748.20163	1488	49.33	40.67	SRR23329748
SRR23329748.20164	1411	55.21	28.79	SRR23329748
SRR23329748.20165	1474	54.14	32.97	SRR23329748
SRR23329748.20166	1463	56.19	38.65	SRR23329748
SRR23329748.20167	1475	53.90	49.12	SRR23329748
SRR23329748.20168	1407	55.51	47.47	SRR23329748
SRR23329748.20169	1404	55.63	30.23	SRR23329748
SRR23329748.20170	1454	51.51	93.00	SRR23329748
SRR23329748.20171	1475	54.17	35.37	SRR23329748
SRR23329748.20172	1477	53.96	76.59	SRR23329748
SRR23329748.20173	1477	52.88	39.42	SRR23329748
SRR23329748.20174	1445	58.27	48.35	SRR23329748
SRR23329748.20175	1407	55.58	92.81	SRR23329748
SRR23329748.20176	1401	44.04	37.81	SRR23329748
SRR23329748.20177	1474	54.07	93.00	SRR23329748
SRR23329748.20178	1436	58.77	21.59	SRR23329748
SRR23329748.20179	1446	56.29	41.03	SRR23329748
SRR23329748.20180	1475	53.90	93.00	SRR23329748
SRR23329748.20181	1439	56.64	33.64	SRR23329748
SRR23329748.20182	1446	54.98	31.23	SRR23329748
SRR23329748.20183	1407	56.57	54.67	SRR23329748
SRR23329748.20184	1461	55.85	33.05	SRR23329748
SRR23329748.20185	1458	58.23	22.54	SRR23329748
SRR23329748.20186	1474	53.73	27.33	SRR23329748
SRR23329748.20187	1475	54.10	91.96	SRR23329748
SRR23329748.20188	1475	53.97	66.50	SRR23329748
SRR23329748.20189	1474	53.93	21.28	SRR23329748
SRR23329748.20190	1479	58.89	66.69	SRR23329748
SRR23329748.20191	1475	54.10	87.32	SRR23329748
SRR23329748.20192	1484	55.59	35.51	SRR23329748
SRR23329748.20193	1475	49.56	25.46	SRR23329748
SRR23329748.20194	1473	54.31	31.78	SRR23329748
SRR23329748.20195	1490	53.96	31.91	SRR23329748
SRR23329748.20196	1457	52.85	39.41	SRR23329748
SRR23329748.20197	1470	52.52	29.40	SRR23329748
SRR23329748.20198	1478	53.79	35.69	SRR23329748
SRR23329748.20199	1407	56.65	45.21	SRR23329748
SRR23329748.20200	1458	57.27	40.29	SRR23329748
SRR23329748.20201	1475	54.24	75.81	SRR23329748
SRR23329748.20202	1488	49.33	93.00	SRR23329748
SRR23329748.20204	1412	56.80	93.00	SRR23329748
SRR23329748.20206	1437	56.44	24.75	SRR23329748
SRR23329748.20207	1443	50.52	52.35	SRR23329748
SRR23329748.20208	1475	54.17	51.69	SRR23329748
SRR23329748.20209	1451	50.38	72.13	SRR23329748
SRR23329748.20210	1475	53.83	35.25	SRR23329748
SRR23329748.20211	1409	55.71	23.42	SRR23329748
SRR23329748.20212	1408	55.82	92.80	SRR23329748
SRR23329748.20215	1478	54.13	32.33	SRR23329748
SRR23329748.20216	1429	57.52	38.98	SRR23329748
SRR23329748.20217	1407	55.65	90.23	SRR23329748
SRR23329748.20219	1554	55.98	47.91	SRR23329748
SRR23329748.20220	1445	58.55	30.15	SRR23329748
SRR23329748.20222	1390	56.47	33.78	SRR23329748
SRR23329748.20223	1481	49.36	93.00	SRR23329748
SRR23329748.20224	1475	54.24	92.82	SRR23329748
SRR23329748.20225	1407	56.57	35.72	SRR23329748
SRR23329748.20226	1164	46.48	43.97	SRR23329748
SRR23329748.20227	1477	54.10	22.82	SRR23329748
SRR23329748.20228	1452	56.06	93.00	SRR23329748
SRR23329748.20229	1467	49.49	72.60	SRR23329748
SRR23329748.20230	1459	52.57	30.88	SRR23329748
SRR23329748.20231	1302	57.07	93.00	SRR23329748
SRR23329748.20232	1475	53.90	37.52	SRR23329748
SRR23329748.20233	1385	55.45	89.26	SRR23329748
SRR23329748.20234	1488	49.19	31.40	SRR23329748
SRR23329748.20235	1385	55.45	92.88	SRR23329748
SRR23329748.20236	1448	55.18	32.54	SRR23329748
SRR23329748.20238	1434	55.51	39.57	SRR23329748
SRR23329748.20239	1408	56.68	27.45	SRR23329748
SRR23329748.20241	1455	53.61	93.00	SRR23329748
SRR23329748.20242	1460	55.89	55.46	SRR23329748
SRR23329748.20243	1437	49.34	36.52	SRR23329748
SRR23329748.20244	1473	51.39	93.00	SRR23329748
SRR23329748.20245	1473	51.32	32.66	SRR23329748
SRR23329748.20246	1475	53.83	56.53	SRR23329748
SRR23329748.20247	1413	57.68	56.50	SRR23329748
SRR23329748.20250	1460	55.00	93.00	SRR23329748
SRR23329748.20251	1452	51.65	28.59	SRR23329748
SRR23329748.20252	1478	53.92	26.79	SRR23329748
SRR23329748.20253	1407	56.65	36.57	SRR23329748
SRR23329748.20254	1446	58.23	29.70	SRR23329748
SRR23329748.20255	1420	55.49	38.57	SRR23329748
SRR23329748.20256	1448	55.52	22.89	SRR23329748
SRR23329748.20257	1447	57.50	92.81	SRR23329748
SRR23329748.20258	1451	58.03	47.37	SRR23329748
SRR23329748.20259	1453	49.00	28.69	SRR23329748
SRR23329748.20260	1405	56.58	28.37	SRR23329748
SRR23329748.20261	1475	53.97	64.68	SRR23329748
SRR23329748.20262	1412	56.80	93.00	SRR23329748
SRR23329748.20263	1448	55.80	33.33	SRR23329748
SRR23329748.20264	1421	53.20	21.09	SRR23329748
SRR23329748.20265	1445	57.85	87.91	SRR23329748
SRR23329748.20266	1407	55.58	41.42	SRR23329748
SRR23329748.20267	1412	56.80	76.17	SRR23329748
SRR23329748.20268	1411	54.50	54.63	SRR23329748
SRR23329748.20269	1448	54.83	38.61	SRR23329748
SRR23329748.20270	1475	53.97	93.00	SRR23329748
SRR23329748.20271	1481	49.36	25.75	SRR23329748
SRR23329748.20272	1406	55.97	34.33	SRR23329748
SRR23329748.20273	1408	56.18	36.28	SRR23329748
SRR23329748.20274	1472	51.29	28.72	SRR23329748
SRR23329748.20276	1410	56.74	24.44	SRR23329748
SRR23329748.20277	1416	56.50	28.04	SRR23329748
SRR23329748.20278	1407	56.65	35.09	SRR23329748
SRR23329748.20280	1407	56.15	45.48	SRR23329748
SRR23329748.20281	1438	57.93	40.33	SRR23329748
SRR23329748.20282	1409	55.50	21.73	SRR23329748
SRR23329748.20283	1475	53.97	55.88	SRR23329748
SRR23329748.20284	1439	58.44	27.54	SRR23329748
SRR23329748.20285	1407	55.65	84.17	SRR23329748
SRR23329748.20286	1446	55.60	92.85	SRR23329748
SRR23329748.20287	1454	51.79	28.09	SRR23329748
SRR23329748.20288	1415	56.89	27.12	SRR23329748
SRR23329748.20289	1408	55.82	82.84	SRR23329748
SRR23329748.20290	1474	53.93	50.47	SRR23329748
SRR23329748.20291	1412	56.80	93.00	SRR23329748
SRR23329748.20292	1481	49.49	41.95	SRR23329748
SRR23329748.20293	1412	55.67	26.60	SRR23329748
SRR23329748.20294	1459	58.94	33.03	SRR23329748
SRR23329748.20295	1484	55.59	35.62	SRR23329748
SRR23329748.20296	1408	56.68	72.14	SRR23329748
SRR23329748.20297	1411	55.63	58.35	SRR23329748
SRR23329748.20298	1385	55.60	39.77	SRR23329748
SRR23329748.20299	1481	49.36	93.00	SRR23329748
SRR23329748.20300	1407	55.58	75.61	SRR23329748
SRR23329748.20301	1438	53.34	24.49	SRR23329748
SRR23329748.20302	1407	54.44	29.87	SRR23329748
SRR23329748.20303	1442	57.84	92.92	SRR23329748
SRR23329748.20304	1441	50.52	30.49	SRR23329748
SRR23329748.20305	1387	56.09	57.31	SRR23329748
SRR23329748.20306	1413	55.56	91.92	SRR23329748
SRR23329748.20307	1408	55.75	66.05	SRR23329748
SRR23329748.20308	1446	58.78	93.00	SRR23329748
SRR23329748.20309	1460	55.96	90.28	SRR23329748
SRR23329748.20310	1474	53.93	52.62	SRR23329748
SRR23329748.20311	1489	53.93	93.00	SRR23329748
SRR23329748.20312	1488	49.33	66.76	SRR23329748
SRR23329748.20313	1424	52.67	93.00	SRR23329748
SRR23329748.20314	1445	58.55	41.46	SRR23329748
SRR23329748.20315	1437	58.46	37.38	SRR23329748
SRR23329748.20317	1407	55.65	91.06	SRR23329748
SRR23329748.20318	1475	53.97	93.00	SRR23329748
SRR23329748.20319	1472	51.29	46.24	SRR23329748
SRR23329748.20320	1407	56.57	93.00	SRR23329748
SRR23329748.20321	1452	56.68	28.08	SRR23329748
SRR23329748.20322	1470	52.31	41.50	SRR23329748
SRR23329748.20323	1443	58.49	37.47	SRR23329748
SRR23329748.20325	1436	56.89	34.82	SRR23329748
SRR23329748.20328	1486	54.10	53.60	SRR23329748
SRR23329748.20329	1475	53.90	40.23	SRR23329748
SRR23329748.20331	1202	54.66	27.57	SRR23329748
SRR23329748.20332	1478	51.15	21.00	SRR23329748
SRR23329748.20333	1484	55.59	84.11	SRR23329748
SRR23329748.20334	1436	58.50	31.74	SRR23329748
SRR23329748.20335	1475	53.90	48.64	SRR23329748
SRR23329748.20336	1454	56.46	30.35	SRR23329748
SRR23329748.20337	1481	49.56	93.00	SRR23329748
SRR23329748.20338	1412	52.83	31.62	SRR23329748
SRR23329748.20339	1412	56.73	93.00	SRR23329748
SRR23329748.20340	1472	51.29	91.13	SRR23329748
SRR23329748.20343	1446	55.60	47.58	SRR23329748
SRR23329748.20344	1476	53.93	47.78	SRR23329748
SRR23329748.20345	1460	52.95	92.99	SRR23329748
SRR23329748.20346	1444	56.37	93.00	SRR23329748
SRR23329748.20347	1444	58.86	38.91	SRR23329748
SRR23329748.20348	1442	60.47	80.07	SRR23329748
SRR23329748.20349	1412	56.80	77.29	SRR23329748
SRR23329748.20350	1469	54.12	28.96	SRR23329748
SRR23329748.20351	1486	54.17	33.50	SRR23329748
SRR23329748.20352	1439	59.56	64.56	SRR23329748
SRR23329748.20353	1411	54.50	89.87	SRR23329748
SRR23329748.20354	1458	53.70	93.00	SRR23329748
SRR23329748.20355	1476	54.20	27.56	SRR23329748
SRR23329748.20356	1488	49.33	35.63	SRR23329748
SRR23329748.20357	1407	55.58	86.74	SRR23329748
SRR23329748.20358	1412	55.81	73.08	SRR23329748
SRR23329748.20359	1386	54.55	35.32	SRR23329748
SRR23329748.20361	1475	53.97	72.82	SRR23329748
SRR23329748.20362	1445	60.28	90.65	SRR23329748
SRR23329748.20363	1407	56.01	45.31	SRR23329748
SRR23329748.20364	1407	55.72	34.05	SRR23329748
SRR23329748.20365	1487	49.29	36.03	SRR23329748
SRR23329748.20366	1456	51.72	22.23	SRR23329748
SRR23329748.20367	1407	52.59	79.74	SRR23329748
SRR23329748.20368	1383	55.82	51.73	SRR23329748
SRR23329748.20369	1407	56.65	93.00	SRR23329748
SRR23329748.20370	1409	54.72	35.44	SRR23329748
SRR23329748.20371	1446	55.46	30.16	SRR23329748
SRR23329748.20372	1383	55.17	48.59	SRR23329748
SRR23329748.20373	1402	56.63	30.35	SRR23329748
SRR23329748.20374	1403	56.02	92.97	SRR23329748
SRR23329748.20375	1473	51.26	58.25	SRR23329748
SRR23329748.20376	1454	51.79	38.62	SRR23329748
SRR23329748.20377	1409	54.79	93.00	SRR23329748
SRR23329748.20378	1435	55.54	29.57	SRR23329748
SRR23329748.20379	1407	55.93	93.00	SRR23329748
SRR23329748.20380	1489	49.36	26.75	SRR23329748
SRR23329748.20381	1405	55.73	33.24	SRR23329748
SRR23329748.20382	1460	52.67	93.00	SRR23329748
SRR23329748.20383	1474	54.34	32.27	SRR23329748
SRR23329748.20384	1488	53.97	35.62	SRR23329748
SRR23329748.20386	1475	53.97	66.68	SRR23329748
SRR23329748.20388	1471	51.12	28.37	SRR23329748
SRR23329748.20389	1447	56.19	86.92	SRR23329748
SRR23329748.20390	1407	55.65	69.55	SRR23329748
SRR23329748.20391	1427	44.92	24.59	SRR23329748
SRR23329748.20392	1407	55.72	35.06	SRR23329748
SRR23329748.20393	1475	54.10	38.65	SRR23329748
SRR23329748.20394	1458	52.47	23.07	SRR23329748
SRR23329748.20395	1447	58.74	92.80	SRR23329748
SRR23329748.20396	1406	55.62	36.94	SRR23329748
SRR23329748.20397	1472	51.56	20.18	SRR23329748
SRR23329748.20398	1444	58.93	28.60	SRR23329748
SRR23329748.20399	1439	56.71	39.06	SRR23329748
SRR23329748.20401	1411	55.63	52.15	SRR23329748
SRR23329748.20402	1411	54.57	93.00	SRR23329748
SRR23329748.20403	1409	54.44	22.90	SRR23329748
SRR23329748.20404	1468	53.75	24.04	SRR23329748
SRR23329748.20405	1406	56.26	26.16	SRR23329748
SRR23329748.20406	1428	56.23	21.93	SRR23329748
SRR23329748.20407	1436	49.44	72.19	SRR23329748
SRR23329748.20408	1450	57.72	34.17	SRR23329748
SRR23329748.20409	739	40.19	92.95	SRR23329748
SRR23329748.20410	1443	58.00	93.00	SRR23329748
SRR23329748.20412	1407	56.08	45.48	SRR23329748
SRR23329748.20413	1408	55.75	93.00	SRR23329748
SRR23329748.20414	1442	60.40	26.53	SRR23329748
SRR23329748.20415	1475	53.97	30.52	SRR23329748
SRR23329748.20416	1407	56.65	69.39	SRR23329748
SRR23329748.20417	1406	56.19	92.85	SRR23329748
SRR23329748.20419	1435	58.54	30.43	SRR23329748
SRR23329748.20420	1447	55.56	24.33	SRR23329748
SRR23329748.20421	1484	53.23	40.59	SRR23329748
SRR23329748.20422	1480	49.39	34.67	SRR23329748
SRR23329748.20423	1412	56.80	50.84	SRR23329748
SRR23329748.20424	1408	55.75	46.93	SRR23329748
SRR23329748.20425	1475	53.97	93.00	SRR23329748
SRR23329748.20426	1413	55.84	37.46	SRR23329748
SRR23329748.20427	1488	49.33	50.79	SRR23329748
SRR23329748.20428	1472	55.43	26.63	SRR23329748
SRR23329748.20429	1412	56.80	41.00	SRR23329748
SRR23329748.20430	1411	53.01	36.31	SRR23329748
SRR23329748.20431	1465	52.49	24.81	SRR23329748
SRR23329748.20433	1445	55.57	29.47	SRR23329748
SRR23329748.20434	1411	54.50	91.81	SRR23329748
SRR23329748.20436	1473	51.39	93.00	SRR23329748
SRR23329748.20437	1404	55.98	21.75	SRR23329748
SRR23329748.20438	1458	53.22	56.30	SRR23329748
SRR23329748.20439	1481	49.43	71.67	SRR23329748
SRR23329748.20440	1473	51.32	92.98	SRR23329748
SRR23329748.20441	1447	55.91	93.00	SRR23329748
SRR23329748.20442	1407	55.86	87.43	SRR23329748
SRR23329748.20443	1412	56.80	92.09	SRR23329748
SRR23329748.20444	1460	55.89	34.53	SRR23329748
SRR23329748.20445	1412	55.81	92.97	SRR23329748
SRR23329748.20446	1447	55.15	40.72	SRR23329748
SRR23329748.20447	1488	49.40	92.32	SRR23329748
SRR23329748.20448	1444	59.00	51.16	SRR23329748
SRR23329748.20449	1407	56.08	33.17	SRR23329748
SRR23329748.20450	1474	54.34	93.00	SRR23329748
SRR23329748.20451	1410	56.45	24.42	SRR23329748
SRR23329748.20453	1446	55.60	53.41	SRR23329748
SRR23329748.20454	1386	54.33	21.86	SRR23329748
SRR23329748.20456	1412	56.80	45.35	SRR23329748
SRR23329748.20457	1475	51.39	93.00	SRR23329748
SRR23329748.20458	1407	56.65	92.93	SRR23329748
SRR23329748.20459	1410	54.40	63.63	SRR23329748
SRR23329748.20460	1478	53.92	30.47	SRR23329748
SRR23329748.20461	1467	57.53	32.51	SRR23329748
SRR23329748.20462	1448	53.04	24.47	SRR23329748
SRR23329748.20463	1407	55.93	35.05	SRR23329748
SRR23329748.20464	1403	56.31	63.45	SRR23329748
SRR23329748.20465	1412	56.80	33.98	SRR23329748
SRR23329748.20466	1450	55.31	41.14	SRR23329748
SRR23329748.20467	1468	53.81	24.22	SRR23329748
SRR23329748.20468	1407	56.01	43.60	SRR23329748
SRR23329748.20469	1488	49.33	92.82	SRR23329748
SRR23329748.20470	1488	49.40	88.41	SRR23329748
SRR23329748.20471	1488	49.33	93.00	SRR23329748
SRR23329748.20472	1418	57.33	93.00	SRR23329748
SRR23329748.20473	1407	56.65	93.00	SRR23329748
SRR23329748.20474	1475	54.24	84.09	SRR23329748
SRR23329748.20475	1409	54.44	28.79	SRR23329748
SRR23329748.20476	1471	53.84	26.28	SRR23329748
SRR23329748.20477	1437	58.52	93.00	SRR23329748
SRR23329748.20478	1473	51.32	66.63	SRR23329748
SRR23329748.20479	1460	53.42	26.22	SRR23329748
SRR23329748.20480	1488	49.33	93.00	SRR23329748
SRR23329748.20481	1403	56.09	33.27	SRR23329748
SRR23329748.20482	1445	53.15	44.76	SRR23329748
SRR23329748.20484	1384	54.99	21.63	SRR23329748
SRR23329748.20485	1407	56.65	40.73	SRR23329748
SRR23329748.20486	1458	56.58	30.35	SRR23329748
SRR23329748.20487	1488	49.26	41.71	SRR23329748
SRR23329748.20488	1459	57.51	30.78	SRR23329748
SRR23329748.20489	1458	52.40	27.66	SRR23329748
SRR23329748.20490	1467	49.35	93.00	SRR23329748
SRR23329748.20491	1442	59.71	26.25	SRR23329748
SRR23329748.20493	1416	55.93	20.48	SRR23329748
SRR23329748.20495	1411	55.56	22.40	SRR23329748
SRR23329748.20496	1420	58.17	27.62	SRR23329748
SRR23329748.20497	1451	58.03	71.49	SRR23329748
SRR23329748.20498	1468	52.66	22.18	SRR23329748
SRR23329748.20499	1488	49.33	41.03	SRR23329748
SRR23329748.20500	1458	56.86	93.00	SRR23329748
SRR23329748.20501	1462	51.78	23.67	SRR23329748
SRR23329748.20502	1475	53.97	92.97	SRR23329748
SRR23329748.20504	1467	49.49	61.45	SRR23329748
SRR23329748.20505	1407	56.08	59.42	SRR23329748
SRR23329748.20506	1448	54.90	35.47	SRR23329748
SRR23329748.20507	1452	56.06	45.09	SRR23329748
SRR23329748.20508	1411	54.71	50.19	SRR23329748
SRR23329748.20509	1488	49.33	93.00	SRR23329748
SRR23329748.20510	1449	56.52	52.55	SRR23329748
SRR23329748.20511	1433	59.11	31.83	SRR23329748
SRR23329748.20512	1411	55.92	91.06	SRR23329748
SRR23329748.20513	1444	58.93	61.38	SRR23329748
SRR23329748.20515	1456	58.93	32.82	SRR23329748
SRR23329748.20516	1410	55.89	24.61	SRR23329748
SRR23329748.20517	1436	56.89	46.99	SRR23329748
SRR23329748.20518	1454	51.79	93.00	SRR23329748
SRR23329748.20519	1412	56.02	24.32	SRR23329748
SRR23329748.20520	1460	56.10	92.58	SRR23329748
SRR23329748.20521	1407	55.65	93.00	SRR23329748
SRR23329748.20522	1454	51.79	50.97	SRR23329748
SRR23329748.20523	1475	53.97	76.24	SRR23329748
SRR23329748.20524	1408	55.82	37.40	SRR23329748
SRR23329748.20525	1460	56.16	93.00	SRR23329748
SRR23329748.20526	1445	55.64	36.64	SRR23329748
SRR23329748.20527	1437	58.52	60.52	SRR23329748
SRR23329748.20528	1473	54.24	34.72	SRR23329748
SRR23329748.20529	1415	56.75	27.51	SRR23329748
SRR23329748.20530	1407	55.72	92.97	SRR23329748
SRR23329748.20531	1454	51.79	46.63	SRR23329748
SRR23329748.20532	1401	50.39	32.20	SRR23329748
SRR23329748.20533	1407	55.79	32.28	SRR23329748
SRR23329748.20534	1407	56.57	60.94	SRR23329748
SRR23329748.20535	1472	49.52	26.17	SRR23329748
SRR23329748.20536	1407	55.65	82.91	SRR23329748
SRR23329748.20537	1407	56.22	22.64	SRR23329748
SRR23329748.20538	1407	55.72	53.34	SRR23329748
SRR23329748.20539	1525	53.38	37.50	SRR23329748
SRR23329748.20540	1407	56.65	92.54	SRR23329748
SRR23329748.20541	1714	46.97	36.24	SRR23329748
SRR23329748.20542	1437	58.52	82.20	SRR23329748
SRR23329748.20543	1445	57.85	81.65	SRR23329748
SRR23329748.20544	1467	57.33	92.79	SRR23329748
SRR23329748.20546	1445	56.40	21.93	SRR23329748
SRR23329748.20547	1488	49.33	55.76	SRR23329748
SRR23329748.20548	1420	56.83	30.08	SRR23329748
SRR23329748.20549	1411	55.71	34.93	SRR23329748
SRR23329748.20550	1445	55.09	32.35	SRR23329748
SRR23329748.20551	1488	49.26	29.22	SRR23329748
SRR23329748.20552	1407	55.65	93.00	SRR23329748
SRR23329748.20553	1496	49.47	22.56	SRR23329748
SRR23329748.20554	1487	49.50	23.69	SRR23329748
SRR23329748.20556	1399	55.75	24.24	SRR23329748
SRR23329748.20557	1481	49.43	93.00	SRR23329748
SRR23329748.20558	1488	55.65	22.26	SRR23329748
SRR23329748.20559	1478	54.19	28.72	SRR23329748
SRR23329748.20560	1474	51.22	29.85	SRR23329748
SRR23329748.20561	1488	49.33	93.00	SRR23329748
SRR23329748.20562	1437	49.41	33.04	SRR23329748
SRR23329748.20563	1440	56.67	20.32	SRR23329748
SRR23329748.20564	1470	52.72	53.39	SRR23329748
SRR23329748.20565	1459	57.57	66.45	SRR23329748
SRR23329748.20566	1458	58.23	93.00	SRR23329748
SRR23329748.20567	1411	54.43	75.38	SRR23329748
SRR23329748.20568	1383	54.88	50.82	SRR23329748
SRR23329748.20569	1454	51.79	37.54	SRR23329748
SRR23329748.20570	1488	49.33	43.51	SRR23329748
SRR23329748.20571	1479	49.36	33.39	SRR23329748
SRR23329748.20572	1431	57.51	93.00	SRR23329748
SRR23329748.20573	1408	56.68	34.48	SRR23329748
SRR23329748.20575	1484	55.46	58.90	SRR23329748
SRR23329748.20576	1505	49.77	21.03	SRR23329748
SRR23329748.20577	1458	57.61	31.93	SRR23329748
SRR23329748.20578	1489	53.93	43.13	SRR23329748
SRR23329748.20579	1410	56.67	32.81	SRR23329748
SRR23329748.20580	1402	44.08	35.64	SRR23329748
SRR23329748.20582	1407	56.43	33.03	SRR23329748
SRR23329748.20583	1407	55.65	87.51	SRR23329748
SRR23329748.20584	1407	56.01	69.67	SRR23329748
SRR23329748.20585	1458	57.48	34.60	SRR23329748
SRR23329748.20586	1488	53.36	28.50	SRR23329748
